12859
1048
19069
19799
25844
5915000
18798
32027
21345000
18729000
22722
1833
5276
20935
7032
26064
20426
14679
16128
32019
21487
24983000
29098
1872
25095
30572
7519
13599
23890000
12766
14991
1149
21999
611
20330
4906
8620000
6752
28499
28751
30493
27117
20113
12644
16107
31705
15944000
20049
3951
21229
9384
2259
1663
11381
17765000
25378
30088
19453
28263
27089
5085
13401
23746
21749000
11087
29160
28136
17545
29438
23065
28958
7185
3183000
25645
11564
16766
22238
32575
28249
17234
3285
2434
12438
10756
24573
19659
14842
30886
1845
9295
14702
8389
29409
12205
15786
28049
7044
14127
6240
10813
7826
9548
438
1961
7551
14706
4090
1343
4892
22531
22417
24859
4899
7070
18225
21358
10256
2975
5201
6436
17203
7145
19421
4548
29444
23011
23341
29848
21430
27328
9528
24847
28175
16132
30725
20063
30838
8003
30307
7790
11854
30252
18906
22515
12674
31687
12513
19416
10849
9723
15697
10724
6573
595
22298
18582
4334
23810
22325
9300
17676
22820
20186
22981
12061
24134
20210
8059
12156
32553
17359
725
26395
15811
14619
27683
15130
20615
6670
11788
13976
19686
16868
9261
16073
23318
28815
9475
19784
22290
30633
19211
9391
738
13228
22823
13158
11804
9573
15940
6328
30379
16294
31802
32812
1743
15676
30195
18194
29797
4896
26832
8284
9577
21234
5448
10927
23993
4514
23251
11450
23067
9841
19206
27591
7298
22040
30719
20623
19853
15942
515
20051
22353
5456
10342
16424
7512
4644
25003
12435
30185
4224
16109
16213
18570
17761
7806
6536
30148
6077
29133
14315
27686
29044
6797
22395
3725
7301
8979
24643
20386
32893
22016
11892
9891
21558
31009
29112
16743
6077
12179
5828
6044
27284
18219
28460
17236
4634
29972
2940
17088
17479
17850
31620
1850
2716
17383
26867
30089
20826
6956
16424
15201
30451
14723
23364
7722
28606
13362
25476
9986
20974
29683
23758
20485
24005
27729
3977
5836
22021
25173
17586
6195
15528
1634
2092
6496
18384
25950
25944
8705
8961
29970
20966
3028
20622
16340
15083
11117
16209
29539
26675
30260
26783
22290
10712
18861
2683
27945
1043
14332
21002
17288
19795
32168
2632
14221
29324
1183
8952
12600
21970
6266
9185
6541
31526
12291
24631
4154
30608
28660
32344
9338
22126
19202
10169
5433
26891
25370
29983
23673
13427
4075
27410
2548
29062
11940
6798
12547
21324
7935
14845
28094
1928
4478
19042
17765
9616
2804
7383
26111
32603
16712
19513
2368
2268
13686
32546
32432
18830
11990
1559
8458
3153
31649
10755
15074
16756
6833
16100
7819
18195
12936
20165
30008
2979
31124
28908
2401
16075
29618
8532
4201
1141
10480
11358
14205
24102
14743
707
30655
16010
29545
2509
30116
31572
19495
15303
28570
4421
25942
11442
32751
28297
32067
18233
13806
14154
28997
21991
19019
14464
13634
11416
29377
32006
25716
1581
6393
14579
20333
27268
30894
32551
11097
12456
26895
29988
18052
28996
21860
31008
26140
32094
10485
28248
12599
11585
12839
9126
19735
7099
16617
2134
3757
8585
1102
9014
25949
9488
27515
32748
25345
4686
3524
1676
1328
3855
24082
29034
9152
16228
11656
21805
10377
11857
16742
28453
29804
11974
32813
11743
5525
18640
31236
10230
13052
1809
20570
29995
20786
14446
16589
7608
21594
31239
22346
5090
25461
7532
2934
27598
4324
16142
19789
17813
27687
8435
17673
7578
24811
7598
19014
30492
1860
18319
22115
5383
18743
2071
30251
13584
33147
21422
32437
33024
30592
17816
2440
10832
23729
14374
31747
25591
12023
11561
7677
11904
9342
6828
936
10847
1211
28643
20155
25733
4782
26206
2768
20786
27748
29570
10506
26891
961
28218
24316
7276
5244
15594
27846
4351
15211
8101
3713
23950
4865
27295
7390
14357
30997
17637
8457
18972
25060
16203
24532
8003
23642
22438
8209
25119
11149
15420
12351
23364
6539
25465
28522
26275
26453
19428
23884
21271
32299
30801
30136
24634
17930
31831
23353
20093
17780
11524
5366
13688
28271
18896
25560
5246
15568
12752
29423
20853
2489
31020
26386
6628
14433
29395
4550
23118
8211
33389
19298
16319
22394
19090
14448
30628
17691
2873
32341
8671
6435
17523
11061
10523
5219
29017
21777
30045
16537
28482
13362
11484
32241
25914
15563
30483
2507
16304
31706
30228
25279
5231
15183
27167
11742
720
12656
13171
33083
25645
16252
9828
14251
24728
910
26030
12744
15309
16837
14089
10300
28262
26786
1534
29500
24398
13489
2296
27474
20856
14188
15518
18272
22993
17756
10592
7138
29043
3969
10064
24435
30747
27636
5172
6291
15069
4555
12249
6311
21270
19517
4778
26689
29091
26887
29312
18594
27216
26125
10684
28285
5011
8773
13460
23038
20091
5585
6314
28683
19171
21867
27363
14538
23531
25862
26486
26467
28841
7602
20547
3847
1307
10945
1383
10545
8032
25128
3085
20779
11560
31784
30598
22741
21866
28205
26781
6818
4693
27894
5924
11491
10120
23030
6611
23112
18565
8186
24659
931
867
17165
5013
20208
17348
10136
20584
18323
33287
21710
28747
21472
29375
13895
21631
9184
19043
8427
26465
32082
26951
7954
18423
2289
970
18410
21449
1269
6865
9752
33522
32988
22645
29090
19062
1642
9465
8460
30934
21487
2047
5569
16610
3016
10747
26549
26319
32040
2535
5193
17289
27161
15161
5231
4682
28349
16402
7694
15468
28122
21432
5288
6012
9877
14662
27962
18831
22398
25250
2403
18393
4813
944
19913
9083
10219
26053
30649
6301
17973
3935
30221
5053
15612
5139
18771
8518
31952
8390
12075
31589
15870
6176
7409
10776
28759
21310
19868
27016
22579
23207
26342
19096
31926
11138
31150
16830
19282
23814
24986
6162
5261
14897
18432
29348
17925
9149
19975
25619
1457
20048
8713
15451
4713
12531
1084
2799
3497
14277
32402
1800
4754
3824
21469
21052
15921
6621
27191
18770
3332
27300
13473
22357
12730
19911
24554
32487
18747
15903
18131
3544
4072
21782
29040
12023
31780
2839
9169
20008
25107
23619
16354
33463
1185
9574
32400
29676
14279
19753
17453
27616
30730
3465
5142
3214
6980
29063
26515
23341
32422
23329
27646
5566
22014
9602
27688
1761
32822
14198
26872
19436
1309
6688
9557
16702
8299
26607
10566
2257
32255
10190
32856
24335
2922
26779
14145
12775
33457
12507
23746
11807
4687
5804
2514
14060
18042
5114
13560
31680
6055
27382
21753
8291
16976
11972
5811
11077
19445
17524
10825
11795
22881
28724
27520
23688
14894
17092
26985
1414
19851
31530
4417
8805
9277
12454
32917
28811
33764
22760
17065
18748
12160
32385
32027
11188
6451
15256
20420
11635
24905
19678
27615
17625
18037
20676
9837
8690
27485
1771
2520
2451
5465
9179
10966
26278
18552
3321
17552
1474
25797
4275
24580
12031
10440
28414
2727
4616
15695
17922
24655
14449
11886
14099
27729
29259
30148
22500
9702
28918
31232
17399
3028
33847
10148
25176
9034
11658
1801
13195
24075
32186
29603
15299
11214
28846
22663
23893
15077
15238
5674
14187
11294
16615
30060
23805
15847
8082
19413
30717
12981
3900
13598
11474
30374
32666
1523
21000
18533
11707
23543
20550
26958
9114
28425
16000
6354
22004
1990
3693
24349
21591
16206
23868
27383
16252
27723
15491
1768
31190
24880
1912
27040
18027
24511
6243
26005
18915
26062
29267
15342
8670
14154
13072
5792
1675
18812
24914
28119
10871
29579
27440
23703
19618
2115
26843
10403
12504
15636
30604
33182
29246
33374
16571
15216
25644
12524
33170
2027
30010
12478
9889
29615
18590
32011
20435
10826
31157
10630
20641
17828
15839
19681
32901
11419
22672
29839
28594
17642
5540
1487
21506
31823
15859
12262
16944
27885
14886
21419
1863
8431
22473
33865
13914
14702
25761
1345
15990
31892
5183
27054
7381
3842
25557
14541
32596
23664
28745
15292
27431
29587
29320
22658
15308
22852
22045
7760
3645
5854
7682
26375
27754
2024
2997
12793
19686
10996
15503
7156
15073
31174
12626
6269
14934
3257
29697
20569
15493
3423
20468
18770
14500
15464
20523
15159
15570
3781
30691
13861
2892
9741
26983
32261
6115
10271
28457
16214
31150
14857
6929
33069
9468
8744
28693
30841
33164
21905
18954
8332
12545
29872
30649
15575
6544
31535
15158
10229
2300
10009
9325
5100
33732
23360
31230
8111
5275
32988
9291
26087
12312
11380
20174
26866
32943
2562
13233
32812
12000
21586
17816
10862
31150
23467
11202
27093
13139
24497
17488
3269
30258
16522
8420
2093
9741
19264
12654
18188
4472
9574
4419
4916
18317
7167
10864
31566
30178
22939
9037
23070
25272
18371
19029
25352
22389
8087
29748
22483
3925
28086
32802
19374
32348
3422
30320
6000
33935
24277
30048
25380
24931
15623
24634
26821
31606
30320
33948
21574
20605
19772
10770
25813
8573
17069
16358
13153
12095
12734
7482
16986
6910
32006
1875
15032
16226
21470
29240
31294
5554
21190
12156
22272
31557
33541
32600
15395
27449
32144
14333
33764
32872
13613
30503
13019
21400
11224
4598
30849
2546
5990
14074
6385
10166
14696
30348
9195
31532
28242
9573
7454
13278
14301
19817
31143
31236
18089
8388
5845
6720
18215
9016
3631
6539
30134
32181
2744
17775
15884
12331
33649
5240
27096
5532
32544
27365
8869
28277
17744
6050
19202
25886
8345
7547
29408
16592
5665
7306
27451
15015
13923
28657
15613
10488
27439
21455
1823
29924
26354
10092
2065
3629
6456
8119
22108
20809
19567
32243
3206
5045
20718
7853
27701
19084
22838
29937
15512
32600
27511
17853
26627
1832
3158
14262
7385
12259
1773
2842
30127
22491
30227
3574
27822
9125
29406
8345
7737
17961
3175
24136
7888
3829
27853
15923
26677
13015
20349
16552
8653
33450
11440
31879
18504
33904
15925
8438
30853
8865
16752
16213
25007
26051
6819
29045
8877
27707
15724
12292
5817
5219
32399
27980
21838
3292
13046
18462
26952
16166
16374
27400
33607
18541
32980
27598
11092
29862
9608
16152
13767
28635
28352
5225
32615
8643
27432
11856
13524
26518
6633
2786
10530
8223
5743
28775
32711
15891
12656
12884
11703
21665
6954
17018
5581
21066
33516
25212
17517
24051
20439
2438
3688
2617
22246
21052
5919
21252
12844
34033
33260
6495
7517
4634
21181
4487
31632
4354
16898
22337
27203
5823
1994
7281
34208
31076
25128
9705
16895
21368
23260
2687
32427
23463
4143
26722
13801
25784
34079
33966
28214
6591
15548
2365
20689
19092
9426
21697
2425
23683
5064
4367
21368
13125
24008
33726
22496
9775
17697
19697
16661
21930
18921
2161
10123
29923
7398
34047
15313
23492
14767
34280
20943
29986
27662
17113
12620
23864
17577
6645
20403
17492
16609
10277
22294
27088
10747
15279
7795
17220
28541
21771
30518
9210
32987
10738
29696
30882
27219
24247
3239
27463
14614
27098
17278
33666
27304
21979
12246
5870
27529
21836
4548
7643
26901
23850
21285
16455
31401
14701
6624
12042
26119
20446
20331
7504
33532
34089
16785
28236
33344
30771
16498
27435
7069
1965
24011
5447
26451
21994
12663
26782
26300
16109
18230
8834
32812
29895
6574
24722
29211
13856
16047
11240
33158
21267
10427
17556
26514
29759
8646
16713
17011
22554
25402
22359
3468
31369
28478
24281
25815
23214
3896
26416
6024
21249
7056
28592
19949
14243
28856
6296
18073
12015
13673
24648
28353
30801
22063
16558
23014
5467
23079
16642
23732
2325
29959
20403
20267
8597
31328
30881
14844
32720
5664
19340
29494
20912
28251
34508
28193
29287
4683
23107
17002
25858
23189
22161
11905
23873
7885
23686
6464
19110
25661
8413
22221
6604
27106
6183
13505
8186
13752
24325
4490
25848
1848
29338
33550
16161
21278
19776
20624
30138
11375
15226
17368
23938
16059
32043
5518
9098
15775
34565
30952
14919
28047
30787
2693
7398
10706
6299
9880
23775
3022
29294
27208
11725
6022
23875
25687
25469
4449
3187
14594
5701
24877
30245
15657
24983
9827
9853
19632
28885
25005
21265
24613
20071
22437
17053
9635
10508
4320
23799
8438
33645
6955
30533
5887
33272
28692
12397
18522
19179
9389
29133
16191
11439
18060
26669
13478
32360
2582
2289
20655
28362
11774
30611
19008
13614
14344
24401
10736
22757
28435
5411
13348
33484
13910
5616
15991
3360
11754
13569
29792
17812
15496
3766
20239
5537
26261
4984
17559
34078
5723
16110
29266
19216
14746
20340
18049
24771
22591
4553
27956
19226
2163
5383
33898
3619
25559
23257
23416
32494
25102
22504
16815
26528
15485
22678
10297
12739
16206
7663
6980
2784
11195
18140
22115
14160
3977
22938
30768
34639
13778
33131
6455
8786
5384
21644
18959
7323
24119
13926
15562
2826
4490
10760
7568
2358
15377
10453
24198
26044
17089
20858
31476
26839
24253
33572
30120
26929
11988
14575
5781
8953
33354
14753
11200
34102
16603
28568
20829
26971
5117
32001
34100
26907
13670
24651
2378
18046
34510
15579
22974
6709
22262
7170
14833
15403
30697
14892
7401
6748
2689
13402
27896
29162
9006
10706
30360
7789
11251
9748
31386
29579
10161
26385
11136
21706
15016
21400
6695
32673
7227
13841
21929
15317
22003
3949
17025
26115
29639
5725
27888
2168
2459
14018
23200
30281
12806
9573
8072
7329
27224
23529
14863
32341
28636
4350
31348
3518
33370
32983
31085
22727
12256
6621
25102
15173
3522
24997
4845
2951
33504
9759
23172
29998
34599
20241
21206
30271
31835
25540
8278
12919
33811
6398
6148
4319
30469
31535
4313
22432
24963
2287
25701
14871
10566
20904
25271
3372
16491
27792
15741
5600
2491
23515
11884
9766
21039
12334
23778
31732
33715
32854
18122
5785
29995
2362
12481
30289
31668
2574
24950
31255
8492
12490
11351
20410
9204
10971
3946
10803
9204
11800
26744
12854
8416
3575
34161
25863
11706
12545
5132
21903
32153
31363
13486
33711
11688
31879
13453
15828
28785
34306
13077
16588
32348
24911
13963
2520
28530
22236
29680
3842
25191
18468
20008
20912
5336
30429
20571
32634
20689
19570
10140
5433
21394
13747
24520
14432
4499
26316
26545
14992
31685
7027
8316
31590
10779
10086
31816
7320
3913
27413
28689
15424
6604
32923
15571
10615
26154
13555
21490
18214
26235
8553
23257
4377
9000
31054
4577
30549
30963
24560
8821
33708
30775
23242
6261
32142
18801
13303
2775
32802
15104
24813
14228
13973
23593
16743
5826
12979
18782
19107
10493
4532
3520
29390
34060
25432
15842
28861
26818
34614
12240
9181
20769
29776
29776
14445
24006
7916
30055
23530
33665
28831
24095
5579
21059
34475
12168
6255
21053
10891
9981
7764
15430
14539
22952
10121
4477
27165
10569
11110
22064
12970
30258
4730
29693
11174
12950
3269
34615
15143
15108
6183
7052
28215
6191
19225
7140
14631
3568
14235
31115
4647
7054
31341
20115
6676
20796
19074
32628
18321
7907
7346
8182
18521
32802
12207
8017
3284
10644
5178
32658
12776
6993
34199
7232
15633
15543
9790
17472
24244
25962
29907
10998
11952
30617
3416
29869
5943
28547
2722
25145
25052
3130
7177
24538
6892
30119
9060
31588
16130
33743
28469
34205
26326
2900
25888
25319
25942
21311
12450
20255
3064
6140
18943
6340
35150
16294
27004
5980
5595
9094
15055
24851
25381
4822
25812
33702
33035
29386
14721
17535
11609
8145
8732
11298
16794
29720
7083
24775
13101
5967
22445
5192
22939
31665
21767
35134
28456
11326
34113
29543
32680
20555
20978
14156
14740
34877
5753
19744
21853
34706
25070
19178
34560
4129
5465
23015
11739
12962
12833
6953
14015
30832
27847
16261
25670
23182
22483
22188
29031
10728
15119
6552
16967
19676
27380
13354
5970
30201
13410
21009
30347
14343
12436
29421
16160
6983
5458
18868
6978
6140
21864
11093
17459
6697
9560
20636
19617
29341
14412
28502
25906
22829
18766
28341
20320
25665
17595
15094
29319
6546
9717
31808
18236
31793
23897
13520
3297
15308
21105
2643
32118
26925
22122
16019
29618
21507
6856
6998
14163
30181
32856
21891
25522
3732
21094
11143
7322
21888
16945
17143
34138
25742
13980
35191
11801
16409
17446
7386
27498
8247
24860
32395
19489
24381
10766
5675
8548
12677
19071
18299
19717
2670
24032
8061
18959
21157
23744
23766
9118
21411
27197
22391
19956
31863
5566
2940
5578
25542
25828
19284
6628
11024
14781
23843
33512
10036
26939
34660
28016
29239
5605
20691
14942
19009
8909
30602
14704
25064
21186
25450
25108
34225
26566
6076
3709
15060
22211
26648
27894
15168
25465
29830
7030
29407
14523
12516
8565
25115
20699
31624
15359
35233
16995
34598
12295
17253
17669
7155
5885
11494
33493
29706
22947
34483
35254
14095
19740
11566
28946
22803
9797
3728
34767
24760
14153
16941
7806
22678
11120
9466
16853
28637
13624
8012
31071
3643
25255
30690
24178
24320
3039
22566
8034
6016
4083
26032
17140
31928
21497
5388
16405
27701
14433
6589
15820
27698
30853
6017
3950
34561
10368
30935
16657
30124
17732
3775
18498
24027
2791
24001
11515
9976
34110
15408
16079
10898
3757
9648
10856
17407
12605
26614
33587
33606
7663
3279
5466
34620
11857
9572
5107
17132
9294
23228
30583
12860
7242
26498
8309
16846
25967
24329
4743
28197
13377
25997
23430
24073
25465
15804
31482
31788
14096
20340
24020
21517
21914
3023
16992
13853
27605
21085
6261
26401
11906
15280
12783
24279
11891
27934
22366
23004
13030
22978
5376
17101
3601
5316
21485
13996
8190
6362
5010
10374
31641
10511
22368
26707
25096
11972
7365
4382
34874
14580
27996
8806
23235
32956
24929
18627
13287
5914
9831
6605
14324
8181
24141
18233
19414
15965
27246
3397
23013
5653
30488
24663
22785
34382
23360
7648
18913
33206
8307
17543
7848
10161
18192
30596
16569
33510
6837
20809
10445
4350
10999
18792
15683
30632
15446
12721
27319
35553
17775
3738
10965
34930
19572
20197
28015
11450
14554
9852
6094
33965
27985
4256
3654
8477
15865
15682
31757
3897
5843
28081
19790
14931
26230
33910
3960
6886
8451
19580
11228
22231
28506
15221
12407
14075
24206
13176
6924
5594
9111
34799
23159
11186
18247
18864
31293
23487
20096
7786
11367
26298
12963
10051
9617
9888
15947
15039
32574
14260
8764
30180
5230
12999
22166
26780
3187
23735
7247
24922
34816
28470
13023
7168
9347
24268
5693
22529
18868
16927
22795
6594
30062
15987
28429
6983
31167
7533
31712
12299
24891
28700
31209
8239
28053
25402
19851
16087
25712
10414
6301
16338
7794
6742
25115
4217
3226
31236
26139
14297
10196
29382
8707
33300
32459
16235
28922
31492
22015
6722
19612
31778
3607
23077
34290
20902
17528
24758
35489
15088
25110
15849
35425
18983
3210
11459
4273
26400
11622
19809
26314
31105
33733
16443
20945
32294
29734
34474
33104
3011
35450
19624
16871
35531
25211
32727
18495
9361
27200
22470
10304
11694
13070
13167
19588
4002
17522
28676
33291
30142
9612
7403
27696
16705
4270
12551
29915
35009
34086
9529
3321
9932
11095
6182
20777
7120
16143
24379
26296
18232
29716
10479
9424
15320
35072
5192
24044
13195
31823
24993
23951
26138
6071
8362
28214
18272
17848
32688
31627
28844
25971
8223
9435
14695
4287
5189
21450
17143
34938
27224
11078
31714
15133
26811
25273
24119
6547
24445
24963
27946
11852
13091
11943
13822
10893
33959
35012
22568
24074
6848
14920
22705
19638
28772
32224
17628
22234
3211
34611
26633
10084
34615
33743
6361
23682
24497
10339
24979
7792
34837
7728
34758
6287
18960
25786
14128
34998
26857
31683
21471
22732
9406
27001
14230
30359
33553
28911
24178
24015
32899
3274
18125
34935
4062
33341
34915
14701
35417
8247
26291
21823
29976
32474
25257
15680
16371
21296
3961
24795
24952
11033
11982
31016
29747
9608
22564
8893
14637
31471
12146
18887
9138
27128
28429
7257
21079
23670
18633
30467
6460
22683
25185
32679
33167
4715
28953
25224
25169
12656
14497
26020
30301
7856
28989
17988
5030
28380
22819
5329
26560
15562
29988
33513
23970
34853
17551
22450
4266
27748
27731
32366
28897
17400
7523
25424
31873
35786
14943
4750
12980
6884
32880
19896
9119
33390
14196
35656
16799
10717
11611
5242
22482
31591
32976
13662
18906
13498
32540
13099
32989
12269
6472
31958
10704
14519
13442
18915
10486
16863
22979
7036
26275
3827
34990
21440
22854
9789
12730
22365
28838
7923
7059
28001
18028
8110
14270
20813
14306
8477
10876
11115
19706
18683
35314
25442
4242
28990
6278
33032
15862
12178
32396
3959
26535
28933
18210
13923
31579
32260
9304
32171
18244
31366
16021
28461
25749
13959
4918
35551
11075
25272
9847
16668
4872
32117
35991
26427
9646
35831
3639
23142
26250
29643
27652
17577
21319
34946
34197
14410
25061
8619
26518
5465
8192
19710
34087
28039
22358
28890
8319
23100
23428
29426
9941
30947
25872
14147
33664
33161
7596
35657
11869
11174
16825
20850
31089
21818
31499
32979
25039
8220
22764
19737
26556
31119
35171
35523
12818
16407
14262
9103
32994
31627
13357
12082
13149
23402
18713
33868
25845
28530
24853
21915
26047
20079
25228
12143
4636
8018
25723
26974
19864
14466
8312
24632
9490
18807
17908
35902
23582
17028
4797
18318
27047
28404
21702
22754
10201
30041
14635
5754
15165
12833
35952
13655
29990
8298
20490
6314
13645
17688
18720
13708
3768
20516
27794
24303
13280
26678
19515
3541
28178
21623
26995
31168
9238
30880
4312
5481
13327
22360
9039
17332
9378
3772
28741
22756
29018
33599
34107
15371
30283
11444
5761
15557
16118
14761
25921
28966
15469
31991
18112
12273
9912
22935
12513
31499
3446
8375
28651
28207
23495
5645
27019
34274
21354
3692
4381
21162
17187
23701
28967
27771
31840
32847
28198
14962
19483
19386
9870
25286
31490
29408
5132
30459
6358
14733
21006
12376
5905
13153
11653
20636
30411
18979
25065
31469
3550
32344
10110
6417
10057
5652
30423
8416
33490
11793
9624
19961
30704
24830
16512
9141
16359
31001
18086
19289
11061
24576
10754
8848
17965
16580
14640
3608
12514
4160
22129
25787
11846
28585
8179
34433
11923
7526
27986
29732
22762
26657
18014
31428
22586
22558
14111
18396
28516
33483
9494
31093
6301
15513
35270
32409
13331
7435
13939
23563
35283
35084
34090
10549
8938
14214
6913
22882
15818
25648
8096
9517
25072
9384
3584
10297
22212
5057
33395
34595
33217
18206
10725
12725
28629
17152
13921
5469
3595
24668
31959
21469
21863
22833
8220
21059
28177
28440
27954
13340
36279
24605
19658
5861
5420
7629
28167
8642
12629
31376
3717
15731
33605
16697
33690
34947
5031
27356
26843
23490
5468
26335
6114
29430
15206
10580
19791
36302
9733
29574
7949
7447
11039
35538
10199
20530
32229
20921
35834
5830
31156
30515
15196
27314
5177
12357
5309
30278
15065
12245
20029
27314
8016
20670
18206
6846
14232
9760
9932
11708
29964
26105
27930
32443
30413
25082
22479
31742
15205
33427
16737
6829
5546
30801
23808
13001
26853
5993
29654
22373
28724
4501
34702
32532
5421
33310
32275
4254
6596
32826
15002
10231
6511
11161
18402
10097
9608
26427
30650
26928
33010
13956
7109
9438
16127
28818
15226
23969
18833
15822
27502
27722
4736
5057
10710
31184
29756
9002
25671
32252
34228
27725
35521
5733
25974
28045
21484
18847
16407
8253
5793
35504
5589
14260
23724
4291
33659
22175
4817
22305
4741
11932
31245
22876
21637
15876
15901
24525
19909
8199
21829
28737
29486
8959
36170
14064
16232
6398
27072
31663
9027
5801
14220
30566
21846
5194
31137
7619
17638
9504
4877
12080
13321
14586
21049
9987
15626
7172
16748
23029
18192
10464
24722
22742
11771
24824
11324
27519
8591
24339
5607
14343
32724
22567
20865
27194
11964
7790
7209
28486
14599
23228
24631
6584
12900
28688
23164
16807
9945
15721
9419
13615
6500
12763
18871
36130
21987
26337
17823
14841
6705
13557
6376
23825
23186
30302
20362
16916
9553
27722
8654
36020
27047
31260
4694
28320
9695
11015
11613
31152
16568
13788
19776
25187
4619
29472
34877
18060
24237
31074
11131
19528
19351
21451
26443
11571
35908
34551
4270
33244
20571
22531
7191
24950
13454
35304
13682
10704
15042
34055
6500
33671
36208
7429
5077
30330
4683
26840
18348
8830
4131
24866
9177
28755
27657
14526
10649
20183
16820
9113
26613
20602
23331
32708
20620
15602
19332
5319
18835
27440
12629
23863
8474
30610
25545
36491
17809
10842
3949
21291
26506
8799
34315
27338
26817
6146
17870
9462
15449
19556
31656
27117
7272
30934
34033
17843
14518
21137
13393
10593
17090
30376
24031
22208
31494
21050
28298
10774
9084
23276
4793
13888
31585
11158
12334
26369
10297
22845
14128
7578
12307
5186
36585
31643
26894
27096
8461
20472
33308
14779
18620
23135
35078
13344
10410
22729
4529
29671
11389
4944
25247
35096
14710
23104
19128
34701
21076
10864
33867
28140
12917
27603
18768
30937
9279
32330
31984
13929
5822
35004
36423
28121
13966
15977
30824
12160
36348
36475
33697
8450
28776
29150
11265
22983
13550
19282
20760
25515
33861
36287
4862
13303
15846
7368
32919
12433
14449
7074
31508
5487
24909
7719
29373
20049
32655
28710
24814
6320
7710
26366
9056
33265
24852
29035
7338
5599
19047
22943
15880
20824
12744
28053
24154
11590
29643
33186
33392
21970
7241
33101
31364
25044
4099
33376
30984
7821
31111
36415
34467
17304
32088
5497
30582
8990
31049
16797
17827
10826
21290
6479
29968
17916
6822
10906
25704
32706
33388
12168
12131
26372
29837
24816
34376
6782
17957
27536
7856
34291
20030
15195
8588
10272
25585
4372
14953
29936
34766
5660
11251
10222
15487
25225
36280
6911
21159
10615
5935
30033
11280
32675
7161
18063
14854
28726
7526
25175
15102
21470
5435
4077
31612
7715
23987
25137
7731
5369
23235
19406
12141
9873
18594
17333
34733
20853
21385
36298
16787
21204
23736
31708
18177
36634
4281
15067
14716
26820
13032
32837
14805
31091
16947
11234
21256
24895
23327
12721
35940
8269
31499
24610
26348
11940
35001
22149
18942
17980
17930
16323
9010
4952
36617
9548
15749
16150
35371
28240
5047
34885
11734
24370
8689
24182
16159
11578
31403
13142
11736
31370
8909
30267
29130
20051
30996
28156
19775
23880
11448
25862
6340
13907
34636
23468
31788
10119
36325
13503
14552
28503
15742
4191
26934
36357
26267
18704
22920
19293
27693
18193
24039
17570
27062
7657
18823
5833
33965
10306
27452
30949
27940
5626
13117
23267
20904
8312
26153
23671
19049
22844
33095
12374
32667
18106
13330
16294
36635
17257
4853
8626
30038
21271
26451
15331
32103
25215
16586
7660
31871
9501
11193
28228
23690
34113
12543
31449
14863
23139
33542
16899
6488
22966
31745
34742
30420
29951
20849
19197
14009
7080
8430
12195
14317
4624
14884
12339
36391
21286
18972
11300
10066
12342
19389
9805
24626
8963
24978
18335
19529
34325
31949
31250
13564
10068
30092
12256
5106
26838
30812
10994
36029
25590
27899
22679
10684
17062
14947
5500
24639
17158
35843
28121
8173
6453
31824
11752
29027
9062
18556
22171
26654
9271
29061
19086
27547
30527
28274
18235
7100
29670
21466
32365
21614
29306
5285
25591
5257
10111
16406
33701
19448
18758
24842
29555
21785
13249
25210
13821
7526
32405
7495
8503
16726
14705
29495
7518
8062
17054
6970
20526
9980
27608
33523
34902
25877
24925
26995
32041
5661
34627
5960
13974
15767
16654
22454
12634
35230
22402
5956
4980
34180
28854
19323
34009
24504
20074
34794
32874
18157
18074
25709
12579
8824
10836
6319
12181
10746
36550
28910
13206
8256
11419
32766
36407
13671
18824
12945
32758
21572
24609
10165
16181
24323
31218
29342
17131
7949
28619
10662
9626
27696
33883
26258
13441
20218
36096
7191
32530
8805
7390
25757
31398
30906
26159
11842
36464
18351
17881
26658
7087
8146
11590
5334
22056
29483
24176
26170
32980
12061
11835
18035
25302
11662
16648
29233
34991
16712
30087
34866
9653
24990
29132
12808
10690
14674
34470
18971
24361
7350
23852
8945
9454
11026
8856
21421
6454
8006
9817
11734
18428
5040
7779
16474
12806
15696
34250
35795
16407
25130
18831
19464
30311
36588
14266
31415
31824
20433
25768
28562
19530
28869
31399
16775
8217
35018
10176
19780
27973
21658
7636
34043
34251
9358
22763
28002
12562
25022
8136
27647
20768
28266
29377
19106
26638
26009
23757
5171
4537
32255
23263
11949
17851
5156
19826
22123
30106
8131
10341
24227
23358
6256
21770
23344
35753
36222
31354
6036
8674
29984
8235
32573
5682
30414
24260
23303
5523
13547
4911
34819
28006
22948
18416
35703
24420
27419
18614
10277
29143
10949
5168
22736
36874
33808
8226
21501
36606
20042
9144
31991
27230
26046
23578
26133
19893
24608
32576
18495
15839
24619
20744
5039
30398
19592
36486
32245
20782
28146
9115
12606
17722
14488
24265
32981
23696
17602
5957
18154
10546
15032
31054
20371
5231
13792
27838
29968
6674
25382
18911
20819
17369
24224
20607
10432
31016
5234
5447
29233
30463
10480
22856
8253
33834
11267
32727
36794
13751
7118
5787
16256
22445
31377
9188
13680
19963
31693
12094
13493
33199
36009
14407
10570
11880
15252
36797
27836
9230
17196
18139
18482
20672
15454
10470
22442
9998
15311
29443
12933
13417
24187
15947
32070
31703
35229
20513
18583
26860
25038
17603
24973
28405
15728
18464
30508
10358
5709
20714
14638
35543
15996
37355
21504
33370
23685
5532
28174
35408
29380
14324
35392
5517
30227
29310
29636
23321
14243
11950
5903
23336
9771
4725
27678
12364
10821
31507
22018
33002
8724
6701
7067
9451
16427
26911
23972
21427
20906
26259
11759
28247
12202
21075
11250
14858
24540
23387
19075
7897
10348
29747
8928
16025
6956
16763
30962
30749
23534
22215
21715
10924
9777
13742
21901
19889
22017
17182
8485
12469
30744
9970
5592
30603
9545
18887
8356
9930
11551
25867
23818
21633
21441
22870
25107
20773
10008
16126
24721
23758
12084
25830
30375
15523
32236
12694
23691
17555
25029
6801
20107
10567
16406
9698
22606
11860
23145
10745
25949
33972
33571
16309
15073
28023
34152
6850
16047
29878
17465
15397
12161
22729
21727
13077
12934
29113
6285
24589
23070
11512
6465
28191
35294
29008
11755
30347
23515
32538
10705
33424
27429
8368
6962
24450
10129
16165
23849
31005
5820
12083
32981
11801
9804
19060
20919
21246
29561
10453
31067
22330
11213
36425
34363
16497
27431
24762
23008
28692
15110
14917
16970
26421
5892
27558
17042
31898
6817
33521
20174
14608
15426
10884
32565
19969
14714
29753
32388
23113
6279
25824
14240
28998
25376
21484
34428
6190
32366
29548
28733
11686
17496
5181
9884
28560
16899
31358
23180
4900
16281
22085
8733
9026
30026
13456
30113
6406
37265
31871
34829
25246
29881
19648
32418
19544
17823
19786
19404
32767
17337
18766
12618
36456
31319
9578
11663
14152
14633
34337
22632
25416
30210
14984
29408
33884
31707
16193
11873
20560
35611
28077
28443
35236
20246
11102
36265
19097
19667
11723
23538
34444
12050
9800
29006
13699
5005
27189
33259
24070
15743
27509
17774
28976
20835
5410
12509
11525
32254
24702
34748
30982
13983
13869
34934
28931
25254
28578
14335
37425
9795
36056
37048
15996
10368
29250
6291
35358
31362
17156
8823
34673
33803
11107
16102
34049
6468
12154
8157
29158
7610
21039
29691
23633
22694
10342
31974
15972
24177
11381
25835
36167
13175
26071
6116
15992
35852
14628
9055
14178
19900
29760
25084
23346
13783
27347
30231
10982
18734
14074
22439
11174
28951
29245
31078
34648
27063
31424
18739
7023
25984
6333
36788
27139
35320
6193
29503
8487
10684
10966
8699
11383
24517
9810
26434
34032
28651
29358
12362
13061
37031
15625
17413
14062
33309
17038
12869
19268
5722
18339
15908
13771
36570
36707
18339
6799
29517
26447
30865
34098
17818
6976
14511
7300
14117
26017
11537
13396
17230
12250
18119
12678
21306
14095
9405
29798
20181
26891
19680
15676
16151
36215
32898
16161
25991
36688
12288
21776
27902
31384
20898
36160
6062
33355
8130
32433
36450
8852
33329
7429
13575
13121
9942
32402
10348
32373
36248
18613
18758
12188
35711
13929
30839
11940
35093
27928
26768
15211
32787
37809
10388
23923
31801
24570
19455
31709
9086
36392
21510
12693
35177
30381
15905
12746
20927
13905
23495
20641
26206
7300
22392
33834
17513
21490
35585
29075
9381
31065
35580
23195
33571
5271
35734
32586
18976
10248
33429
18399
9257
18958
10905
19211
14723
31985
19361
33884
23753
14570
27858
20220
27351
23674
21364
30875
25063
30464
29502
32938
29690
8587
13267
22474
6266
23021
12172
13188
24861
37905
20344
19002
5644
30094
26785
35677
23877
28539
16017
10209
28989
10886
36629
32494
10954
31040
35649
17113
25153
17595
25012
27218
27611
10071
15902
16863
13150
10713
25087
12681
15097
22205
15025
35540
33135
6094
6312
29429
37752
37363
27641
15680
19556
29516
10777
18912
35329
26493
16615
15562
22463
9802
15085
8436
21778
20581
30947
19393
23320
36483
9333
5312
9596
9909
16455
13719
33434
31734
31029
26170
20195
11264
7391
35169
16259
16229
22885
32056
16450
8154
10863
25688
26792
18646
6001
31478
19557
26204
10029
19546
10992
22036
11385
23699
17005
16033
20546
6762
18900
12591
31953
11668
22096
35147
36429
29996
12261
32504
27777
19040
22870
7935
29152
23402
20294
7558
17350
12994
17053
14052
32769
16017
21037
37556
25488
27753
34710
23848
20138
11572
7014
35489
18947
30059
17541
31100
29002
36233
5841
26158
26358
18110
13573
26003
13634
26599
23007
22915
16502
26302
31874
37799
11881
16718
37913
6794
26436
35755
16061
17651
37768
34271
20377
8051
15187
20007
34891
20538
27359
33632
33166
27950
32843
27580
34582
30783
34462
29625
27324
30196
16905
6484
37595
21066
20844
6009
18426
34751
35100
26047
34219
15530
27364
24658
21170
19149
24393
11312
25706
25901
37906
11161
37221
20514
9224
5824
22355
24490
27643
36039
30757
12290
12549
12522
29298
19576
31763
10235
22809
14459
20128
35342
20008
36596
38084
7285
9468
11225
30830
26607
28586
37886
31213
32540
31646
36655
29110
35124
33154
10365
24417
25849
35938
35029
10740
30698
23565
24535
13668
32186
18110
20196
29017
27648
24059
35449
17714
15920
23230
9660
32073
15818
38099
15445
7544
6865
35201
28287
15580
26751
13676
25439
20184
21047
17850
17812
32093
7355
25717
28175
30825
18335
9264
12581
24270
25342
20206
33250
9269
28011
7231
24481
6242
20010
37548
16857
29626
16289
6229
30266
36098
15881
30425
9465
7273
20073
22134
28520
12233
12741
29810
23753
13354
22674
6329
35172
14472
10862
36551
19415
19926
30222
9672
17582
10306
7544
31742
35891
26043
21106
6500
29319
7600
30522
7569
34290
7707
30583
34014
21368
31167
11632
18635
5549
19373
10108
24479
17866
21517
25017
24399
17151
21019
18433
18337
33803
16240
37914
14225
34571
20611
23597
37364
29583
24175
25978
21851
8947
7671
36681
11066
33517
18375
27172
29258
34402
5628
20291
18475
6270
15079
35912
22094
17923
13582
30509
26130
37089
9332
32378
32813
8712
34075
35259
6990
19834
29382
15921
7681
7332
23043
31688
14290
21230
14953
9801
21941
8337
24095
36561
13733
30632
10910
37250
23948
14219
28343
15224
31075
8792
20951
36094
25754
20690
18570
11266
25274
6255
12862
6855
19273
6060
33866
18138
11502
23716
9774
33863
11221
23009
25372
18700
8021
7538
38072
15566
13008
32317
27421
28875
36315
13207
30240
21520
18335
35602
21464
14316
10623
12438
10334
30884
34044
15540
17105
7784
8405
32054
37789
35462
33138
11259
22525
34014
36994
34818
7871
15766
26596
33988
35400
5903
17347
33735
29655
19479
24582
19568
21518
18016
17639
13849
38062
14640
18145
14435
12194
21595
15824
21965
16191
9071
14164
38022
25546
27950
10358
31104
8762
10049
25230
14790
8256
21034
20324
38415
24965
20859
14485
38035
27187
37957
7736
36125
27318
8660
24770
15202
22724
24217
16935
19345
6554
7528
33346
38187
8585
20708
6775
30741
11442
28983
23703
36844
29966
27142
30979
12696
35249
9379
12309
26404
11087
33413
12987
24012
20991
23542
30309
31320
16447
22284
32802
34729
18232
10970
27397
13202
8260
8935
11726
19945
32686
30432
25542
32221
17593
19081
7403
24969
27363
27129
31053
19402
8298
38407
37816
37966
9744
29952
32659
11758
23579
31643
24072
30526
8353
25134
20070
31074
25346
31265
15811
35107
37046
30627
23013
32322
16201
33693
11107
29963
14243
10724
6919
20014
18061
30643
26231
24779
30321
24152
18452
37580
38497
11821
22051
19319
12891
15818
23851
29763
24780
37241
14749
31723
35154
5867
29882
36802
35014
18729
10418
32582
22138
20684
28681
32247
36543
29809
25663
14186
34475
28008
28592
27033
19737
29868
30393
31101
15600
7192
7196
13791
33961
18391
9382
15467
18187
23581
15887
13574
14649
29460
11553
22369
25071
12058
10012
28366
24073
32041
23130
20563
20037
23446
27183
30461
21065
30975
25107
14967
13544
16255
25603
21467
11681
8227
38436
9416
23400
12962
37802
29877
23722
32072
25848
6277
10379
31028
17160
14427
36210
9923
10766
10159
30919
17996
32600
33698
27643
35086
20089
35726
17097
20070
24998
26594
11964
16710
14688
21293
35826
27106
10068
22904
29471
34732
36991
8665
11476
18307
6805
30277
27138
10791
18596
32166
26042
12017
19188
23597
21558
38593
34355
11754
17181
21303
38350
36762
20227
30246
19874
10688
21039
13637
32468
29175
28834
22056
33789
38534
9557
38511
22667
18485
13505
25662
16228
22111
10404
31469
15564
20809
14595
14336
26504
9906
18027
15449
21827
27819
18813
11692
9778
20137
23466
11316
29684
20697
15674
20644
10172
23987
31891
18017
31665
20946
8888
21998
11157
31235
35088
29607
6309
14236
15465
9907
25793
16143
37180
23604
18637
9406
19762
31424
10839
11281
35304
18965
13434
36038
13551
33544
30722
8841
20760
7103
22224
15045
23790
9248
16001
29881
33411
18057
30282
26574
29808
16578
33830
33832
7191
26928
27956
24955
32043
37963
21850
28704
29299
28242
16943
16488
10186
7485
34072
21552
30059
16115
37041
11957
32875
6077
15726
38570
17543
34042
16770
16008
27424
34837
24575
18214
37764
32181
37695
20617
28783
21811
13956
36093
24274
23633
29403
35428
22994
29481
29510
9679
28692
15459
9241
23883
7736
7595
33189
29694
12963
9314
14868
7282
7810
8852
9876
7472
22539
6187
24504
9105
12806
15458
28954
14545
19597
15228
28742
36197
33552
31925
31443
36494
31644
33913
24531
31279
15196
18132
30830
25820
25696
32298
29641
26163
32925
23080
6701
24431
32309
6906
19301
36922
16633
27838
15463
28099
27948
38713
14391
28689
20362
21961
26633
18839
34441
27547
26278
15624
20703
18462
8976
34156
9540
20408
22121
33908
30585
7351
37137
11018
20105
19594
8975
20525
36943
11569
25522
27132
9784
24306
7287
23824
24395
15950
6958
22031
13158
10803
12121
24958
19402
31347
38613
13783
29913
14965
7612
25564
23839
31787
30089
24874
17808
22339
34685
8465
34576
26786
17986
12195
37177
26126
17103
33547
18008
6698
34955
30497
22712
23720
33973
10043
36132
23226
32003
6725
34471
17353
22921
29972
32662
11882
17885
9975
37840
18830
28025
17551
32837
11768
22368
34017
31669
25589
9477
38058
36026
28999
14440
13298
33033
33634
34178
20964
27125
35291
37603
6877
16949
21789
28058
11459
8422
36190
37973
26008
7636
38353
7625
32847
19189
12317
7764
29662
26422
29711
37089
18580
11898
28555
18189
22445
27360
33481
9352
10532
11077
19646
10685
25544
17163
15319
37301
33682
30488
38637
34616
18998
31777
37494
13622
7672
10792
17912
13926
19137
35139
38340
10285
22898
7072
25824
25793
29048
35014
9029
10382
30881
36381
35914
9945
25901
22705
10593
20899
30249
11315
27905
22736
17912
31553
31203
9352
27443
21734
27249
20190
7091
19301
11388
24751
34283
14386
17709
21965
21627
33090
37182
11357
36867
17284
21865
33662
21301
34480
13089
36140
34095
24127
21889
22371
36359
7098
27266
12423
14759
30264
15472
11011
15579
19235
32671
33841
37032
23610
10330
29306
38880
11996
23836
7870
17139
28803
22787
19701
9736
33935
21121
30743
13644
8005
14933
25914
7050
37399
26297
29178
24317
11557
32477
8734
18530
23045
14997
12409
16464
21439
19022
9997
38604
8220
31559
17015
26905
11809
27646
9351
6605
15830
25832
6702
36650
30028
10596
30877
11178
18141
21746
21931
13532
36022
39072
8055
7279
32147
27846
22351
24460
24266
35571
29649
28778
38795
17447
11856
24092
35174
34627
16250
11949
21005
11197
20279
8046
23132
21656
7124
16271
22166
32660
7264
39149
7154
38050
8790
23339
28502
35226
15997
15620
12642
28208
27917
34783
35760
29733
19731
33188
33626
18362
26390
10447
38077
19562
18171
30403
15485
37336
27942
7264
37322
38151
23266
27863
21985
8649
15875
27325
7381
26746
32714
11103
29583
7149
15112
33878
10003
11175
23942
14171
37126
28235
30885
36956
36205
20566
34114
10703
32184
23308
7900
19270
31999
10163
31225
38467
10635
37630
6597
30030
10136
17612
35069
33094
16729
24595
6667
20725
18493
28438
29299
26342
7025
24543
25965
12667
30630
9449
25043
20794
29716
19997
30526
39272
20671
11775
13933
32473
31225
24362
28902
26886
25896
15866
7135
39264
10953
10888
23134
7396
33205
9947
29344
31728
32675
9564
12984
7253
17135
7051
34936
35245
27034
11505
20628
38895
31121
33365
8453
37952
7730
8499
37548
30732
24332
22378
20024
21078
13286
36661
24649
23372
6659
8028
39125
26143
36517
27564
31180
9489
37584
27044
30967
29648
7248
23921
39206
7170
38910
25373
7818
18465
24894
38915
25184
39049
21196
30854
35279
36559
21689
17922
9236
17237
35760
35075
29660
39195
36222
33717
26609
25560
16081
10396
34585
13386
15936
27013
21308
16074
32908
29373
26564
36899
33318
9856
22345
33956
12785
27828
35950
13684
31048
10968
12806
20518
34115
30775
26236
35981
13622
25185
15985
13522
21115
21979
23206
29635
30066
32534
38173
23918
15301
14238
35195
26095
13297
21396
31921
14982
8706
25438
26587
12525
33181
15773
10856
16616
26948
25951
10108
15389
13014
8343
21138
14374
36181
21194
28518
24293
23532
28682
35090
39191
34353
7208
25719
18220
7591
18982
29150
31831
31879
28651
33247
28641
16832
8762
16771
39106
20028
11493
16805
10098
10085
31550
36254
20989
25320
25807
38177
9814
32696
12875
28003
22253
20567
28356
11647
13699
23121
22813
27162
20541
20233
35267
37954
25848
33207
8344
16284
7901
32434
36656
37823
21045
10219
21312
27867
10878
31418
13651
28574
32446
25310
24511
37976
16407
16063
25048
27997
13980
30965
29539
11435
32867
23310
35918
11468
34523
32140
9374
33022
24160
31022
12456
20626
17421
15729
11652
33170
11730
12373
20927
30374
8390
31588
13904
25656
16830
10737
35789
32983
21534
31902
12255
38105
6895
38433
14068
11589
20530
25927
15923
30192
9844
28728
39349
32485
34979
25854
13042
28938
35872
37697
11129
30209
18709
13140
38885
22349
36105
7798
26380
39094
7090
23633
18809
37358
29194
10695
11549
19316
16293
23790
8513
8889
35393
19033
14015
31106
12191
36762
12402
29837
14737
26372
38891
36215
14421
26806
35429
31709
38689
23765
20987
14786
7935
33560
7961
10032
7131
29578
30257
37154
22490
31883
9647
8098
24814
8728
22574
28463
19624
8781
38636
22881
28237
9000
20603
12496
13099
28048
14266
29745
39213
22934
36612
15554
29614
20474
13223
27625
29323
34033
32152
23575
8060
20517
18277
39155
17828
17918
12906
25269
30566
30240
31560
32975
9851
29493
29331
10195
33345
34796
28107
30353
36950
15681
17550
20095
13158
38400
11787
35679
37953
9092
37562
24091
8497
22469
9803
20212
38794
14482
24028
10971
19330
22554
38510
24607
8771
14001
32666
36425
29247
29137
7808
19781
15812
25695
32001
28610
31696
7216
22830
17626
25382
18636
26879
7414
27553
34674
34377
38380
31177
12380
22250
29291
26788
35139
17734
32921
26063
33062
23800
21498
21452
22856
24513
22164
9886
24440
9924
30033
28307
7572
9206
27556
34146
8784
38864
29295
37237
18228
20295
22053
21384
38884
32253
14380
29299
16036
35001
32645
14660
39451
21525
15534
31633
24663
27510
33991
37901
29458
37953
34805
12632
18740
8524
26372
25884
37273
39571
35920
10581
29459
36141
35813
20464
36275
38782
20197
37016
8516
34221
36394
10445
32025
37464
24621
16950
7433
8071
24102
37688
38839
31711
9333
28103
16919
34841
12865
12412
11309
20658
27743
19944
23320
28643
18293
24105
25680
19411
23903
28346
20012
34060
29137
33936
22951
10539
10814
33890
39267
32220
31993
30024
31214
30726
39835
20871
8005
13123
23716
22955
15254
32147
26725
7639
17226
19281
11549
12634
8771
10086
24162
15490
22114
29628
33730
24757
37709
36342
23211
8893
21359
11358
36744
20324
31296
34590
37421
36417
27590
8628
35189
38609
15708
18592
10793
15306
25522
38751
29988
16555
33301
39581
8373
11672
16112
25255
12613
38245
16787
39455
34106
33265
15668
29939
22555
31413
11571
35727
33012
22940
9891
30290
28668
25109
25349
15679
12149
20071
26710
28662
27604
18246
29261
31202
18210
31139
32990
34483
31650
16072
12290
35599
37300
35491
15546
17796
11513
37986
23377
19394
13496
27969
17122
30727
23424
31136
37403
19162
18959
32857
28992
38140
29043
17488
38259
32156
18543
23628
35122
14538
30752
15621
24097
33326
15328
10622
11274
12282
30827
32148
33058
29213
20033
34519
10126
37306
11083
24474
25637
17624
8128
32838
37496
27227
31306
31476
16911
16947
28517
38202
14582
30163
20488
13380
32633
34020
37768
20263
22827
27195
14521
23411
20269
36105
16982
26631
12204
21074
21155
23082
9900
25249
10832
32983
21508
30713
36513
29271
33450
18446
23244
26646
25905
24245
16547
36015
31632
31898
31858
28745
34341
20017
32811
38694
10746
36591
22976
22137
10822
27833
22737
29560
23351
16285
14215
14515
12782
27072
19136
30116
38348
29591
32108
7303
22252
14426
39734
29292
28144
14006
11880
34186
26881
22979
29960
24022
10769
20021
12615
39892
23139
14294
22813
31149
14158
23348
26925
25219
39998
36758
24302
37889
28155
36149
7692
32310
19246
27561
17676
21923
9761
25762
13616
35730
11206
11992
20890
8362
39931
34117
14771
34241
30476
11921
33486
32497
9337
39118
13577
15598
30458
23909
36724
8342
12737
16720
22390
23754
29439
34186
14188
27261
10153
39876
28818
33546
27772
37722
25639
38091
32831
21125
14284
26087
11080
28626
39214
22891
16449
16339
25828
35485
39468
27412
13467
12941
15269
8272
39024
35820
29543
14053
32669
10529
10770
21894
37976
28826
15660
28976
36600
13152
35685
14431
17498
37359
38431
16001
29571
9028
23597
31659
38534
37431
20955
29835
15016
9483
39471
7838
9155
25412
25967
21666
16104
19896
39139
28495
10312
23785
9180
22082
18517
14738
9718
7482
19492
25472
19097
33158
32022
15011
32198
23486
15287
7781
24080
22962
8678
38714
36840
38048
36919
15993
22046
22442
10901
22634
37797
10886
34860
21664
39575
29816
39558
10377
27768
19325
36851
14403
20415
17353
13615
16817
24210
21364
39487
32207
29394
7793
32412
27714
37719
16063
18579
32052
18045
23779
35820
36190
28127
11413
25546
26726
36706
8634
9170
17772
12150
29074
9359
29152
8344
13363
12053
7830
27675
14902
19429
33564
14377
27312
30993
19275
20229
15716
35745
33564
11154
9526
16436
29885
12057
32483
16107
11492
25671
22512
38530
39268
29557
8672
29376
30206
11309
9642
37394
31609
18409
19306
15987
34036
18973
35415
19854
8060
8568
38133
27687
14298
28263
38284
14519
23214
37596
36568
29014
15042
28493
13570
14558
29080
28927
21199
14158
11845
21892
36632
39276
18050
18307
9850
13231
24065
14519
27982
19547
38909
40250
11739
20718
34581
27652
14027
31419
20314
34990
11740
9941
11943
31356
31448
25902
24369
38043
24263
33536
34910
29607
35683
37996
12763
29809
20172
16738
27881
34814
10109
22976
10231
35027
21631
29886
24694
30063
13788
8073
9961
13338
37207
24366
10555
17373
36698
35258
14166
32466
33840
15007
30193
20894
22900
26202
13225
35899
11210
20819
37972
12283
28877
28165
34450
24265
14664
26206
14244
20402
25512
21609
31106
27813
21169
28202
20263
32119
31857
10442
37680
33834
25970
38644
27813
11887
23604
34430
34327
32873
35034
8524
15083
40116
9508
38257
12021
19878
28829
34968
33865
13269
13590
23203
9037
15833
28498
31633
18707
19795
28675
22693
20454
11566
35061
9412
26147
15652
39562
32800
10059
30340
38246
17171
19285
11827
17515
28749
24649
14321
29416
37426
16906
20190
17165
34686
17523
26429
18595
33579
17318
19831
15354
17300
36513
13923
22818
17626
24595
9412
16221
29319
22893
18452
25813
40049
13371
14464
29323
13026
40373
13363
40080
36341
28817
16855
19063
17475
16668
23641
9226
21695
28553
35821
22076
10207
13449
36947
9311
11261
23580
32856
39319
37116
8870
33439
28303
26414
26693
33697
30570
9589
11874
36083
11773
23209
37766
8648
11323
36410
16751
17590
10992
37911
33124
35517
22707
22478
27333
24453
40213
25332
24550
24295
39967
8903
19741
26543
36348
12562
24090
19360
16114
9297
40311
16569
19351
11030
12944
30647
27969
30379
12693
31707
27326
14585
12766
16365
33093
14760
40574
31873
22957
18056
29978
17273
24029
33584
26364
27851
33412
23525
36963
16517
22794
8125
14877
33294
32198
34307
22872
16558
13937
8926
16822
37200
21722
36654
15775
38279
12764
18359
32987
29648
21645
34689
10592
9495
39353
8574
17000
15228
28559
40302
32199
34390
31129
39936
38780
14200
12530
17978
38790
28084
21683
19482
26105
18590
16046
13950
25936
27026
28767
36929
34565
34297
27679
10919
36447
28359
11931
33019
30092
12616
23685
32630
10479
13597
30857
12643
36027
31618
13699
39553
32961
25554
14575
16297
22150
39244
24992
8880
28057
36375
26294
13711
27171
10116
25290
35009
14784
32660
8043
14573
23181
24506
13518
24517
39043
22753
20929
35886
13571
40113
16353
34209
11441
31758
30733
24273
36742
12002
23322
39822
7969
18717
25288
28137
10078
33018
24309
20121
17706
10883
37649
29853
36758
35927
18386
28707
22314
29099
9513
27817
28539
40335
26740
24162
14079
33650
19189
40667
20769
26857
11395
15582
18065
21676
22143
33687
32734
28385
27402
31989
20038
13982
21621
29523
30413
12457
18681
13912
29580
29570
13993
10011
24396
13475
11172
20363
16211
15110
36495
35087
8062
23272
15171
30313
13456
24269
22466
21728
30922
33220
30064
26782
30396
24300
21120
34903
13914
31287
20396
35883
32850
18030
28201
9166
27549
19573
27098
22502
26964
22481
17348
15028
17094
19559
20674
35831
15815
35206
8313
21517
23371
32296
20623
14940
25651
21109
8216
39664
14438
19081
22353
40805
37924
18039
22417
24328
16279
33678
26492
19001
23723
33499
36730
25876
18208
14574
39528
38224
15070
27361
36493
34662
13448
23703
13007
28406
16467
13378
29734
9831
11033
14120
16210
29135
18857
17318
8905
26898
19042
11381
19700
19789
17664
22828
15002
19829
31925
20486
10653
32315
34940
36070
9188
35123
21930
18840
13976
22326
14533
39770
10643
14853
32922
35227
19221
22830
16266
33282
9145
26164
16165
19890
9896
23530
20986
27597
12813
19744
30636
30006
29641
34433
34633
28060
34407
34748
21464
9652
23122
38882
32561
37573
16197
30991
28434
16234
8708
32589
39022
14740
21066
36533
38152
8654
25858
17624
14145
16325
34489
20829
36910
16391
21076
16875
39918
32523
32766
17737
34875
34162
32869
10691
18750
39308
22566
39632
28840
35358
20357
25075
31486
38498
19042
11999
34612
38736
23657
10974
11390
19996
28040
23411
25187
31744
33446
38974
12051
10043
32402
38945
36858
12634
28473
22945
20629
8886
15133
27279
17285
20286
17154
21223
37346
14454
19434
9976
38097
20672
17732
33989
27993
33755
16225
32940
20082
10409
9767
17733
11615
16437
37897
27277
19518
9716
20791
18500
21214
38219
21265
18323
27088
10322
20450
30706
35777
13272
15051
27465
33031
9383
15357
40277
14713
16904
31019
27214
30852
31114
16960
22727
34683
38912
30285
15061
25135
37833
13509
27251
37312
19540
12012
9509
10674
25314
11661
19164
39747
37006
40683
33818
21244
40331
16635
37718
21639
23982
15312
21922
18624
22060
16471
13963
12814
28836
32580
39745
15092
24416
35916
35064
21219
38616
33173
35469
36179
32887
30571
39277
30482
19106
9268
36275
21979
31223
14502
22928
34346
40914
19511
37872
27471
23062
28117
38490
9665
32810
11480
12824
33718
8513
11829
16537
24560
14303
8692
37651
25306
13977
11492
34156
22995
21020
39565
14427
39114
11376
27494
14027
39435
17790
37704
35456
20568
21712
31779
33788
24380
28825
8432
14756
11676
9717
21734
33311
34447
26225
35569
28159
15472
28366
12640
33955
33329
35586
30173
18523
28401
23424
34211
17870
24529
32697
40427
12953
11268
18915
32935
24377
24358
24569
8563
32811
28111
28163
40649
37457
39015
19863
23412
24216
28732
18080
19527
24792
13009
19806
19982
38396
28538
25006
38853
30050
11045
29580
40200
39301
30331
28886
29899
23513
10792
24658
38987
26614
15734
11763
36420
35321
27425
35928
22117
15399
39015
36758
10497
14292
12894
25911
24327
36228
30090
19843
38452
34895
21423
14846
25991
24714
27620
13617
13814
33187
18665
30637
37727
26445
22970
20046
35265
21981
22628
13757
25260
29172
37656
20280
22262
31583
19326
37526
34992
12091
41035
24965
22872
38237
13590
24599
28752
15601
35944
13949
34191
11360
18450
40978
17559
34936
17347
27547
23463
14023
15833
20684
35633
32583
33400
16143
18830
28993
19673
35202
20209
36715
21221
37950
40346
34643
12035
26335
23116
30721
39982
18497
35072
35800
14410
18311
33243
27070
16568
22114
12894
16765
32040
22672
32477
30568
19630
19618
22578
13121
35097
29187
22962
22106
13440
36918
33632
40187
9501
17247
25697
28420
9054
29189
18864
9171
11834
20502
17683
15720
22978
37675
41038
24263
31736
15374
37014
33182
39907
39290
15944
12072
22243
26657
29915
16465
12355
13299
36628
26907
32525
24222
29560
37696
28194
28497
13575
19481
17033
36806
11303
18878
23560
23167
39903
19311
9201
24144
14149
22835
24127
31517
39738
9918
37089
31717
36948
40344
30038
37375
10524
21116
10362
38308
36986
27135
36000
12206
40045
12402
37344
20639
30975
26888
22707
39141
32633
38972
25277
38493
36307
19821
17897
31509
29294
12235
38331
12630
16390
21111
30434
28898
40418
37862
37133
14714
26701
35975
21248
22179
13642
20645
15591
20650
37252
35214
9450
28390
35204
10741
10753
12093
21286
16789
18698
22249
11086
13335
18457
32892
15319
22326
27663
19234
40396
15393
11374
36647
19419
10272
22891
15289
39174
32891
26693
16878
32668
11672
22998
12553
23656
14691
28520
26617
27176
11506
41417
32802
37185
29034
36514
21856
24496
14364
20484
20297
15684
11764
29252
20403
12298
32276
31753
27255
17673
26556
15523
19060
28976
27501
21662
26582
32397
21326
11415
29592
22976
39630
20047
40007
21422
31115
21502
36873
11130
38259
25066
24543
29873
41000
24119
10279
11716
25513
23297
8805
39612
33328
26280
33858
14377
27990
13931
20437
23131
22653
24377
31010
19669
10863
37059
34016
34303
12867
34518
33920
17179
9089
9448
37738
41082
40326
28657
14730
33264
16937
23164
22283
24453
40862
38653
32098
19053
29083
25701
22927
15931
32186
35060
37791
37457
36639
28494
18294
40859
21850
39378
31435
28285
10894
24615
13428
33033
34003
11031
39140
36214
38618
8865
12274
15565
25552
33353
14300
16870
19076
34739
10635
23699
19403
12144
21016
40219
36900
13336
9616
31722
28824
33689
12020
39302
34532
40654
16772
15045
35034
38740
20285
21822
29445
40857
34977
16381
18060
24885
10678
23675
24152
36222
38993
19405
40825
23638
14228
33819
35014
27976
38070
23124
26052
16084
20738
21536
10442
12294
27939
22038
12386
16462
22942
33328
31729
33163
28832
23163
37787
28777
15610
31763
10081
9965
12906
34383
10636
40270
15132
33337
26703
27911
15984
24129
27304
18986
34046
21042
38023
9975
40408
16228
22066
13741
10510
24884
27368
15520
11128
25009
27332
28812
20399
9880
13285
18729
14429
27267
28364
33791
18359
30301
12805
18812
32839
36633
35082
10308
25327
27555
25188
23240
28203
18199
10515
35610
41622
25394
36144
35072
12464
36614
16337
9799
13278
34289
9773
11609
40626
15055
18433
9746
15469
25455
32050
23760
27586
22596
40627
24521
30429
40029
16041
26274
11428
41367
11213
22589
40765
40210
17426
25298
11216
32737
23177
23105
12174
26630
13441
20646
36338
40349
25074
40238
27718
28759
29980
17706
18026
35114
23915
31586
16593
33863
27038
10668
23500
26445
13608
14525
27659
18364
34006
35390
31840
13740
22195
22819
31943
16063
10537
29752
25252
40276
15720
34556
40523
26621
22796
25779
35269
21812
19193
35255
13522
26441
14218
18191
12842
38047
28652
19522
18952
16408
22724
33645
13801
38350
9240
29588
18833
40964
25196
40246
11600
10332
12075
34084
36227
14666
31817
24979
25437
21448
16679
40303
15080
11595
37047
9714
39494
35318
23264
13942
28221
34574
23844
38535
40947
27055
34432
32317
14325
17853
21139
38088
12926
37148
24579
15693
26871
30500
17949
9713
13498
32847
28091
19763
12059
25141
29035
29054
12969
35771
18637
40702
33201
16775
17213
20404
13828
24247
38322
20933
24058
36306
32742
26648
27319
36350
19640
22815
21421
22644
12750
24565
37730
14898
21118
13226
24948
13807
27119
39131
19930
16980
24699
12677
41324
14441
20568
32538
10150
34382
15736
19157
17833
31275
33965
26699
33410
14697
17937
34372
25775
14371
20133
33224
18655
17623
17720
28541
38394
31842
40587
20272
29281
14891
40114
40369
24183
22686
23997
14564
22624
21980
15768
18965
27913
12464
36656
10892
23144
37318
28887
30305
9989
38167
16362
16786
21177
18344
28593
41811
33973
11636
18310
35749
23239
25510
19514
38698
15833
13068
22708
21816
24507
9929
10715
13356
17954
31562
25015
34817
34544
31099
17874
24353
39349
37434
15589
39290
25206
19980
20400
30165
22958
25870
12586
35171
30099
37679
37338
21913
14490
31901
17029
28734
35133
13949
27145
29123
14076
18399
21129
40402
20642
14065
37322
31273
12233
30322
37085
18345
23968
18282
14079
37290
13548
25369
15293
18322
25933
33069
25692
38054
15299
36408
12407
27168
21616
9824
14826
28545
39328
10329
19439
19752
13318
29840
30087
34084
20552
11433
39708
20039
23999
34604
19300
9595
10872
35707
23432
35161
32894
18952
36486
37880
10331
25796
19412
26371
29916
31707
10566
40463
15381
21150
19505
15147
24997
16576
26065
16824
22075
17350
20200
29563
12377
17593
34472
25584
16984
26142
39123
21985
20909
28200
12065
38712
21354
41259
20962
20242
21000
41044
39908
29204
24675
41112
26007
20738
15878
36330
11119
30093
37033
28337
13194
16749
22264
39801
13971
33712
30870
40680
36838
30802
38754
20980
14580
26125
34297
34900
37865
20082
34684
24884
18829
25657
15507
36909
15976
15318
25009
12916
25386
27213
17050
33874
25674
34374
34595
35540
31980
16228
15673
34243
28936
32723
17445
15830
29385
19488
32014
33575
30515
21838
25792
28644
15881
28966
31404
17223
37102
27854
39215
26824
32202
28061
41751
32657
36975
21550
10851
30258
20349
21939
29770
36502
32898
16268
32383
24117
30566
39193
27060
40588
29959
38860
27997
25034
22816
39298
14518
32717
11119
39187
25863
20300
16407
20775
23846
32598
31555
33100
24126
9467
30732
35142
30160
20809
38557
20134
41207
17274
13716
41119
28912
35691
39596
36372
22745
12368
20121
25077
35001
12199
28724
14796
31169
26730
17112
27283
36818
18057
31756
10185
29759
17047
37986
41157
36307
35267
40863
34889
14870
25099
28699
14938
11212
40620
35179
29775
37567
14557
9790
21289
28862
24764
21893
35874
16358
39561
29399
37769
20000
15378
32275
9676
29163
24174
38471
26327
31836
38894
39888
35740
35938
37457
15811
16883
10063
20791
30348
19109
14996
15577
15317
31171
27340
17654
26026
37181
21501
12305
37082
10671
40730
27353
32928
40318
37068
27625
17282
10788
30065
32689
40826
15304
36454
37044
35156
38674
25729
16373
11095
21821
41954
25003
16167
26222
25836
12860
16106
36420
34446
22377
12714
36528
32199
33222
38650
29959
15977
17006
13789
15701
41245
26868
21219
16373
27303
32157
37269
40286
22635
11212
34067
40000
22064
12477
13308
11728
16677
41590
37774
35935
23585
41723
15887
10290
22831
21442
26731
22158
40010
40294
23326
30482
39781
40863
29268
33610
32687
23922
26959
15488
27668
31141
29962
27605
36103
38774
29212
26769
21887
13197
10718
22712
36159
35118
29392
24542
37979
22451
12345
12347
32760
39994
29966
12802
29779
37787
19989
13551
24581
39069
30538
24607
31877
12905
32898
21541
14318
26430
42318
13146
27650
10087
23586
33908
34415
25706
24759
41819
34386
10371
15789
13368
29434
16976
39285
19662
12270
22734
19054
18445
21041
31620
30286
30692
23236
33534
16580
10584
31341
21885
19804
11987
17079
25581
39074
25790
26682
29463
27786
25681
31260
34072
29711
22698
13016
30482
12827
10781
17982
10017
24487
29644
20668
13969
29987
30583
19419
15438
25368
33685
11276
31643
15884
32675
35749
29447
24998
37564
34599
22429
20242
39018
11970
20572
19111
22460
12571
34279
31943
12440
41804
23165
39431
13139
35372
24106
22160
22143
35026
21311
10438
16132
22612
22273
40743
20083
27860
33438
19829
27542
27582
39013
38167
14668
22347
37173
19645
12179
37706
40502
35651
19175
10015
29384
39384
17867
24844
27321
20831
37029
16047
24763
26389
31694
16076
18709
27764
18410
32845
25752
34392
36981
21127
40917
40801
17567
39615
29325
39320
41562
13037
21353
17237
26545
42431
37867
37728
11867
27617
14501
28758
42384
36476
41385
34638
40475
21245
38720
30141
40113
21527
36575
19095
26241
11275
15446
41655
15372
37927
17227
25729
13879
40332
40167
24262
31134
26421
34255
20199
13356
30005
34902
37438
39145
36160
30449
34489
19986
15469
27371
24264
33135
27194
39769
27770
38625
40145
41041
10211
42299
21130
30295
29888
13650
38064
22040
27486
30552
10120
13403
10423
25189
31631
32308
27102
29271
17412
25978
30366
30684
22182
20860
40798
11981
14527
18416
21064
36542
32097
25132
35755
35283
22768
41625
42397
11733
36320
15972
19172
23428
38592
12150
37143
34863
12664
41639
32256
15747
12239
38446
31813
19361
12592
15452
33607
24947
10669
30347
30283
32575
23108
31825
32472
30588
40545
33529
26207
29157
12965
31027
13090
42189
22758
11018
35918
14514
32119
25111
10602
35348
16809
22004
20725
15751
36753
33012
10827
23048
39692
11537
26313
23949
29697
19750
34353
32736
36326
30303
14928
38828
24710
36333
11742
21976
34305
32510
12965
19221
31252
36076
39654
27571
24218
38324
16888
34233
26963
22699
34866
23860
24293
38252
17931
25295
16160
38677
31360
14500
34438
32691
14518
31058
10507
26618
39137
30032
10777
10042
12388
23169
30167
22414
21818
31240
24491
27223
12436
41053
27134
24808
25795
13216
15167
32131
19033
35886
25642
32901
34955
15219
23370
17885
36058
13567
20924
22210
42483
36315
17719
17318
17875
17949
29513
23141
12078
20666
37347
36035
37394
19868
28952
39701
23496
10740
27170
22334
15867
39634
16294
37853
12571
42483
21305
37829
30212
11481
21538
36270
23259
11809
19297
38954
18233
12562
10481
37338
21388
36722
13899
23009
28602
37277
37419
27801
23815
37080
39318
14469
32568
37858
25116
16263
18680
39372
10587
22611
18300
34571
24004
42020
37219
26828
42146
36014
40160
33415
33111
24147
16666
22999
33257
21145
26323
13449
38078
40668
11336
15602
27556
23360
32857
16518
36885
21994
30954
15527
36024
42608
26761
11707
20522
38285
30545
21633
11519
11546
17166
26021
39684
33849
19106
22418
40391
39892
10407
17031
29786
24390
24917
34541
30291
40279
18342
11752
16919
36206
15801
14380
41049
13570
21620
20242
16605
16722
36462
35818
13442
10582
18956
18835
18559
11253
38634
13386
42733
32376
31356
35776
24710
16191
26613
19311
17324
32946
28519
11565
42157
32891
26668
14850
31557
24307
39558
23863
31076
27353
11394
11695
32562
21834
22050
24955
36944
25069
41146
40872
11873
26479
13723
42075
15562
13359
32751
27425
20917
11066
42468
21376
39004
11641
40205
29650
10372
41769
24069
36435
30535
14732
31573
23672
17687
10462
40855
42114
11520
38539
14044
19796
14637
26527
18252
25729
41134
38782
15628
19114
37497
26325
11621
31239
12718
30416
21794
39747
42783
42126
22073
23693
27663
14546
30894
16108
12858
16379
29365
19922
36118
40502
31767
29941
16473
13298
12502
26714
22459
42644
34580
21170
27645
41324
23601
15850
14634
41704
23860
27134
27165
10760
20076
34318
15683
22546
30295
32691
26274
23175
12226
23699
21274
12629
26418
21043
12523
42318
34691
36877
24952
33497
39375
28643
14411
27880
40081
32850
11096
23594
22026
40362
22662
40577
42468
36093
33899
27318
39446
19830
30295
23660
19207
37868
21909
27730
17142
42167
27629
14493
29849
32707
29037
12726
34052
37603
17770
32559
27853
26215
14529
12540
13422
30704
19810
37088
20458
14211
36624
43045
23988
23261
26978
19856
19660
31494
40718
20372
11819
12329
18022
36550
13665
40867
28451
40081
11389
12378
21858
12843
24365
22864
17900
37831
16678
15992
38842
13325
21446
36808
24249
11207
36600
24207
15306
23005
20825
23817
28173
16259
39833
15408
35167
27825
39715
39894
30241
37075
18432
16625
40508
33731
39416
34358
27489
23284
39163
15081
31382
24304
19648
25587
10478
29956
20396
37685
23959
20793
35061
18716
13594
33927
20999
38005
29151
15174
35623
25731
22000
16357
25430
16719
18942
38366
22392
24128
30121
16617
11445
15083
11516
35953
27168
17964
22327
26436
38294
14198
13010
42894
14313
37479
39614
19208
27710
34976
12526
34669
32436
11731
37398
16174
24135
12829
30387
11878
26099
38551
25931
25616
16668
36904
23030
23416
28461
35997
34589
18927
10880
36347
37762
29891
13950
20499
31104
41838
22791
27736
27541
33294
33556
28654
25117
34837
27802
38915
13920
14146
42930
43106
28367
18128
28408
36933
41099
36589
13104
20843
35367
18541
11312
23915
19375
29888
28922
23880
24553
33313
23336
38725
15066
32785
14733
26363
12684
30724
38425
31656
36623
15962
37629
20682
31422
20368
41744
38125
37827
36280
41329
29377
26078
29222
35950
28783
39778
34669
26533
22829
36992
16266
35177
25873
11207
31326
22376
37666
40940
20578
13962
27061
31431
30102
12828
37111
42399
18618
40493
31686
15015
25281
14648
37573
21448
14979
37124
38319
13985
12466
11977
42731
33229
38927
20116
13665
16228
36317
42476
14477
32964
13974
32182
29393
26513
13022
41814
11792
16378
24757
29975
42616
36926
15600
36301
38815
16751
30954
21433
40914
17783
39031
28332
28074
24152
11289
26991
27615
27320
31607
33379
24417
23452
13322
28517
11173
14196
28698
39156
12605
20056
10729
37014
31404
33681
28462
18039
11128
20571
26820
16980
25985
25577
35492
25495
39056
33962
32785
27844
28723
38603
43026
24083
21449
27645
13861
25439
11481
16504
19250
22846
26536
35135
39614
11634
25098
30630
28769
40576
15480
22034
43386
40606
16739
41473
30497
24018
22216
34634
31837
16217
11781
41125
40087
15942
42475
41325
36431
34155
37652
19621
34318
15996
25206
23866
36252
23666
19001
17287
23410
25902
31942
23582
15986
32351
37409
33734
29142
16805
39800
11456
28007
39927
38140
22863
34287
15426
10735
40823
29168
21842
32510
39428
34454
14070
30418
27342
16619
33375
42210
12860
28490
32202
25227
40967
36630
19295
14946
33088
12971
34648
40393
28565
33685
37221
39104
34256
13569
34127
30718
15776
31344
42716
38209
23196
22195
17652
15842
34437
22291
22529
26540
33483
36560
24476
42990
37715
26317
17253
41167
34424
38281
15154
22754
32336
21329
33389
12538
24368
40628
23223
27712
34674
42296
41425
32386
13429
42059
32445
38094
14566
22140
27168
35904
26686
16619
38379
19224
23436
29950
30778
12303
29557
39510
32125
35820
15225
21762
42453
22866
37496
23538
37313
42716
15476
21422
16889
26476
16792
16712
36506
40127
15993
43406
39300
36933
35229
12421
16384
36400
21050
19731
20391
22219
39999
25852
33407
14862
15768
25872
34406
37231
16558
43426
37812
35834
20526
19259
22300
32932
36876
41872
13011
15069
34759
40626
39668
30052
33262
11397
37156
30559
34019
26227
33650
34731
18655
15713
37504
10865
20278
17378
33512
23802
32477
26795
24025
17348
27177
13640
34049
32469
41433
25869
15792
38991
14679
26702
30522
16709
24635
42963
20637
20685
13585
40070
41315
14678
13660
36719
35274
26684
28379
38370
20003
17306
22026
40439
33144
14944
26092
40763
17265
39589
27912
17317
38264
41534
11185
40140
35612
32143
42891
14678
22963
43169
22603
11956
35652
26229
37310
27405
22692
17048
20237
25463
28382
20728
17215
29293
41944
40950
21247
31358
24116
37052
23456
41282
13429
35281
27486
13970
34659
14314
20199
39928
39856
20740
38938
16485
30427
36271
33294
33826
33621
19629
22102
39177
16355
38075
14211
13045
32323
26799
29931
40055
29970
41411
19369
33739
43245
17457
14565
37898
28887
33280
16726
11936
39386
24605
20996
22785
28145
12717
40531
12952
41510
23970
40765
34560
28664
41612
38879
20599
24063
19634
17207
16016
31699
37474
36652
38184
38185
35461
35022
30618
41023
29046
24032
29751
27515
12309
38804
25584
20047
22807
29333
29270
24927
37024
30794
25029
33254
37395
15706
24539
42069
18473
26987
32303
14910
11072
27696
41792
12145
23030
33698
34732
16997
40951
30605
37795
15321
24339
11855
12442
18874
36500
32476
25412
33096
17614
25606
16830
19573
32503
29948
39434
18061
39737
18192
23742
19484
14598
40125
40957
16909
29612
34280
20135
22543
11049
21862
22477
19005
20288
36799
29288
26109
24780
14129
18762
22056
40277
39160
41812
31340
35041
32717
23530
19951
18956
28589
16292
41269
35931
20187
41286
11076
23758
41000
15091
13830
13492
12914
12189
27118
42691
26987
16576
31966
25192
33691
35920
18505
33116
33193
26352
35477
21368
37590
42596
22467
40138
43722
28745
32081
31208
42131
24835
23903
24196
38635
40696
34066
25153
15801
11772
33334
20421
40155
38667
15399
43536
16419
14398
21489
39948
15519
20728
20406
34405
22302
40544
38224
40858
29679
39957
30776
23125
13292
15645
24230
34296
25272
12574
16890
23928
39492
35280
36443
30830
16280
21682
42398
21099
15568
31996
35177
23692
40036
35285
28824
19791
27053
36039
19423
41637
31397
21616
32177
35401
34543
14202
18785
42063
12311
35789
15752
21504
24346
40450
40358
37605
39721
15643
36620
31266
15786
11890
36089
30214
42880
40432
26627
22495
23436
24191
21688
14867
41587
36546
19846
27244
39842
30211
19416
20148
24464
11629
40066
30594
38723
27003
21343
21843
11542
30640
41528
17372
31417
17545
38632
24479
39033
32176
33982
22973
12738
42098
40227
15883
33506
42099
31613
24423
25615
17056
43091
24141
34220
30822
22449
32165
16840
36641
26318
14815
42728
36824
23788
22082
40966
23335
29568
21633
24025
32124
27027
35472
25943
37767
42600
19125
26489
21227
28511
20962
17982
35642
13593
28738
27378
13088
15325
40978
20912
21982
41786
32434
28198
29946
37102
23548
19864
12853
33543
21460
39463
21950
36168
42496
25428
33957
34254
16443
20416
15250
25844
11908
39989
25015
23667
26044
35818
34819
27086
40048
11779
43161
26605
42484
40024
31360
25607
33713
38775
11676
14790
41151
41964
41693
15014
27575
36032
29878
25759
17090
28479
25553
27651
26102
13310
31745
40105
25571
39197
34168
22091
13416
12746
38458
43053
30156
32518
22481
20479
32777
34220
21826
40965
17003
34223
25921
36981
40794
13987
33953
32801
14964
11647
13582
26709
27872
20385
13310
34819
21470
30482
40421
18973
11682
44044
20904
27459
30818
38841
43093
41630
34734
37950
21777
21004
33792
32248
33106
33149
34964
43525
31054
43421
21369
42503
31923
37299
15337
42276
34712
17608
25302
15954
42931
25101
20933
24529
12749
19575
31711
39928
27508
32172
21829
13109
31984
32802
29861
32592
16248
21637
29451
41967
15269
18010
32249
43103
27686
29667
20409
24209
39094
36162
33266
15203
23883
36576
28282
33825
12688
31504
37483
30028
33942
22256
42873
18074
16582
28304
26498
12349
19483
42071
11879
21864
22670
20386
28187
14352
39121
28333
43257
39408
11583
12215
26203
28367
23828
38241
21864
17413
28633
14936
37421
16700
15139
30771
16624
42612
14461
30111
29632
27466
14243
24505
36433
25465
33009
21179
39943
36001
31770
13787
19537
26951
12061
36464
35128
36125
43381
36439
23608
16004
12176
24981
38222
20816
14979
32573
26706
40651
40956
33173
29831
16124
30328
18804
27249
26409
35254
28910
17382
37274
29547
20787
17000
21152
44087
40885
42930
32470
43224
26249
23697
34471
22430
23568
31221
43792
37406
24022
26696
28583
22315
37562
35070
28125
24834
30800
40558
28032
27589
24451
26080
26244
16427
40063
38887
20482
22133
28110
17137
24705
42404
24256
13340
41845
29417
43281
25163
34821
13661
22982
36730
19729
25074
15704
37966
28276
13225
22292
35312
30598
17414
26562
17948
24293
34754
18309
23925
20342
33727
38658
40988
33446
20033
35780
17536
36854
12378
23519
13432
21942
31654
36052
12431
24336
26681
43445
15774
27465
36566
42122
37025
31300
21345
26354
27843
33352
21399
22030
42939
13058
11773
19866
18523
27086
13590
22109
29542
15154
25305
39876
39587
13739
41058
25802
41519
16813
13800
37914
28695
17125
30447
29560
39462
24257
32447
20061
42492
35890
37140
40929
36704
20657
29463
22494
35032
20096
20621
31571
43638
34866
33103
41990
33524
32109
17146
41838
16132
34031
15079
19663
23265
34767
21598
43687
37418
33285
20230
41801
33264
27693
37280
20680
12558
29320
38133
36886
29368
40260
31501
35693
22359
19965
42658
17390
40852
13955
26324
24201
26035
44254
35615
14364
28963
32911
29577
34015
26707
13593
28960
32511
21703
17856
35491
26761
44394
22161
31104
25738
23334
30370
29438
27509
27570
22427
37308
24260
26283
40565
29530
32738
30951
12674
24182
20041
27142
42926
34010
37095
36937
15620
13811
36551
13992
28788
38278
15085
43294
11987
43678
22402
23368
12067
23241
21553
23854
25621
42371
27600
37473
42700
13299
17731
24390
32484
37077
39837
16561
43955
40120
12681
33205
21198
37481
37865
33723
30671
12207
28604
19666
41302
22072
32581
20550
20302
14548
21098
42356
42610
26849
30298
41180
29967
22534
16498
33656
29963
41509
16482
13389
28454
13194
40331
14399
41856
40809
25516
23593
39772
14983
33470
17709
18467
20023
34332
23369
37804
30600
18151
16939
17850
34493
40361
21575
25286
29437
22328
21542
26623
13900
28894
18433
34960
42426
24502
13198
20513
39386
26457
42010
20128
31606
17338
17112
12609
34945
43599
24953
27843
25933
26226
13564
23798
19967
38150
13000
32122
31807
17245
17400
40905
38196
30041
17142
17015
13231
22226
30539
28089
25254
39992
33717
14629
39909
22138
31354
24248
40704
15910
35837
32541
13452
14801
33679
31532
12686
41913
34439
34482
20276
37545
18837
22640
43715
43549
12371
39782
33233
13735
35613
34129
32436
37777
26403
13938
43322
12996
42172
18065
20379
42984
18430
41794
31659
40397
14219
41831
18516
42250
23981
29686
43844
42724
24486
16892
34531
32625
24385
17890
39048
33533
31405
37871
38636
29356
32395
22031
38111
42081
32326
21203
31801
25055
18083
26040
13588
17198
24217
19628
19768
34881
35426
28366
13271
13781
34002
32886
23931
31132
25320
43125
25660
39323
21923
35486
30774
29392
15894
23429
13370
19225
18367
24966
43716
31313
32021
34569
16173
44732
35424
25093
40738
20645
41677
21699
28757
18757
15298
44005
34418
12519
37487
23974
13653
43082
12198
20067
37754
24903
24044
15963
16565
39603
17872
17587
34083
37767
42107
31677
23648
14654
20617
17017
16634
38271
33047
14172
19494
16124
35613
20561
32178
20890
35071
13310
16443
12754
41054
14408
32160
40791
23092
43545
22454
23289
16672
16992
22846
25545
14846
27738
13076
36734
19131
16657
22953
33303
17255
23586
38578
18626
32140
28098
25378
39933
42431
44547
40278
36091
17268
38228
28560
41545
29463
32327
31399
42929
34392
38040
39165
13663
32454
13674
19888
12866
38559
42195
13333
21941
19430
15515
33634
27743
41399
30785
31402
25687
35800
33343
18703
25740
14480
42639
17971
29541
44220
20078
36591
28836
26143
26976
23112
26256
30714
26484
39582
30291
21980
43209
16167
25505
16572
34385
43420
33690
35397
22485
44082
37618
41585
39738
41932
14159
41817
41218
33391
12274
20300
25110
24054
31130
13598
25282
22279
27045
28354
18177
27717
33913
44571
31739
36295
37666
35856
39628
33994
15420
19935
26759
33698
42004
38067
38778
29175
22538
43896
44468
18733
35130
26350
13509
38180
23131
19452
38597
27938
17638
28744
19608
30989
22907
18692
16751
22238
24450
23563
36754
29778
38926
34604
31326
12514
43014
20933
18825
23542
28038
31892
27054
25430
17539
17355
30213
17889
32430
34658
36721
40577
37531
19889
42177
23390
17955
21566
36911
30034
22535
41684
44589
15262
27861
21717
20834
34779
17168
36048
14319
28211
29323
18006
26102
15824
15126
31242
35165
26005
42588
18424
19151
37132
33036
39976
12292
37280
28471
33138
29507
26637
40954
38547
29733
33300
25692
22913
42395
32883
44409
15612
40242
39188
13793
15462
42902
27013
23099
25044
34389
19880
25902
29285
15078
36524
21121
13523
33514
32315
19840
34375
27057
20981
28322
12658
37632
21278
31850
15321
41746
13971
13195
40304
26588
12547
23119
38507
42902
39771
41785
38737
14454
15234
41706
28498
17855
34119
23873
13530
26106
26520
44486
40038
26243
31220
36681
12695
28744
40482
34502
42628
27086
27172
13708
44373
14965
28263
22174
36878
21244
44092
43866
31400
40775
20620
39768
43878
17760
34502
35733
32102
21949
30749
12497
33143
20673
19185
24885
39210
42372
13962
43321
18476
36311
32524
42949
45010
27523
28071
30102
26870
35538
39183
39908
45058
28241
37420
24130
38730
34771
18706
23493
13215
33465
15923
19304
30496
33649
21459
22447
44628
32829
21437
23947
21366
38710
32053
37502
44048
34192
44845
22015
25804
42015
33468
12832
40838
36122
27083
20334
42917
20256
42514
24601
16556
20856
44099
18005
17164
19869
18308
31231
31549
33274
37155
29060
32524
33266
36997
37375
27959
18211
38752
27297
19255
26604
44586
16214
30045
38700
42194
42661
21792
20813
39853
16088
20918
23170
39091
15966
44769
29260
31979
25453
19980
24643
28196
34540
34198
15891
35046
22159
33390
41669
28328
31300
26592
37696
33859
43214
41390
23567
29863
28591
40035
14436
19405
12876
22500
27229
15853
42060
34888
43143
28400
17217
14569
33953
20008
37770
42427
44962
23103
42104
16093
16125
24941
40879
35438
22307
37358
26575
22690
24393
28340
35412
32277
41580
31833
35003
34911
33171
14935
15591
41192
39765
15483
23746
37374
35994
30871
24871
41508
44710
40056
21504
14765
30291
32791
18859
34442
22685
34835
35235
37473
22628
35935
43612
32479
41326
38712
42094
23630
21676
36955
41206
20074
27070
43124
34617
29552
18872
39129
36235
16761
34599
35704
20848
19974
22351
16143
15104
13276
45239
15259
44944
35602
13032
43794
22414
42856
15217
43604
31661
37082
19502
42591
15682
27253
42698
39363
44526
15210
16771
15959
35454
20065
31021
34601
40207
39695
42106
30395
35446
28171
27768
42348
36575
17117
36443
35892
28083
33880
27261
26516
39104
42795
33955
18125
21140
21170
22914
39761
20521
35858
44418
23671
40392
38788
14529
37746
19239
33777
21595
25476
41685
38080
36073
25199
28887
32236
15943
21805
40084
42585
40091
42208
39406
25704
20114
40972
30130
26825
31981
23556
33074
19344
31549
19106
24880
28555
28138
22587
33790
45011
37242
42450
17124
35746
34576
13196
12994
17508
18995
36708
26614
41489
13265
23584
12672
20921
44676
17540
36708
37473
32787
44741
26704
41997
19516
17473
17023
44318
13489
41324
33757
35294
14944
16910
32108
14938
17399
32172
17894
25200
28072
43075
42916
36904
34346
43837
42430
15432
23808
43677
23668
14626
17917
35453
16589
33713
30216
26810
33661
43748
40221
24302
39692
16698
24980
41118
14645
35983
41126
18869
44941
26678
38957
28977
34661
36167
23979
21533
20720
13626
18062
44223
28073
19125
42418
35346
23023
40099
33320
15223
14834
18310
43830
42151
44499
18702
19870
36332
45319
29162
28195
17553
35069
43486
27978
40854
34560
14870
30814
15529
41310
37306
35766
35154
42954
14530
27195
27758
38655
25868
44580
41950
20390
26027
22276
43648
13434
22659
30983
14942
29610
24083
29048
16166
32638
16273
17543
19675
31294
15164
34890
28361
39248
27374
33025
25278
17312
30960
21150
38007
28485
38675
27525
27993
33377
27644
35984
19554
15176
27328
37462
14942
25573
18609
25517
44638
21594
34167
43373
30310
35047
14690
13175
39014
20237
40446
44790
16235
19955
34024
37349
35095
28168
45281
24530
18255
25578
17697
44001
35379
25223
16109
31763
34387
14466
44396
29128
43807
23768
39863
23427
32160
44739
24879
37870
35686
27870
19475
21022
35266
42890
23122
20247
30005
12945
29853
25747
17703
23050
24513
35071
34780
24189
22580
19655
31397
31815
35821
15571
29267
33343
26233
20050
42993
15257
25420
14262
15795
45323
23125
23295
36905
34095
31445
42301
42936
28713
26736
34640
24139
40585
44677
27635
36166
30579
32187
20217
22460
36349
26588
22997
25825
16856
36327
43360
40642
21299
29792
41175
18739
28124
29163
28195
34057
28584
27673
41822
37770
28182
22146
35218
28194
16175
43028
37060
34392
35248
15018
33073
16895
41067
18656
20951
34737
44267
32294
18487
28537
27991
19732
17754
27600
35224
32766
25618
32459
17342
14279
19586
20370
34720
19706
24800
13332
40387
18198
42874
33529
34174
24106
38391
16856
14939
15010
41440
33707
26815
26465
14943
35712
21966
43536
36678
34673
32393
13749
18770
30677
45625
27527
38834
38584
44049
40449
14019
21385
28687
35381
21534
14099
28451
31587
29652
17327
13971
19658
15096
42423
44702
15806
17246
18493
44128
19451
23715
41469
23285
34873
24173
20113
16353
39168
28660
18404
24239
24510
26818
21481
16345
29719
44727
31373
24296
27004
13647
38890
17372
37631
33320
24253
19406
14693
23230
24346
25812
30589
32633
25950
16677
45233
38891
17766
17790
21979
13394
26110
14020
27738
34917
41116
27370
35684
17229
18767
33045
17309
43249
29426
25854
42217
20598
17317
41368
22143
44038
28030
18164
30016
15825
40827
26465
44102
40530
33467
28631
15295
14292
38894
24470
25084
23348
35083
41738
23237
37352
17217
38386
26864
20800
27951
28865
40498
29420
36183
42308
21812
38591
29904
28294
37353
20915
16956
38897
15392
20012
37114
16309
26709
16769
43165
39022
41677
23224
16540
28161
28898
36497
44106
29126
31899
25799
33545
37357
40575
43666
39099
24602
14763
44656
23162
19283
40483
26917
25481
45340
25958
14336
24202
35296
32069
35937
34545
13459
21748
13432
24248
42390
24674
41295
27733
31963
26054
19979
38121
18249
18810
44143
26298
28514
19469
15009
26595
41251
28308
42545
15690
42283
28992
41047
15827
30496
41014
18300
17875
39759
25242
18940
24264
30610
16365
42539
36679
13175
20378
43926
26421
25502
18123
41355
39994
33891
39041
14043
19059
34749
23524
40670
44391
31334
27864
32696
25917
33853
31440
38363
39980
18408
31207
45261
41010
26045
43565
27948
17673
42467
43326
20463
41559
36276
16922
42734
33317
25702
28464
21157
37778
27371
17084
23860
13768
19221
43347
33451
28464
33278
15036
36485
25826
18855
36098
45682
26208
17887
15815
14938
24963
30823
42459
16798
21173
16467
27406
19873
34145
26803
25666
29063
14504
35443
33732
24380
31830
17792
15324
35256
23060
38188
37282
15490
40671
17364
21012
19571
22712
16832
40294
17853
23709
25418
15513
15148
26809
19011
30031
39595
14040
32402
20446
43785
37661
31262
33699
38653
19191
44015
32153
43368
34897
13968
13609
40667
27913
28087
17220
45145
33444
22311
28592
15198
21056
45782
43167
43807
14537
20043
39046
34580
19312
42827
20012
19124
24665
41396
43778
27264
36756
21673
35762
43586
16463
45807
24314
43159
38474
37527
40635
17323
21387
22494
24397
15172
33362
18257
26902
46082
31567
17205
36955
32741
39955
30757
16213
20495
16837
15613
26248
46027
23574
43511
18256
35023
44150
43796
19645
16574
34185
37310
26272
40945
40660
27051
39654
22903
20669
38148
16677
44122
19634
29639
40053
26148
42408
39530
18305
28322
15559
23489
42718
16616
26211
43553
21915
30101
23343
37830
16409
16985
18861
24178
24860
37556
39913
34391
21795
40448
17767
42039
14325
40625
44378
32458
32893
36572
35094
19296
20183
36342
15048
25031
24747
21471
34917
26479
40890
21790
16096
13772
32438
31855
38304
32764
38999
40315
26161
31658
17579
34022
35898
37170
39086
18830
33199
22277
33818
17170
35655
23632
33152
18834
35121
34520
35992
41654
16387
34856
21206
16370
44531
44527
21053
45576
16457
37284
23160
30158
32020
27499
42023
32305
29980
35900
29303
40826
37401
17218
29429
16336
38178
45697
20388
28926
22888
22204
42828
22391
44836
18070
24598
33431
25294
27895
34902
39468
17552
17073
14760
34101
17402
19300
45630
28138
29687
22943
39032
18172
35584
24135
40117
13853
45967
18237
28010
34755
16599
45371
45425
36905
39858
28927
31907
40343
31707
14252
29352
24548
16733
22125
35854
26937
33355
25947
45465
44055
41138
20897
41434
39580
31948
38621
21763
19202
38774
42954
21242
17768
14564
18973
44972
24277
28564
27052
41380
17786
31616
42709
26332
41527
31128
42014
27603
29537
25455
22297
26847
33987
14133
24715
27077
43234
23525
45004
29575
38790
38335
30065
15485
38261
40697
43305
43687
18818
14514
42725
35906
25286
18471
42812
16025
29742
21545
38669
14110
43318
30415
37478
41657
14323
38760
34468
36704
46167
32947
16348
21480
43185
42835
25978
43547
38771
46205
43560
44810
19000
43252
45810
15781
37381
44087
31143
22408
23759
23544
44674
36888
17470
45009
23817
44495
31153
17715
22582
30164
45954
42911
45525
21967
32651
26904
16685
24571
40681
40664
31970
19837
20223
38466
44058
31476
41918
22040
45791
37713
22308
16366
32197
23785
45571
26078
20684
23752
29188
26750
32135
17480
20715
28943
17534
23779
37149
39927
26066
26182
45919
26482
42271
39590
14816
31364
17574
19799
40058
22578
15276
22427
21045
21233
44061
18360
37901
21599
23413
34381
15605
19761
45792
26085
27419
24940
35488
20685
18030
42201
17584
35107
36958
31666
31399
44848
24802
29602
17118
33272
46272
43245
20693
36366
45321
35818
29907
16045
16354
39610
16077
34053
27274
25396
18569
35283
38041
24863
27396
40244
31878
36004
25360
22715
42348
44290
43329
42945
36366
17284
33034
43516
22808
41649
33572
42068
19112
34242
42799
29681
16140
15449
37020
14233
32462
15983
41674
41785
37869
15502
41071
45505
33902
32833
23098
43317
38419
45258
45239
42241
32619
20498
28018
39566
43531
33766
14175
35858
27162
32607
42617
23980
20243
41122
15018
32944
29126
38602
14827
26944
25504
42019
14764
33308
41773
20633
22390
37562
14811
41072
25807
19354
26369
41781
35422
27860
31775
28404
42575
15091
20072
23467
27129
13829
24957
37631
31422
18163
44924
18478
39475
22287
45625
44101
39297
34284
37323
29331
39948
29042
40011
31069
27986
17457
27352
27347
28181
32246
22494
27203
23740
43676
43672
41357
31991
31525
39892
17111
25250
29962
38903
21121
25580
43982
25152
19803
30392
14553
32081
32534
32067
25988
31979
40185
17927
15217
42233
30933
17120
28445
31184
24635
15214
22712
42421
31724
32442
28468
22431
17297
22556
31132
32575
22957
19292
27303
35390
25551
23575
39565
34502
45836
25700
21273
20291
20652
16056
25087
41835
17188
18183
42353
21116
40773
30508
18157
23236
14770
41611
39001
41575
35991
38133
18257
44381
42392
39116
23232
29882
45064
43111
44717
17202
28508
20151
25176
15068
15839
31531
27782
26678
25511
19666
18969
34410
22983
39104
31459
22735
19910
44978
16572
15795
31056
42741
21714
24152
41516
43139
34625
41020
22126
36464
31972
15261
14574
19844
32618
39741
29176
29482
37804
26979
38981
14984
19005
28194
42538
31984
32323
41693
20240
33143
30342
40715
18724
28643
40135
16952
24400
27339
16211
16204
24425
38137
37080
27920
14506
34323
23158
32750
24161
29307
37913
37113
17128
35443
22279
38445
32471
21637
24245
45047
30840
34594
35807
28664
40827
42377
40407
32006
37099
25578
38430
14451
14177
38603
31281
18578
15224
45484
26533
44152
22656
39142
44662
15616
26999
19161
26013
16146
16949
42054
44512
27428
43238
17402
38638
36352
33725
20909
23211
42696
36583
44073
25289
42552
44734
17071
19608
45868
45632
40342
24351
39010
39359
23093
42859
16256
46553
40451
44839
23897
45739
17661
33133
45932
25410
20296
29148
35501
24914
21016
23019
19337
21803
28624
16508
22308
31208
39787
40885
34277
45546
43802
15627
28468
16261
32302
18335
24194
30200
14905
45262
39306
30371
25456
29443
23511
20084
21588
15056
43911
34723
22674
42558
27470
33695
28455
36449
19902
45384
30663
36655
36293
29534
20352
16786
36983
19257
41115
23483
21517
39867
27075
43962
20526
39044
32873
41035
43886
46436
37478
21491
27157
43542
27362
20044
31265
24107
32373
28573
16526
20804
33421
15022
35796
21380
37904
28891
36786
41541
45378
46182
20010
15626
35560
42258
37325
34485
28846
43757
23864
34555
23750
25453
29663
24596
25298
25790
24585
19639
34308
19291
39452
14917
14979
17884
46363
21317
38417
37646
46189
36368
29676
42569
28384
37837
36849
26110
41709
37792
23815
14480
41022
22047
39611
21349
43629
42246
28200
32828
30991
23339
33306
19649
30961
45236
29299
22622
45729
38791
34509
46165
31280
15362
32864
35340
19511
32237
32550
31655
31768
30124
16958
29404
38790
22969
18319
20995
41800
22610
36525
15213
38201
14703
33536
25335
44948
23799
20771
40415
41326
26931
43914
42198
36996
15747
17000
15446
28727
32080
29391
46901
18901
18241
28953
34683
23066
27826
29320
20849
42999
15714
39465
46330
30865
15211
44286
16678
17549
19320
20827
17925
37515
46386
23953
30905
23280
34811
31178
40399
22761
14303
39220
44496
27821
34503
36450
43026
29442
36336
16111
34772
46594
31644
14948
36746
23327
22792
14427
24182
29285
27805
16869
33912
35583
35946
35370
34855
28925
29906
14927
37664
30804
30594
46237
14495
31014
38567
37599
35404
24900
24669
25611
28503
32498
40554
27941
29126
26858
44588
29025
30222
42915
38096
17800
37089
33746
41925
45724
28488
40498
16752
27583
34033
46208
43554
39761
29898
47050
15687
19289
26575
38890
43744
44326
17951
26702
38195
33846
34390
16890
31424
14422
34583
34511
31864
21259
42728
27149
21546
27697
36419
25111
36670
18914
24553
26486
24997
47001
17274
42273
42256
22679
32323
32251
22624
31110
36439
35742
45918
42333
31713
31319
41645
33155
21688
26225
16381
46391
34356
40631
39552
24623
35137
28724
25506
25727
38065
24381
21493
34749
18903
29106
23658
44899
36689
28288
30663
15476
36389
46698
45141
19043
34064
39434
44505
21808
26138
20754
24518
35540
29294
30424
38833
19423
18537
45074
43013
40800
38897
24029
23288
40453
28936
33285
21950
39043
24736
14464
15356
32056
20401
27195
42879
16655
22666
40218
18478
20389
34405
34106
16445
18090
45885
15225
37028
32905
30692
15672
43472
45643
25168
39263
29848
41144
26165
28322
26482
45248
15322
40707
31719
22298
41253
23704
38980
43819
45303
29583
16787
41257
17600
30063
43465
44928
37962
43424
28225
25461
34777
26414
39529
43273
28790
15306
17084
18976
39560
33810
19440
26850
28324
22802
45680
31074
38054
30474
26124
32381
19713
33137
36335
36358
29779
18491
18642
24608
25917
29272
15728
28138
44145
45437
36666
25442
17164
25382
35659
26755
17191
17116
41374
34225
19112
37299
32383
42839
32862
22296
22591
33999
28494
40649
17708
28290
44103
22565
44480
18256
31165
15014
44825
44338
24020
21420
33193
38173
24250
41340
47151
24106
22842
24456
27366
40949
42382
26609
41724
47170
32373
20042
39493
23527
24198
38815
41777
44774
18372
46005
19708
42969
43378
39828
38948
17043
22569
14659
20256
17924
19495
31955
22351
41309
39402
17054
36399
42101
22782
28369
34511
38763
27923
25128
15239
30094
25938
44025
34790
20345
26097
40308
32492
39042
20485
41513
29049
25430
39832
33227
47366
20957
38908
28467
39571
15460
34398
34983
21984
21498
17054
44381
46304
17434
28255
19515
44907
38795
21082
36833
30515
25733
27127
35817
32761
33813
19742
20333
22529
22722
27722
32970
25795
26737
21216
26276
22499
19846
25536
33323
28771
17228
17433
40604
23576
20887
26753
31242
19802
23464
30789
27486
39168
38480
31485
43421
28812
43353
33892
39017
36002
32801
21095
15819
23487
36232
37244
17711
35111
34572
15157
46000
28703
23347
17173
45462
20317
26410
34210
36125
20669
44971
44475
23161
47413
41251
33836
21782
21771
39701
23936
26148
29765
19129
39447
29779
35682
39146
27768
24795
19527
44863
23015
21952
19324
22647
43323
18772
34200
16410
46058
23293
22778
21853
19814
27960
18362
21830
46252
41182
38367
16402
17433
38311
38867
15828
21376
37868
17684
46686
32891
33713
25387
41060
20734
21730
23778
19423
25650
15581
39346
43952
42368
27953
27003
25222
46571
42917
22648
38657
32676
21373
32625
21272
42968
30712
42034
29368
21197
16413
15933
26029
28205
27575
46012
18630
30114
20895
25273
39476
26018
22329
19089
36148
20621
33089
27046
16622
18933
33224
41813
24220
39996
26489
16936
25326
31845
21025
27212
38573
45092
20591
36933
31392
23095
19192
18400
43692
24825
41085
32617
31806
41781
22385
31519
23534
28472
34998
42213
44636
28714
26536
33850
47198
34206
35676
29291
21086
47463
23849
24327
27389
18349
20584
47252
40188
27969
18297
19840
23645
28718
18951
47451
32453
38545
28812
45635
41765
32682
43287
19103
15513
37682
47437
31504
17553
31471
41389
34980
22574
23175
17945
39757
17647
47506
32658
39058
18572
21490
31556
38533
34850
17511
35522
31477
33425
15710
18834
39652
33314
17418
15340
28219
20846
41398
19135
43965
46971
32602
16629
24890
32551
24428
44536
23557
36298
27128
20853
30120
19735
16115
29792
39125
27715
17101
21304
37536
15466
39237
32140
33772
44078
17025
20158
34595
42657
36446
25607
24107
22885
23045
46011
15509
42513
19391
43470
33303
17111
33034
28056
31036
20068
25324
46293
28250
23304
38023
18416
45765
46359
45038
39809
24642
26767
17719
41748
28862
18938
20433
16684
32320
34454
38424
30855
16157
32692
42791
17060
37483
30046
27373
44931
45239
17468
30852
45740
21755
15033
42685
16754
29130
18785
35584
42617
18126
37517
23123
44662
27252
40259
24760
37430
39910
44888
33468
16866
28986
37591
32077
30081
46568
19111
22476
42686
36226
31335
15459
22507
44703
34205
43673
19527
18969
43536
47139
38268
29304
39282
21501
39532
38829
22082
16314
31533
27396
22513
45849
30290
16212
47684
24024
45933
47480
31737
15309
38610
25859
37037
28466
33437
33072
18941
38209
43254
39448
23532
18689
21395
16936
32900
18527
17535
32721
32449
28544
37914
17281
39082
32342
45154
31187
42177
23665
24944
36355
22173
20248
30533
28836
31446
21913
33991
30357
43553
40925
19463
42033
47036
21311
16325
47302
24333
37278
15926
36424
29830
30385
26885
41287
40395
32667
16023
21791
21783
37056
22675
18543
15324
36310
29602
19916
32937
47167
42099
23734
23633
18326
24067
36554
27210
28808
44315
32058
24659
19941
19738
37499
26969
24566
31220
42045
42908
38418
41851
27040
41486
38508
26077
41381
41211
47151
27502
32226
15855
25549
39848
42363
43733
19859
15216
25677
29788
16002
25243
23148
17311
24410
27313
16336
25348
47607
47857
36939
35428
25824
38293
46014
46701
36126
19031
30349
36677
21066
29235
26192
41584
43242
39023
26316
29684
46846
29913
37665
43707
24277
39760
16196
23608
27685
17541
44464
15182
38747
37891
19801
44653
21296
32621
37858
37118
39037
47879
18447
41985
42064
20344
20605
29172
23615
15567
23185
43511
19708
20163
28078
46639
30506
34367
16043
37224
24175
15390
22404
40958
36555
24883
26447
36861
35880
32652
20082
33927
24626
24823
47892
36982
47720
32454
27089
17475
22131
40656
24242
21287
40119
16824
43612
37759
45353
18034
36743
24181
25696
26370
40114
37597
47854
29319
36373
16221
32496
26745
35800
47057
36836
22831
39042
39405
25787
44964
17332
34084
29743
18554
29975
35273
30551
31295
25491
37749
47737
29424
36034
21160
28703
36539
16548
27059
47725
35849
38292
24789
24241
16572
22650
42404
22332
46261
19779
39342
46961
17818
21390
29793
38427
47062
17320
31784
29188
22753
38843
23255
17603
38593
46402
37193
47061
45265
27328
20039
45039
26049
30130
44204
41619
17118
42178
40135
27106
30867
27197
32001
35505
22576
29383
42432
41182
24299
37966
27787
26084
29221
43324
25198
34222
45294
44017
20896
46505
32458
42608
15971
16925
43957
19032
28460
34237
23910
17687
16388
32637
40401
42074
17710
31395
45807
24263
33034
32033
41921
21743
45369
28706
36499
24190
30466
46819
46206
47029
24308
42948
24112
25371
35789
39839
32240
21359
34971
34648
45788
29152
34337
21429
37237
21633
34684
26480
21854
47351
16903
38795
24673
38772
46203
29156
43699
25066
47451
38409
34937
17272
39055
36941
26762
29737
23630
27420
28791
29917
27970
27275
39369
18311
47591
42547
46217
30617
27957
30016
29446
34493
30846
24773
25298
37318
29849
36947
30478
16870
40512
25801
34791
24097
29111
46445
27489
37121
43438
25404
35668
46732
42345
46719
40115
18035
31262
47775
23572
44684
45983
35898
29549
45442
34872
19830
27932
40396
33755
46230
22571
28891
28282
26827
33233
47768
29109
41292
26684
21773
16821
47784
19085
17506
19800
46683
31269
21260
47502
22688
20767
15937
44035
22663
29213
34479
43262
22087
46408
47469
34953
35797
26258
17714
18130
27574
47423
44997
46033
41489
38051
16308
17963
44040
40493
28233
38230
31048
42148
46522
16126
19423
20657
36768
48040
19023
16030
47018
26262
30688
25949
34451
15594
34618
28364
31057
38926
47922
25911
47248
26450
18917
23070
46174
44247
30211
27193
43048
16813
21102
17082
39653
42296
25604
35794
44945
23512
38328
23670
23005
41160
45800
39779
19237
28487
23531
29024
43938
42742
43241
45251
29665
20354
28399
22070
31347
16258
23362
34491
35303
43683
22772
44782
37621
23298
29878
42890
20220
39385
45805
33583
26287
35678
35848
26979
28938
33256
33552
41686
24204
35924
35456
47850
42144
17319
43864
23154
15708
39924
41581
16314
20333
48257
26627
30665
37458
41765
21917
48354
17097
38644
24084
40529
48007
44575
35815
21860
34348
27413
47570
27575
30838
46318
47522
38580
45493
44810
23879
27739
35967
46069
38443
21823
22692
30606
40642
24529
29028
37993
25187
22753
33760
34929
38742
19810
39375
25810
16174
22894
48242
46358
33112
26762
17354
24973
37877
19242
42504
37107
42725
17784
23365
19789
34084
31569
43379
28692
24666
23952
27796
39317
31405
31888
44842
47000
41690
25580
42734
24384
46724
25481
27076
32306
40652
27095
28399
42745
31521
21331
45185
31914
28249
21329
33046
33219
16897
23032
27074
20057
21490
39822
42056
29043
33317
40182
34189
33201
35017
26998
27724
41265
34450
21950
34826
30898
39763
29734
35917
28154
21711
40504
41993
39286
24013
46958
47451
16161
41834
36156
25977
20134
25779
30801
40170
44745
24691
41755
27634
22531
38218
39305
22353
33388
18431
34324
46381
27359
17431
16384
37452
29528
35495
36575
30598
41632
25446
18264
41850
18221
33798
42278
35969
16707
16837
34403
16096
47200
33087
27655
27458
16343
22662
25516
47461
44731
38772
16020
45843
44798
43584
47596
23380
18394
35408
31826
17890
26480
45390
35990
17117
44976
17022
42429
29376
35448
24143
35916
22164
18688
21552
18627
45155
21109
42660
27495
18416
42468
38297
48452
26533
45914
41718
33395
42445
20554
17779
45465
19971
19246
48557
17584
32490
25201
16762
34570
20511
41613
29049
33938
37996
28529
19694
32342
35903
48421
38861
34882
40026
48048
26389
46126
23755
31290
18271
28188
37919
17774
45495
28090
29395
17698
17066
24879
41739
40250
26528
46355
32902
38345
30317
40383
36050
36474
25378
17864
29628
16687
34857
17862
46091
38887
46225
18778
16494
39397
29862
34159
44210
46095
18629
25535
47928
24724
15982
34713
24231
29137
40859
36834
33758
33910
44112
47707
47149
23780
37492
19489
32708
46042
38879
25466
28779
46673
43700
38606
25716
48292
19441
34036
23022
31988
34884
47792
21020
48331
29473
37241
17702
17919
22545
27519
32269
41690
38477
28908
29412
25975
23179
45674
27966
32367
43800
21734
38627
26294
31271
43668
16071
41151
45673
23860
27196
21735
29149
36243
34406
36112
26346
35924
19951
21388
33707
36848
46845
47422
31626
35836
32097
34555
16144
36267
40210
40502
27131
16787
20697
19677
22417
34484
26957
39038
20789
45750
36866
17582
35640
27506
19198
39083
25585
47540
21612
43072
39184
47423
39573
41961
26415
35346
31755
29752
18346
26346
37927
42103
16561
34056
43958
24719
31643
41268
41456
35369
38269
24066
25002
43282
24060
22356
46796
47844
30815
36640
38916
42467
37609
38772
47292
21285
43109
40375
30538
46070
32770
47921
31591
46714
24417
44750
39139
28052
41709
25630
19095
28679
45163
27553
22938
45787
30673
18498
33976
25347
30300
46625
48159
33340
28637
20117
17756
19256
21076
44402
23430
41212
30655
31623
40889
36231
47668
33387
28102
37812
36398
44410
26921
22625
38693
39962
22076
26321
27233
43331
37802
37967
29711
35902
18469
18196
45717
30380
39004
42091
48163
21451
31015
27155
17034
36085
29189
30437
35154
30569
25545
18102
33286
20302
42896
25983
33491
25589
39414
40380
19282
22879
26250
26129
19361
41727
42879
21043
25016
39872
44452
35590
33018
24394
33942
37379
30731
18561
34611
21469
18658
47439
38995
20068
18207
36772
21427
19881
28830
27579
19250
33891
46156
43934
42048
33681
39737
16364
43411
21857
34799
48602
42267
16209
32771
21112
38457
28564
46057
31542
38956
39351
47372
42918
36044
18052
43550
43139
24442
23335
41389
36851
29783
39823
17144
26377
38836
44055
17664
23694
33226
22118
46050
20737
17067
38291
23651
25564
43641
44429
38349
26137
33238
20923
24058
22005
42651
40671
31662
18420
24781
27712
39722
24869
33741
47112
39165
18087
45006
45803
28446
42604
18316
44809
30776
48445
28220
30230
32069
32254
41406
19128
16734
48692
17690
39216
32721
35780
44842
39741
36981
36861
37268
29501
42554
41945
19452
33430
23556
31104
32631
32596
33722
32526
30274
36116
27545
24214
46004
23840
36303
48999
16497
39387
24133
44174
34529
41312
43708
17564
21472
21350
16667
38569
20407
30311
20487
20632
33611
30721
46517
41629
48533
35996
45308
31741
27986
29261
43183
34069
17148
23290
32041
31390
44792
16831
38953
20015
36881
44945
44769
45059
42533
45857
27209
26109
40222
36867
27065
37865
17444
26896
21431
22789
17682
27145
26894
26304
28710
46205
20000
29889
28668
37868
32380
46635
31165
48428
40627
46112
19860
40204
41064
45444
39777
31288
27815
31747
40882
28252
34936
20053
36079
31372
26547
42944
38100
47844
25109
48351
42532
32107
32404
26019
45724
16445
35056
44183
37158
23274
42379
25448
20560
22297
22394
24740
36092
48241
44252
19138
41305
21433
34154
37987
16402
42301
42832
36311
20421
46708
38460
45027
39606
19169
24756
33729
42693
44087
22444
19561
18845
48576
25688
21775
19759
24319
28735
35053
47199
24981
37777
47170
36860
38497
32186
44699
41974
46571
19511
32337
48331
43011
17320
42323
48451
28325
40743
28453
35933
47136
27097
47145
23433
23671
38594
30238
40215
18952
19166
43494
48880
42347
36205
40588
32132
41117
21134
39301
25347
19806
37903
24630
18128
28375
27780
46775
24883
36480
26774
48087
18254
22593
33438
18016
25426
33240
31859
42908
48370
16762
35711
30487
42520
38845
35609
19367
40919
28853
43279
34218
35746
24669
16513
36495
31931
32313
22262
45464
48621
42042
28585
29149
24446
38114
43300
33173
24928
19624
22800
48785
19879
33438
39500
22537
22336
40017
33084
33179
20703
39153
27236
22417
36921
47026
38709
22627
37236
23921
36134
38780
28379
32155
27399
36161
32983
35403
43154
43088
47642
44978
29764
33797
37918
24252
41835
26691
40910
27376
26751
30321
36483
49049
17333
42946
18225
28707
25042
32954
23523
42951
23869
40430
29540
48235
38233
32267
31551
26819
36881
44313
46570
29117
39349
46337
31039
47900
38660
30541
45355
36706
48522
21552
31402
40692
42540
17094
27379
31353
28161
48796
22255
35971
22883
44659
44784
22129
44358
43073
17056
29844
45769
46713
33080
44432
39179
33420
35314
37125
43328
34992
41152
26991
33028
47328
23358
34123
18158
43300
39397
39804
36201
48402
41346
20204
22463
26261
26855
38262
30071
25581
28385
34308
42977
40695
44138
20980
17903
37295
30495
28097
21062
21491
26612
44255
46997
46730
39462
21734
40742
36708
22129
27635
38323
39715
32388
17995
29306
38875
19634
38722
46227
32022
48106
35164
19074
29980
44009
41393
30729
31601
38318
29334
20032
17566
25646
24953
27111
21300
17738
33805
27642
24079
34558
22696
24710
27608
21723
24041
34748
18381
27063
19869
46403
46021
35235
32483
47571
31598
22557
45967
35584
19674
24199
21709
40275
31290
22232
25351
42143
35049
36498
40200
44690
45484
30196
41569
19339
46648
44912
38155
47531
45044
45919
32335
17967
48129
23540
31459
22781
43128
28014
29270
24188
34546
28306
23981
33705
18510
25945
24911
30824
17838
19430
48670
44055
23235
20922
24039
47209
30027
48427
32508
28274
48599
33042
17183
47614
48594
23237
42402
20263
42687
35909
40141
22055
40642
34488
27264
35178
46690
39193
24601
31208
27533
30510
39320
28081
24028
44218
29698
36041
38937
20725
17155
20535
37631
36409
35286
26457
21824
20990
47978
34682
21709
47368
17853
22950
32081
35807
27788
31421
32766
24448
46895
16839
20621
44626
30143
49287
29568
32091
41337
45651
33195
25012
40039
19747
34034
31290
37949
43239
37460
45447
35969
45342
17705
23585
21486
21668
32679
34544
26907
26571
38059
35318
37464
27822
48823
45882
44248
46530
34870
40453
30486
38574
35080
35409
23153
38749
40250
18559
30745
23889
30997
36168
32047
48954
48731
16886
33320
46791
30413
42196
31091
42172
38896
19939
29019
39749
29713
27598
44334
41609
48263
19744
22943
43907
31032
35253
24681
42253
39263
24686
40757
26430
33164
40233
34238
26870
47852
39665
24371
29623
42954
46705
19165
18871
24918
17583
43009
29235
41637
25079
30984
40965
25850
44308
33245
26233
37188
17095
42391
45149
27367
36209
18264
44375
38847
48403
45684
43388
26978
31608
19926
33565
19366
45233
40608
45796
31844
27586
24082
39456
28795
17307
42669
35678
35351
17482
31896
49465
33843
48238
46402
46963
46940
32495
33353
39492
39864
27884
41883
49137
44104
23541
34011
24737
36714
44155
18950
32877
43170
42116
36694
49078
30617
25251
24678
34235
26726
32040
43672
47466
30989
41364
44724
31863
22597
18512
46545
40108
24959
20638
36217
44928
39459
39119
36616
35818
37917
26295
46677
38519
22936
46174
35732
37787
17929
46328
25723
29764
28784
42519
49316
20661
35547
49440
17715
34194
23339
24827
39864
42807
45338
45071
47191
48974
32125
29294
19238
34977
28359
49228
24790
40236
46799
17590
30358
19063
24019
21633
34100
32803
18108
29056
18309
36034
18595
36346
49160
40172
33173
42074
49606
45199
18067
30505
32892
31366
21725
36154
27644
24173
43121
48676
23249
32948
39886
25333
18466
40179
46333
32549
43225
38525
17362
30153
39939
30520
46448
40713
31354
20652
49419
20948
35266
45913
20978
46547
22066
45134
21196
29083
30804
39159
48673
35110
18830
28983
38941
32900
19457
18358
46481
38606
18865
26749
29755
44380
28390
40384
18503
44855
25555
29434
17173
36049
43382
44608
30525
40948
48575
29646
24017
35833
19188
18407
41186
28218
26196
25308
28485
29386
41467
35690
48534
41315
30213
27464
39038
30367
17654
37377
27698
40299
32602
39424
25916
23737
43688
41961
20094
36214
20332
39984
36980
44220
37541
32484
46521
24136
32364
36299
39117
29486
48599
44212
40725
18635
20509
22537
42275
37884
30459
27044
32824
27789
25686
40931
47367
44277
27425
39679
25532
31296
46977
17561
47421
34892
21039
21910
21936
28216
29471
28205
49213
40730
26463
29758
40981
23280
36417
44006
49843
43994
45500
48720
22370
17286
48656
41678
33791
19691
40105
40488
46848
34362
46662
19508
23221
46865
24666
26534
19918
22258
47538
17450
17694
30709
47705
44720
31390
18873
31417
43015
19893
18592
30210
44462
47286
27964
19408
34023
49067
28676
17672
48140
48209
30028
40962
22054
43875
46452
26606
21692
24347
30047
23408
37865
47863
25382
42638
44209
23737
43790
29644
20885
22193
22712
39061
22885
24382
22680
24797
27734
39315
44456
48645
34645
23479
44894
23807
18842
38351
25563
26546
49279
48800
19045
30112
42387
26960
43543
28614
49898
26732
47319
27587
29112
41520
44681
49725
26398
31234
39042
25729
49988
29503
33088
46441
38568
28986
49240
27011
20918
47234
34479
45679
21144
38244
31469
47497
34127
19377
31279
44489
18947
46018
20733
26855
38295
43192
32891
28610
32897
44040
25571
20994
47065
25144
18994
44284
33967
19683
22562
21975
23970
26115
18009
28397
46766
32880
20448
27764
33606
37283
25814
19550
40611
18624
30054
34173
36443
38612
26870
29163
21301
35930
38305
47273
48188
45061
19432
31366
28690
45753
19108
17987
41095
42202
44863
38900
40042
37066
46628
26537
45984
40621
24436
35662
41330
42352
19451
28624
28971
19721
26210
28034
37091
42496
44198
48062
34454
23086
44489
18383
31609
23237
36807
29454
37261
44944
45515
31820
46964
19324
48803
39024
28292
35416
50033
32353
46874
48089
40612
27175
38704
24545
23335
23373
28466
30720
19416
37513
37134
37436
31548
37535
19851
28941
50033
43138
27611
29868
41572
48828
49011
43405
40516
32785
20506
41002
20022
36191
18496
29187
23370
19145
40338
38883
36269
34836
42955
30052
47649
34897
39373
48565
41899
44221
37104
38299
42379
18149
44698
38582
47473
22030
28688
38918
44526
46035
47243
24494
41257
29712
49551
41463
37843
31743
25976
29079
43101
38049
30806
34100
25192
31840
41722
30244
31357
48114
29777
23671
39422
49792
40177
27703
37724
36104
35058
30702
27275
23808
19455
31849
49587
49724
37804
39356
32297
31761
37898
40326
47517
30139
41594
33398
21397
25084
29374
35086
46874
47622
43606
19879
43184
41883
48649
32694
45196
33395
19906
40525
29954
47326
29341
24037
39229
23466
45890
39770
29746
23879
37490
32823
46038
29737
27615
48180
49295
49262
37697
30717
29929
29889
27046
25909
32139
34430
23817
36795
30057
43286
34343
21548
37435
39094
22670
40873
29997
30755
39159
23770
29656
17897
36309
45618
28017
44212
40494
30069
32832
45822
21162
30840
45908
36330
27882
37673
26742
39792
35098
36558
43611
18363
32202
22162
43806
25039
28153
37181
34541
41839
49523
34883
40706
28734
30558
32768
41172
36900
34575
25922
36239
26867
49954
29704
21954
31563
29385
48009
23896
42683
38244
41848
31690
31016
33874
22151
19603
36211
26375
46634
25571
48470
44383
48029
48023
43663
33842
27176
27753
25409
30761
46754
34660
42391
47824
34868
41884
34474
48620
46687
29723
32933
39182
43072
31262
44071
28008
30995
42882
43240
48096
17911
34169
31136
24931
35056
45953
22308
44412
42290
21143
48850
18213
34973
45223
49200
21469
34436
18504
19920
38138
20402
26790
38263
28481
43951
39359
41853
37044
22335
37075
21879
43179
44076
18709
24596
26150
30277
38055
27717
45154
39335
47557
36769
19882
28219
28737
41991
27760
29824
21295
49797
49820
18315
39649
25976
46884
28748
45846
30197
18909
32274
33134
18536
44433
34897
28705
19579
18513
32164
37105
29754
36364
25614
27741
38516
26977
28293
20760
20580
42674
35761
47033
43664
38266
20977
36532
34034
21472
27807
33417
36438
30860
28309
38459
19203
36537
44527
40964
28317
39051
36115
32327
36170
35747
21743
39110
26644
31730
33922
33301
22671
26826
47518
19791
40891
24635
38636
27655
39979
27804
19248
43137
43879
32872
40398
36898
47760
21580
42126
25126
19010
27517
34460
22161
27070
45647
28883
20840
27977
27396
40762
22048
25551
23777
40911
20311
36812
31112
45700
32450
26477
27777
27272
43367
24562
18714
29895
21516
34902
19057
42932
41967
46898
22991
49222
47031
20447
20279
28736
36011
25306
41023
41398
50210
44397
28959
37837
23866
48268
48136
46274
46797
46846
33463
23854
28065
37565
48713
20616
27359
47518
33105
42731
46791
24884
32808
33817
25505
39410
29572
49089
42231
22929
35148
25341
26369
33969
22443
40735
31329
48067
34404
41389
43025
28454
41573
27050
49561
32400
20382
33303
33157
26544
19731
17850
20502
18450
32560
36894
49208
46658
29789
32731
22708
46644
38867
44567
32167
19683
34478
32589
36403
30521
47939
29006
35444
34863
33459
35461
21941
45621
28865
20094
26852
49108
17888
23466
35140
49042
31632
38492
22370
42774
27371
34072
19018
45452
49531
49677
27386
32075
47183
42464
25623
44213
49486
36779
47583
36447
40651
28230
48735
36979
39257
28357
38374
33618
18400
29761
24505
28541
40432
48348
22280
33461
46166
22527
32801
22625
32749
20966
46564
41265
27319
47199
43895
28161
33580
23758
46651
41472
46546
30581
29694
20497
50446
36850
41330
34673
29498
20233
46301
21402
37623
40356
37139
29544
29125
46360
25762
35707
20689
33962
35148
22492
24589
36946
30650
41187
28550
44223
41838
30552
19187
48282
21242
31704
29577
21263
18543
46458
44055
24458
19993
48051
35662
18110
31593
46967
34912
36076
50739
32673
46542
30050
46106
21653
40570
47938
49224
32548
30980
18308
18786
22192
42323
34878
39866
29328
43122
19747
27591
35509
39582
19786
21715
19342
48029
47666
45044
41258
41297
33794
22333
48541
46220
45845
43317
24228
28710
31413
24712
38540
38477
26919
37885
40015
20509
22761
29352
26369
27504
34615
36961
39018
43768
29651
22133
31477
23691
28166
27803
38601
43453
29410
44585
41525
22196
49355
32647
20817
25400
50230
38884
18658
49674
49583
37673
47231
39543
24865
24619
24562
18476
32338
24357
33761
36172
25261
50277
38318
43712
19524
37701
37531
21199
26133
50525
24114
43502
38284
29175
39908
18905
49482
35267
19440
31458
29989
31437
44934
38793
34672
20651
47148
20046
41852
42235
34402
46531
23902
29709
48001
26341
45811
43484
41705
37292
40482
31555
30299
49121
40033
24429
49572
47664
20347
48526
43388
50046
39824
41680
39341
40573
26205
38033
40568
37245
23485
21195
27956
23685
23408
40659
24632
21922
29724
23111
27131
40831
36753
37441
50042
44598
46161
19153
23002
36454
32848
40619
48975
41606
49400
34588
41788
19064
19568
24643
38300
43361
32798
32125
39328
32185
34923
25121
19353
49054
21958
29294
40473
31086
25323
45249
29269
36500
45157
23307
36814
25762
39249
31875
48945
41633
25958
18328
35963
31396
48178
19498
29792
45476
23974
24057
33006
22919
50133
48990
39278
29058
37369
25657
35211
24737
29879
24874
33718
32420
22436
23300
41672
40717
37895
35454
44777
21111
31969
43052
43441
21033
27690
21678
25998
18923
46430
20776
44134
29721
41272
39922
47485
48117
22205
50576
35480
23105
21885
37348
19555
40974
25878
47522
26128
25551
40441
24581
26689
50353
28529
37056
25384
47151
50913
23096
26604
38368
48205
22512
47439
38292
26651
49476
28559
29600
50715
20571
37769
44918
18886
38231
29988
39033
34755
35278
49389
40207
39088
30846
39167
36855
39198
36156
46374
22493
27357
41262
20036
48427
39803
38714
22771
18979
37895
23742
21355
28971
30234
25218
43687
28007
18969
41451
31427
37261
25268
33393
44713
30965
39346
45906
49900
20208
18929
19848
45044
41051
43688
20985
48988
27508
28656
22511
20632
25068
21635
32711
20699
37181
28867
32237
27191
25917
33534
21000
44551
47347
36080
32369
48778
27050
27273
21482
48080
41029
50673
42381
30682
50386
36042
30978
46589
20578
19125
34549
31111
28951
36119
40903
42917
46206
46109
18564
32900
44063
21757
42006
46007
49235
37247
31928
37849
42326
35005
33197
44403
42653
50470
36145
50463
48234
19401
34480
33006
40861
45265
46390
49416
20429
21835
38439
27538
49047
45616
35888
45013
39734
21663
31357
33948
23892
28522
41004
26077
42528
42452
18434
38300
34977
29593
41053
25613
49738
22063
20330
49913
37070
39756
38808
43106
39478
30888
41037
33898
39728
20740
46807
20081
20394
19051
39845
28030
18847
39352
44983
32736
43569
42840
38483
50709
28921
29009
40698
46314
21915
20099
35738
29412
24477
30510
34565
50399
45177
30389
24482
44533
46064
27298
23138
50849
43682
45801
45558
36644
49884
30577
38464
49448
46001
42704
49159
25764
36428
21079
27886
44031
47492
35662
22439
23416
19377
42368
32868
49093
46782
33531
22926
30714
31360
19729
44218
38573
20806
48802
19417
24152
35506
25502
25262
40190
35015
29125
31878
27410
37698
40625
37411
20884
29998
38679
46073
39805
39091
31562
42141
22109
38191
34048
30586
50755
25480
47705
34758
20701
44224
21021
23476
41952
26313
44357
51179
39594
45979
35262
26424
42791
46725
21097
47743
49649
21440
45158
34040
42427
36426
49554
47255
23023
30705
38990
34508
20630
26542
26755
26989
39801
27189
34275
47089
31877
41162
38769
40158
21876
33366
42051
32644
47786
45754
23942
46572
44381
25699
18884
37644
49401
30751
46434
42300
44995
20271
35949
47342
41660
33693
33174
29593
45256
31440
42618
39670
22799
34397
22823
23663
31908
34592
43740
43221
39781
50828
42001
30801
22562
31295
35255
35485
34817
42457
34753
30579
20768
20239
25827
41798
40061
47099
41882
27697
24339
37814
46188
41773
32326
26921
40305
42374
21377
38944
47890
43664
37662
46240
32273
39318
39558
44155
19146
31763
27033
27425
23992
24612
19280
28601
22842
48958
29088
35185
24727
48412
34978
44562
25664
21244
34034
40663
33622
47883
45397
20351
42604
45086
49054
50081
46990
21922
24786
22080
39810
23510
43146
40863
20557
46136
49049
27990
21754
27196
43503
32934
48790
29764
41917
34570
40575
37069
23002
33038
40415
33766
33126
35684
29299
51431
37549
48693
37009
35935
43853
38581
48745
33358
23452
40698
27787
27797
25412
51214
30633
26026
41264
43587
47006
50064
47788
40902
32688
42759
48583
28023
29714
35584
49916
28152
22701
26707
21010
29444
48417
49588
36417
20739
43526
44004
28054
51419
45943
42532
32665
50184
38097
22255
34604
38639
47544
33000
27574
48495
22619
50194
50561
50618
33017
32575
35169
23907
50853
26059
38807
46264
25926
40329
45556
44113
35041
30974
40258
33001
39451
41421
29151
26989
46073
51059
24491
23379
42731
42548
26916
26925
44297
31317
22992
28542
45980
45964
31708
33740
24032
31925
20738
23030
42248
27590
21168
37832
47491
28165
32102
44749
35198
50297
43871
33892
37034
42142
33397
36886
21823
20829
31039
28711
46657
49210
46972
21611
28418
40656
21940
20315
29672
19578
49180
48488
35952
40020
49339
46736
20083
29538
29899
48686
24232
38670
45410
42262
39531
49112
39761
20961
36540
50249
30284
25478
24715
28712
28492
25131
35379
23537
26162
29242
37444
22659
31405
48566
40837
49945
24669
34768
36409
21883
48697
40629
27298
50806
40238
40875
29892
20105
43528
49500
37227
25825
20118
39025
19567
51336
26121
35427
20535
43481
37022
25230
30332
34871
27261
48520
22095
38910
43488
48816
29534
50362
26743
50186
29299
41879
39948
35914
30525
27161
33379
33582
36691
48397
33892
43025
20086
27584
21627
49854
32790
27502
19520
23170
37400
42749
19795
41861
40151
30443
43402
22105
44137
21894
22095
42452
44835
41819
28483
50971
44383
36848
19496
49152
44668
31414
44541
28558
28455
24633
51050
34017
19673
42906
42079
22588
35489
25663
46329
23125
21284
24521
32677
36339
39906
32838
48775
49083
19899
24232
27677
28743
22193
41335
33567
42105
35055
28610
30122
36879
27403
36955
40862
20087
23944
35140
47173
40420
47519
21348
34613
20641
19774
30334
24695
26790
22610
41316
44008
37225
28482
37480
31712
27638
26299
25620
30482
24898
44211
37403
39347
28348
45736
19086
37343
41254
19753
24403
47928
45475
44184
27604
32208
30993
21294
33524
37961
44440
44095
31047
32058
40579
43200
40834
39893
25167
34054
33072
19399
43778
39888
31655
27744
46271
27272
49467
42740
33430
43718
40113
29825
23968
42262
35063
42641
51788
41211
28946
30562
26612
38452
44119
25925
28340
33597
35550
23876
49019
36121
34356
30983
47714
19535
27216
21497
20285
27443
35528
48038
31856
31078
22597
48999
45061
39072
27189
25410
48891
26285
20671
31244
26336
51382
49916
27344
36258
31682
32100
25973
45986
36476
25734
51866
19466
43063
49149
19141
28513
49455
41375
32957
40028
45074
19703
35636
31479
45247
45814
27049
21957
51277
21989
41101
48516
43599
43422
26789
35573
33622
50172
28079
45803
19640
29072
24648
41121
36240
33429
24333
35408
44294
25638
31489
29697
47569
22959
23343
21664
19194
27298
50064
37203
24034
22635
33582
49930
21894
45221
36234
31318
32514
20366
49979
30078
48980
26296
44505
31952
20067
23554
45849
22837
41792
38087
33593
39176
30123
33109
50847
38696
30937
31905
20157
30796
45940
21561
20023
37527
39140
35961
23624
29549
51149
46338
51042
30596
37336
24936
31508
43326
45239
39467
32049
22838
19555
23017
50735
42264
46760
27345
30925
24759
32740
47195
48376
38233
51468
26934
49648
35669
30447
21890
43943
37345
43711
44352
28522
31013
41933
25351
25538
29332
28308
44792
34717
19323
34041
48628
50345
46554
50129
24844
45313
37748
22948
20792
37899
30498
37552
23372
45728
20588
42545
34857
42606
30042
26848
38192
50331
32392
35002
20733
22443
43385
46594
45137
45220
46381
23945
44879
21360
27894
22573
21228
49794
21895
45984
24225
44477
45134
30827
37474
34961
51460
37170
34004
19303
49538
46905
28091
25663
20438
34855
29873
39575
41622
43274
22558
27279
24436
39580
32868
39756
28691
41669
21338
38042
37145
28512
23548
47061
22406
22082
39521
49161
41028
22136
36845
27992
40446
48849
23495
32668
31030
40349
31629
50254
46738
23987
33863
48039
22391
46265
26522
39172
26841
50847
39231
41615
29778
41581
43187
46108
34673
31807
41775
26961
50516
51341
20954
45834
46713
40112
43070
23547
51921
30882
30456
49304
49686
24070
46772
48689
28255
22632
32601
40290
34034
23237
32641
31658
29017
38478
34860
30810
24248
44649
32949
43185
27485
28153
22277
38725
47769
25055
49158
21156
22734
31937
23642
20284
42442
43017
38222
41080
47443
26161
50697
19756
30211
27199
34058
49971
48727
51339
41425
44631
32770
42184
43739
46704
35207
33090
36820
26832
24070
37733
46089
20703
31574
49535
34076
33795
50773
44487
27131
42179
37244
29341
40466
41259
29111
29715
19648
45170
21875
27309
33032
21466
37368
35685
48522
24280
23289
28914
20657
51829
22633
43594
47405
22516
20113
37478
44708
50869
35936
21829
41636
41305
37890
50739
19933
26151
45492
27467
40333
36526
29910
25147
38203
47788
48961
33351
30888
33327
24284
24465
20995
45818
25962
37783
43100
32042
45734
28413
31323
21274
25746
30861
20786
32899
41484
23932
32720
48360
29602
46830
25175
48433
40615
51389
45521
34966
46726
40310
49183
38078
22615
41893
45105
27944
50352
45139
32381
27083
52158
35532
28073
47353
49044
26022
43915
49289
24770
26878
49748
39477
31018
45573
43528
44865
39183
27580
36402
46942
43631
25851
39893
40653
20115
51128
27557
38855
47588
21894
23671
23325
33280
19804
29175
23580
37389
24216
35737
29619
47438
19779
34770
50904
34803
43927
42887
27687
28214
19646
50630
38092
20899
21725
47028
48292
36023
35409
26822
42399
36013
52281
34612
41577
33173
21044
21675
29769
21670
39276
28483
49225
22741
41683
42672
24471
27047
26284
45500
36651
27715
41294
22517
49834
26315
23844
25506
40586
41452
24057
28668
23928
34996
20850
26523
42230
47780
26844
50991
36169
33799
49192
30832
24722
45186
46644
22872
21819
27627
39501
50063
51092
42334
21233
43047
46782
43150
25049
37769
35017
24922
26935
44463
23065
32161
38460
35476
23566
24918
38109
24297
34532
41175
28887
27914
41687
30074
34800
48688
27787
24681
29056
31720
22700
28593
32561
32196
47825
22933
47875
24400
21415
25128
34451
45639
35403
48923
49052
41223
21751
28115
36286
38211
38113
44990
48510
46840
26976
41192
52367
22434
48721
40137
35664
40367
39353
25954
30613
33844
27820
49288
46250
33503
27501
32639
50325
29229
45270
42186
26268
32732
45306
40002
48903
51108
48906
47462
44071
25634
43637
28658
27799
35861
46931
31411
31426
36812
30212
25753
49573
51935
48660
43022
36567
24094
20578
22662
26054
50631
25730
35415
38979
40956
42335
27852
51265
46963
24869
51828
46809
42608
28766
25536
33938
42480
39003
22477
50912
23847
27861
36735
38634
50477
29908
24271
32144
29941
38608
20582
24749
27006
36886
20330
21913
40525
31598
41880
31987
35354
43771
29587
52125
21450
22882
49531
25863
21405
30255
38338
27313
46249
37236
52283
25835
51847
43698
46964
43232
28492
26365
36422
24530
32186
29276
22442
37799
48056
36975
51406
25765
51456
41044
51561
52346
26136
38858
37451
37503
42883
47511
39480
21821
26936
35624
50422
52529
38483
19832
34981
44236
39179
32051
32079
49598
34532
40474
35520
47988
23845
21929
43160
47839
24973
39159
25758
36728
31554
29151
41815
50561
38922
40797
20184
27021
29117
38202
26584
42306
51195
40684
44297
39262
25114
43448
52393
39160
28002
31257
21587
43529
35709
20581
21276
28458
42281
49326
25051
24223
21808
49638
34248
27285
32666
47175
41289
32424
26913
32498
26376
30376
25317
46295
33609
29341
24161
20692
28539
44040
32158
49441
41996
45164
29606
39403
40066
42253
51516
38719
25032
30712
22986
30250
36549
41539
40091
26911
33587
24470
36426
43928
47279
32491
20091
30976
28172
45201
50632
27345
40173
30071
26623
33274
28051
37799
26250
24451
40179
46097
26414
28787
35084
36234
37625
37106
22391
49428
37237
27307
27200
52064
50210
37492
38644
44945
22051
43313
21499
48963
29752
33781
20520
41932
49388
40811
43151
36033
22800
25205
45207
42941
31847
29714
32848
50525
44707
43141
48390
20367
25744
51636
20502
29965
37264
48846
32768
44580
43335
22320
40894
32442
27031
48266
51284
39311
32975
20541
20649
51395
25631
30728
30613
49049
27216
40420
29755
47482
32433
26412
24729
35389
32853
26369
45661
33701
41339
20461
46586
21547
23374
26822
49148
49918
51663
51414
34968
27977
33807
40760
25992
26804
50337
35205
22038
28461
30287
48561
38262
30696
30988
35631
42840
24996
45866
30556
37566
37425
49869
31002
48907
44847
25504
38843
42845
21528
23750
28962
22557
27009
35604
27428
27349
33180
23421
37940
29761
24066
51661
30528
39080
33455
47003
26326
47724
31310
44920
33675
30433
44984
26733
33181
25947
32951
40357
29143
52363
28175
36454
37301
49675
36031
47686
26313
26679
40068
44443
43357
48703
26527
29235
49754
46714
20440
30789
24681
34557
44227
35752
26711
26733
24386
43331
50366
46865
48715
51397
22754
43563
49387
28310
39641
38281
35211
39437
39151
26967
46707
25571
28232
25655
39820
24807
27335
43924
51562
40180
29231
48690
34185
49696
22152
29962
38871
49207
45509
34390
37235
34920
33443
48872
28853
45373
37076
26047
50798
38609
23645
32220
49265
52029
39997
23122
48466
27475
36943
47261
52589
43919
43633
21812
50474
45386
21222
44642
50304
35889
52217
26961
22456
25590
30947
36200
38260
44613
35823
35286
24047
33018
24540
47471
40838
21649
32899
22712
50296
51933
42682
41533
44522
52733
43895
34091
24622
39821
46649
43546
50244
36889
43683
47659
41633
50903
39274
40019
47920
24981
47218
40182
40599
36080
42548
46008
44219
38087
31843
23440
23686
40175
30159
45342
45288
21032
43913
52030
32539
42832
44360
33245
27180
29399
30987
38667
47031
32883
38400
30290
25074
27413
22181
32326
35564
21275
34349
34910
46359
50375
34085
41730
25861
25328
39255
45541
36975
43511
29935
26773
32379
24317
47324
21329
32062
32595
30329
25114
36992
50226
29805
43532
32192
36525
47824
20719
22904
20451
43663
22282
31139
49529
42001
45879
29051
33352
33050
30013
31367
27474
26096
25177
28373
45307
44477
49182
47237
42102
30261
49536
23175
43389
36472
51755
30372
46149
52538
31769
29891
25521
37409
50019
44901
35782
30318
21591
51571
50271
28896
20428
37177
20513
28885
33202
38066
28594
46259
28141
51974
29990
24454
40804
30545
43962
37355
27988
43174
26565
35372
43755
31572
21227
36780
29970
32615
51348
44422
37514
26738
22172
32881
39482
27276
46669
39911
21447
26777
20874
51846
34406
22475
43084
44470
43502
31848
43603
32908
44594
25549
22805
33262
52365
49075
50683
51704
38846
34481
49356
36511
48630
32258
51817
39828
45360
37001
40892
33131
43457
38674
28907
49149
46896
30171
39121
28683
21319
45907
26798
45092
43882
27681
23581
22728
37928
51304
51527
48077
23312
22089
24919
29442
27334
28074
38190
33299
30038
33078
45655
53164
39111
32933
52285
47585
45556
45118
50587
51662
20887
39322
36405
51834
34727
31146
26822
50946
30948
20476
52537
46067
29360
29497
47899
51191
28960
52979
36945
51124
52051
44701
47110
51441
31234
47579
50664
45306
44121
34301
20884
29254
40709
24773
42574
52568
27023
47217
39670
39139
46568
50421
42551
21809
38469
22153
33538
36549
27948
28003
31035
21568
39887
32454
40626
50049
27290
35643
42068
29200
24584
27167
33699
46269
31162
28253
41059
35460
31690
51325
45718
44724
51805
51678
36011
38481
33143
27967
37363
23734
48916
51332
29012
25470
21364
52151
30785
43429
52150
29006
37353
40427
35496
50092
50863
28793
25566
23530
53211
42951
27905
48598
37775
31933
31082
46396
40188
49689
29679
39013
25813
23312
35581
37854
32260
34104
25320
25466
31389
31141
49790
40090
40208
43346
28130
28076
43426
39107
41880
30450
27678
40681
28636
41093
50631
35654
51768
37273
22418
30546
45397
44290
40082
50972
47378
46840
34996
40244
48851
34839
32684
50633
47131
29097
47151
23823
53086
46888
24419
46307
49936
49407
37012
48562
47874
27793
29992
30359
34798
40316
41173
43203
33105
29727
32273
29218
30072
52570
24266
25404
24542
28564
34136
46169
22965
35075
47536
21992
30915
25383
48858
24609
36975
28568
48293
42474
35100
37378
29081
28407
49589
52078
49453
40246
44937
43715
29242
49514
45146
42636
45488
25365
49840
50171
44424
32668
39027
44846
23545
33958
47033
43186
49903
51653
40413
27718
21433
52568
39121
29921
44801
47280
51893
49654
25858
28529
35752
33270
34293
44603
40414
50711
38604
31882
26610
41812
48675
30171
43390
25780
48500
44561
24042
45776
35466
46358
49537
21647
40248
32197
44234
27957
50506
44040
47637
23452
40124
36413
26964
40640
27178
50655
46636
25474
34696
25442
21580
40869
41235
31070
34302
24093
24711
27376
49403
41097
22675
31070
38276
31230
50314
21753
35758
50950
28763
46408
27390
42728
23747
48226
41013
39466
29633
43420
46445
27221
24907
40804
36965
48888
25663
32877
27418
33775
43932
43021
47767
34021
37874
33251
30733
25112
22807
50364
32806
49756
36892
21687
31895
26211
32127
37032
35829
33083
39842
36539
39881
31256
25980
35930
43238
31572
47503
38224
23034
29364
26906
42542
43108
26349
51087
52717
35653
50791
52807
37590
22746
37696
43125
40607
21001
37012
47961
30167
35897
21756
32438
48772
44391
26196
47493
23050
44662
49858
30443
22094
38855
31475
51049
31260
27658
49576
41555
28870
46420
38002
31619
22798
26737
25017
24910
47942
37499
53251
46775
43702
33963
35443
24035
38462
29296
46736
26317
35901
46526
30537
38459
30129
44457
41269
22769
35999
27442
33823
30500
37301
41057
28097
39985
34094
34196
51664
34447
26358
43286
33593
29698
49678
23795
35499
40466
34611
46859
42581
23228
31418
22374
28401
46439
47551
26823
40449
37914
39550
36740
37208
48363
27649
47764
42973
53179
22780
35562
23436
34848
29173
50433
48317
23459
41639
32953
45737
51244
38569
35681
42282
26298
53579
45077
29634
38487
31937
23114
24031
21324
46211
50855
49245
36497
52979
46615
52301
39303
27200
22300
39669
31209
49291
22886
49943
47616
34633
24484
21367
35095
24041
50074
22167
49199
36790
24691
50117
40692
44286
22361
33111
21743
49012
33348
23606
43772
40403
35087
39065
24831
41668
52433
32787
37843
51970
40298
37072
49027
32444
27996
45596
45501
35387
30685
37412
32899
35268
36138
37121
22820
52416
31005
23794
47979
29722
47106
41961
29974
53225
28071
32330
29065
49231
21170
30447
45508
40352
35895
21615
32915
27591
41354
34720
46852
23782
33874
25434
42270
26429
24287
33150
29392
29261
40126
31031
36136
24381
24970
51840
29638
28796
25092
41703
31375
21672
21350
24464
21414
22703
25845
28796
30104
34100
30678
33035
45526
43828
35106
35264
36713
41961
33341
44869
48609
51182
25443
37551
46222
24997
31875
30466
53747
40662
43089
24568
36728
50584
48535
36350
40287
45173
43723
31616
31481
21961
28647
48998
24346
24171
27253
30943
33994
36751
42985
43101
45117
35819
45620
39393
32774
45081
35478
50296
24199
36413
50868
49925
42924
52455
33770
51778
22233
27963
42210
49154
53536
48207
36198
22457
40888
29652
53362
22589
44714
52729
33934
28366
25550
37004
45658
45909
41462
21346
37227
49641
35945
34298
34645
36247
40595
30813
40201
53347
27642
27464
24162
48266
40052
27533
22522
21258
30872
31927
42818
33636
39538
22253
53458
30881
38523
48153
53501
46995
45255
43081
39593
29277
29313
24917
30813
46390
45973
43458
33692
53353
27820
39654
42610
41888
25949
27213
23372
44643
37537
40540
40717
35292
47496
30260
51549
45021
43563
35033
48964
45860
42722
24468
46073
52445
52151
36757
27636
25448
35354
38621
46666
28253
36054
32859
36922
23501
38979
37717
42755
23243
47805
37386
44025
44843
24918
52118
44760
29322
42184
34069
29272
26255
25262
32267
28418
48239
30451
37892
30785
30135
43402
51575
47036
49734
42079
46064
29411
32664
34190
38254
52936
48459
25044
42250
34353
27355
52034
51930
50667
37553
45113
21269
41825
50780
42642
23672
24941
40990
30493
34280
30573
32170
32077
40792
36506
22572
44849
25069
27029
23946
24998
29536
27203
44777
40140
47269
43483
26740
38070
48074
22333
22104
39526
43297
53126
31507
39160
42913
42209
51951
29469
37002
34720
49353
21707
51784
50571
45079
52531
51866
21367
30762
50420
33779
38171
31920
42126
49697
22304
34684
48921
47660
44919
30602
21815
53633
47087
24893
50247
24655
22279
33772
46555
29490
35584
47261
25452
53263
27447
48656
49741
49727
21426
34304
43998
29167
28409
26533
22018
51910
37415
23421
45011
46537
40768
42060
30356
43644
25029
35170
38630
23370
39302
34332
44607
33063
42936
37549
49305
35444
37447
27166
30311
45347
53614
29076
30413
48155
39812
42194
45584
28638
41753
44030
45132
29289
31553
32424
47205
42588
38448
47112
25407
49498
37383
32903
28466
41395
51182
45186
26552
42816
53603
36938
30057
37775
30673
22895
27178
46400
49765
23870
23969
25263
38429
29832
28140
34772
39970
40101
30866
52071
25175
26041
24505
36679
27186
38454
44954
53276
39371
42914
47155
43067
49970
32923
28475
31179
46598
36888
44635
33830
36675
44529
41371
26754
47964
25762
31259
25041
24202
34892
47363
46054
38755
48892
42684
38360
53166
24112
51809
39851
36726
49559
30064
25389
34397
32537
47046
34847
48947
39959
53194
41877
45511
42996
27368
23200
42749
24532
51777
49193
41761
49059
40864
36384
51835
42074
46768
31191
29732
25469
48749
42920
24344
31720
50905
33246
48523
50124
50928
30419
35457
47093
48861
25173
23961
53326
51822
42574
45353
32166
47046
46756
52880
46260
30290
40031
21704
43609
29182
46090
36155
42278
44712
43867
33496
34846
47060
33302
36709
31421
47266
37422
54039
53817
53246
25389
51808
40967
29975
52439
30216
35233
32786
44298
51583
52615
43775
46313
54130
39299
40716
37178
21660
38450
25080
29195
47327
52160
47051
46492
42643
50163
52421
47737
38942
36203
48020
40167
46020
33832
50122
25473
21953
33612
50317
24355
32917
25634
53136
49671
42912
28256
26691
45614
34798
40361
49991
23298
33620
24662
39461
49721
45500
45942
26431
25596
40125
49171
40455
23113
22895
23992
45934
37782
29821
40495
35488
23735
25723
50831
39406
49665
30330
22903
23563
35760
26842
38548
24956
22918
43104
37737
38474
41397
25480
53583
36858
38655
26653
29882
30654
47644
32518
33215
25837
39516
47715
49619
48049
35213
27097
46806
25600
50975
43305
48976
27853
26246
48392
53242
28543
29920
45611
26240
51106
41432
29345
39301
29404
28618
50533
27111
44323
44840
27700
47429
40238
51484
54172
35263
42281
40302
35158
27389
43949
30633
27861
47219
28911
24441
52767
36067
50232
51288
28380
36643
44437
25705
39340
31776
24527
40612
50110
37411
34461
32820
27807
49491
50457
34077
45135
50556
30833
42018
49050
36110
37599
36326
45733
37225
41691
26449
27080
33879
23183
33589
28827
30426
43915
24370
38740
23849
51898
26583
46672
37877
45204
51209
53231
51952
27030
51113
33957
30864
51951
32113
36174
47888
24445
22559
44994
51897
41207
49878
25002
24927
53612
26817
36242
47918
35052
23545
44607
38055
52101
41897
46146
51685
47985
30064
27085
31525
48013
40454
51398
23173
38413
23843
30490
34572
31598
47260
23892
39147
28077
35535
35694
49922
27575
53314
24550
44454
28960
30855
42261
28322
40471
48739
39101
49787
39834
52015
37345
27385
36838
43389
47321
22242
46898
51967
34213
30473
29852
42405
30850
25735
28516
44038
49339
48201
36952
42241
50626
54219
29583
42660
50815
43810
41562
47180
33512
49216
43384
24590
41938
42868
24457
40790
54534
36144
28613
41678
50584
34063
31982
43394
33396
51734
28803
26433
24378
54331
51767
26182
24908
26403
33698
44056
24869
32304
23605
42414
21996
47547
41331
40663
32584
45470
51038
51417
24951
53494
25904
37976
51098
40743
27212
25210
49235
39456
40820
53577
51346
34272
51260
42841
39084
54584
30911
41642
51118
36819
29584
44751
47344
22901
41972
50768
34797
32384
34894
33614
26193
43452
41178
41829
41044
42839
46750
33495
47943
22827
36510
53990
25196
49216
23888
36737
38411
49042
36431
30755
53442
31764
46163
36857
38685
32244
46433
26947
42343
30497
34623
49148
44991
54027
36907
42941
26734
29610
32716
53471
49271
49089
46185
43232
38512
26212
32857
23047
51089
31672
25531
28235
22283
54010
36455
39282
40858
47554
48676
28278
50014
30857
52507
33836
52711
48233
33931
52519
48271
52773
34751
42715
24844
47721
27453
25598
53829
53075
52289
22068
24421
37681
31849
39658
47406
39053
38322
44930
50577
54119
35491
37041
53627
54209
34504
26918
38129
35169
45922
37741
48479
29906
46173
29458
29229
27052
29058
26889
34708
50709
32750
26445
54192
50056
49091
26568
22998
50389
33309
51827
49191
50537
52040
24254
50021
52688
34096
39986
40198
37240
46616
52821
36743
39352
36751
47054
36099
41488
27040
28873
44036
35251
32330
33949
24217
32322
31024
37548
40873
50139
44944
30347
35462
48722
38009
47972
37061
40894
48441
24216
49742
24632
35349
42408
23471
25311
51006
35669
36534
27680
23040
34822
47422
52532
52795
47467
32329
26857
22551
44384
30031
30118
40436
54292
25558
41129
24224
23914
46403
30356
51149
34207
42224
46376
37058
38190
52862
27216
44368
38896
39021
33889
44296
36744
44265
47008
39595
42238
29927
23813
28642
40362
51569
44606
28975
38740
53054
33527
34340
53145
45190
29529
25043
31376
43284
33744
36741
27822
39069
48658
47023
39911
36688
23389
45345
48150
34990
25599
45697
31391
51356
26652
47096
40275
36535
46508
28971
34964
37863
44995
52077
28857
34359
43797
27698
47796
30436
29625
44999
53233
28339
24621
32833
27010
40072
38299
39092
38522
53813
24922
34981
33174
50064
52152
35777
47651
48072
51191
35279
33819
48377
42389
53987
29586
48637
42705
27604
22352
31366
24682
32497
46784
35177
50858
50416
26377
44349
35747
31271
31610
37669
45753
46079
38187
29674
32096
43685
54753
52045
38183
51970
31283
39323
38646
42222
24299
25473
25491
35232
30127
25634
22891
28265
27873
42343
23440
26531
36547
29334
51710
53220
39903
22823
53026
28535
42150
43987
42653
47116
42583
48109
49477
26798
28450
48373
27244
44534
36238
34411
53862
37502
53016
42977
41541
54169
37404
33620
31975
28225
28409
25020
37171
30801
31857
46562
41375
39413
45902
33138
42229
47966
46411
36945
25688
47802
31537
32304
47746
48739
44609
47714
22607
30550
45266
32234
45695
26600
39483
26585
31927
33460
43507
46039
54730
46552
30199
48895
35127
46689
22636
52976
35315
40963
24710
53024
35432
48398
51880
30836
54717
35485
50125
38670
52824
52496
31782
25191
46497
51389
52484
39837
41225
29411
30201
26126
49228
44767
46394
36389
22770
27555
48968
45684
39708
46435
22992
33539
45949
36753
40399
35560
48807
43788
42233
47128
33160
52373
42588
38269
35636
30594
50753
27465
41957
45238
40275
47497
44351
28112
47875
49405
22489
33955
42794
36391
53754
44775
42736
47778
54176
30253
51438
22709
43975
39961
31887
48424
45799
53963
47292
39766
50879
22942
30136
42884
45905
53781
32328
45937
44334
24850
23576
31022
49395
28745
25434
34864
23572
41973
41392
34980
53976
22729
46156
51458
34725
48682
51541
51685
38782
24731
53389
48154
45002
47225
40754
42231
29015
37096
35618
40174
33950
23309
49474
23650
49993
49534
23327
35512
39666
36854
30678
33714
36142
49998
23602
34552
28874
54696
24085
34296
22612
39662
40729
33776
49629
49531
23158
48201
29694
51991
51751
33575
44057
37417
26440
37950
33249
44840
35267
50151
42013
53843
43819
50803
53929
26018
53480
33215
47549
35580
24981
40200
37489
51882
27046
49921
44161
34316
37710
51747
50510
33418
54688
46917
53286
41166
40692
52844
37829
37936
32396
42468
49436
44658
37239
28560
26449
37806
46774
27774
26886
27276
52894
48830
55006
23736
35197
36213
54077
31636
35200
44845
25424
23850
23508
52847
53582
34148
36108
48276
33789
28543
23747
26328
28535
52157
54402
41392
33582
50522
50660
48734
47406
25794
29687
40642
43682
25089
27622
47987
52634
31611
53461
53262
49163
42205
40717
41422
50199
41555
43609
37981
53647
25596
23471
33002
24759
46491
29203
33660
53833
38543
51897
45702
39100
52741
29802
29883
34501
36716
37416
26915
26399
49961
53525
38255
49544
51084
30097
52874
28940
48643
50083
36720
28549
47246
50842
45635
31331
23411
48116
49052
29865
50995
42366
51231
43576
24252
50877
31826
22608
48608
37261
30383
40788
29702
50696
27639
49613
55072
51625
46538
54450
33501
31153
27509
50407
55327
31946
32011
54787
37039
55275
33975
32342
47920
51835
49744
50219
45905
46521
29998
32842
27207
37723
34876
43457
37755
49013
50255
36580
35199
39325
31926
40851
32583
49485
27155
44219
53654
29065
42857
49439
36022
49089
34165
30553
31340
49656
43074
28955
52267
24614
41720
54203
46472
54491
34292
28143
35566
41254
37662
27349
47251
30645
35959
46646
42410
25405
53490
30219
55259
44061
48005
48448
27376
49470
30847
23481
45265
43069
50460
28563
36274
47308
52567
39852
25739
42837
39935
34661
42952
41697
53517
35750
25154
35385
37429
45347
52335
31818
27067
25566
49621
51150
34696
32749
43717
32297
39037
39806
44613
44433
43015
45592
49230
34418
49140
38180
24632
28689
47749
50603
39794
53359
31428
39777
43126
35696
32535
23779
44540
32060
33302
44349
35438
29670
40346
29359
44957
27724
42006
39601
26290
38462
42027
24372
36967
25570
51830
28971
46455
43094
38317
44106
31570
35224
37098
47117
53526
51619
34886
47613
26811
43739
27562
32047
53389
29611
54242
45837
49376
54637
24051
45400
29183
47754
53423
53614
36453
49122
49286
54473
38192
23918
42399
29385
49362
33315
38952
29619
50698
42778
42730
31993
32531
40431
31776
29372
55067
40551
50313
37519
35318
55125
36028
43902
35860
34494
35004
38735
44720
23867
31180
22791
54347
45215
42628
33968
51545
49626
39205
54362
38202
39453
38954
36448
55147
49983
36127
41196
34046
24416
52662
38589
39495
25548
31512
51496
38105
31521
27513
29533
51633
53941
53743
35564
27568
55090
39044
33160
54863
42115
41098
54282
28814
44276
23854
35513
48173
23444
31824
36552
25887
46558
37266
31008
25916
49305
30639
48736
36918
44029
23567
23586
39886
35607
43160
27521
30791
39535
49094
48344
36123
23015
48894
24779
44526
32230
47903
49804
23488
31670
43867
46935
42598
46379
30277
42815
49723
34694
54570
45869
42515
49560
33189
31782
50544
50475
24942
28620
47865
55197
42099
48680
30503
26062
35114
23718
51010
48957
47909
47713
51340
35949
32743
35233
39868
33934
42486
49826
27821
42585
27185
50072
41560
30780
51044
45551
51968
37815
25626
32983
39084
32774
37554
49408
33242
40960
38837
40354
23154
46911
43623
43713
30969
51841
25500
26799
48135
24398
36557
41170
33787
24283
37227
32679
29933
41007
23667
36871
38116
23940
40003
31658
39497
39152
39596
46313
32412
46148
34632
28104
43366
49205
39438
32819
51055
50873
50211
43912
41520
38068
25331
52054
35723
50900
43393
27493
45498
40377
46075
23798
28550
23898
31122
45387
27833
48036
37001
48490
41685
41572
30859
35615
39430
51302
24385
23360
29270
26078
37668
40244
36128
34824
39056
32694
27335
51212
38170
32471
37031
26916
34084
37698
35660
41472
28591
26308
24802
38250
35952
45580
34797
48678
36901
42927
46651
53788
37673
36975
39958
24761
50758
31932
24510
45202
27083
44923
27926
41034
47839
42503
28061
36534
51989
24949
31904
36416
30273
54557
27566
26505
27273
40533
43853
44883
30399
27008
44011
29597
37614
43080
51991
50191
55090
32039
41201
39321
54477
32812
49631
24920
34168
49404
51330
44729
50423
43543
48105
55520
35056
43356
42500
34635
51965
49616
28251
29106
55552
27291
52479
55090
32695
24403
27073
28843
50064
50557
31651
25191
39870
52049
31884
28924
25484
41918
50496
32115
30193
33710
42382
36009
42853
33931
52428
24054
37364
36866
38528
54541
26513
47367
36704
47907
48812
42521
50813
39764
36103
28871
48827
48706
50373
40563
38020
35071
51140
38486
43965
49965
42284
47300
31225
34915
54600
31665
49389
26835
26517
45173
52517
32042
55065
54988
36085
29112
30966
41249
37809
52433
47423
36364
23840
29811
39434
47897
25903
46888
43207
54475
26595
23598
24016
51168
23953
32470
39489
38871
34641
47402
47113
32432
40880
25042
24641
47603
33701
24889
39869
43251
26567
25067
53729
41044
28092
24642
43446
38603
44533
23873
33085
36645
35224
47296
28420
25483
55486
30409
33270
54788
51423
29763
45943
35387
32650
52941
49073
52355
54618
33773
55336
51736
48421
35690
25749
40615
43894
28918
50673
23313
37438
45328
53200
26989
50374
23849
27632
29260
55272
51974
39954
42816
53887
54117
52744
38559
49692
25571
46608
27780
34811
26653
41824
50455
29237
52758
33538
29710
30006
43481
34018
25972
39282
48223
38694
31657
29012
25010
43965
36523
43895
43603
31803
28819
38169
41945
49124
39779
41165
38108
34822
27646
50543
45073
46733
36472
51549
33462
49873
32656
52708
41521
49330
51067
44793
23796
24039
53732
35626
29347
51603
34608
34772
38777
47641
35590
42389
50920
34098
50191
47364
43391
32317
37114
23456
37393
36566
52932
26887
54804
48553
37942
23657
34119
38792
50863
41531
50328
44732
27683
45616
53316
42137
24164
34149
26944
29014
50080
48347
45528
24091
28715
35883
48534
25946
38271
48245
55397
28003
25218
23450
51446
37171
30983
27563
37475
27533
23702
42657
30994
38989
48752
43598
52957
24568
51918
41107
51823
49559
23402
47060
28145
52934
45888
32681
49383
36360
42902
32214
24916
55133
55866
36734
45093
24343
26891
27283
40140
25321
46778
54161
54316
44353
45266
23404
54965
25303
46838
47558
47568
52870
34666
38758
39037
40796
54486
23782
30522
52461
26950
55723
40744
38380
31348
55067
46185
52476
37706
27657
35788
26563
46755
42100
33708
33856
40786
53618
25621
55391
49509
38247
35369
49099
28843
32890
25282
23556
53363
53578
30809
31409
28823
44508
38951
46647
48057
26841
53897
33930
39629
42742
55977
43076
29143
30899
35163
47092
55798
48200
34629
44984
48290
23516
25155
49422
46130
48121
37386
54503
54689
28221
45067
29693
51089
31826
26266
35175
51856
24352
56143
45930
38555
30272
39084
38547
45536
37812
47873
26370
42184
28630
25741
39945
44853
39311
48358
33270
25353
46793
32667
40492
51175
43303
24087
39289
27709
27379
47304
42147
34690
47192
29569
35652
37308
55505
26909
26840
29766
40161
49766
46101
47056
25605
46133
38011
54183
48871
26842
46635
33335
33236
39101
36860
48846
56176
38470
53196
53410
50088
53499
24852
34582
55017
37864
49599
35641
29071
33604
39229
27279
40865
40273
50643
48917
46267
49796
54325
39039
41035
35046
38230
35524
53760
24250
50815
34268
49792
49248
32671
56008
29786
34169
56290
37332
33083
35148
36996
30233
34660
45673
26088
31301
35675
40331
50916
55967
41441
28611
55903
41029
30245
37843
56095
27064
32823
26328
41436
40091
32703
38957
38297
25784
36591
49291
30260
42052
25014
29813
46395
47460
34103
54739
53505
48368
45945
26845
26097
40566
36704
45114
27171
49538
23772
54377
50989
32796
35168
55905
50748
46739
39062
44404
33379
48249
51537
32889
54578
28399
34499
51754
29067
45091
31216
24779
41137
32790
53090
30989
54690
37539
34078
35889
35495
34493
54488
26992
40233
41720
36451
30363
39878
47946
30315
25599
47780
42003
32102
55179
25093
54876
25288
54069
35612
43356
39030
55961
24352
50497
31358
39907
52382
45869
44805
40944
34579
44670
49793
50608
42170
39762
54312
36047
52899
50762
26279
29588
46853
53647
43288
27657
51669
29459
52270
44124
52119
26650
47027
24197
55925
49656
46133
29481
34190
28700
23804
39870
28304
43853
28223
45041
43401
42548
50071
33348
52986
42779
39603
26620
29742
28404
28238
30778
32201
37277
32094
50792
32932
41826
53902
39894
42200
24516
24559
29861
48921
44408
33514
50149
37958
41907
33914
49914
31549
29861
27032
53316
53492
24899
42998
41215
29382
39498
37615
51815
45834
45697
38078
26144
31722
34366
34799
54742
38003
48171
50452
27169
48104
49994
47289
28843
36700
29239
38298
28052
28031
43950
30483
33813
52409
44108
34775
53860
46965
26010
32997
50392
25280
35399
38072
42062
37650
44981
39614
25547
50027
43192
36620
29027
49826
32154
47696
36441
47866
42338
38407
29319
55287
25685
49392
48896
32368
29630
38848
33781
51940
55019
50711
24021
51730
33144
25523
28088
40899
45776
29156
45310
36843
43760
52543
31795
40432
40046
26519
40246
46666
32698
24105
26779
38476
43941
49175
46669
26177
55071
39192
37240
47547
26693
37997
40870
27176
46235
52247
33576
32678
38549
38983
48311
39961
31837
29462
53339
40058
54224
50294
45452
25714
30665
43624
47767
34855
33443
37232
45892
51286
43513
45382
43702
38050
34736
49615
43154
34859
29752
31819
31076
37987
54798
48336
39486
52765
35462
55287
34722
37095
52167
30933
29601
27802
47127
39725
42821
37167
24153
30179
37677
44244
29651
27060
54135
28735
38709
51237
43747
44355
50391
34489
47412
50081
24643
45671
28890
53280
30451
46923
36815
53728
41052
53404
40895
47595
40747
46302
49515
39181
42958
53849
51023
24550
28726
45001
25474
25917
27867
50519
27871
42647
24321
25032
32610
30472
38970
28661
31700
36938
38701
45179
43691
47628
24981
48051
34348
31628
49037
24549
28626
35688
48138
44984
54515
29106
36521
54509
34465
36930
53931
31565
51407
34128
44861
26592
56500
40002
54525
36960
35445
49346
29883
50925
28158
43028
37756
52738
35632
42150
24517
26792
27970
55273
27670
47850
54625
46688
29364
36488
48282
37367
34475
53232
44282
40597
54804
55145
46580
42228
24980
53906
32770
55217
52517
25099
50063
32415
44569
49010
42773
27745
31324
32657
51331
29240
31993
50389
30177
50713
29663
30210
55606
36611
47846
52518
39850
35727
43021
53964
50152
34505
32005
39281
54214
36670
37364
52540
26920
42070
40307
27625
26145
52708
48600
47367
25692
53756
42939
49763
30651
32005
40371
35012
33853
45070
38241
41176
43813
43366
44464
24687
37721
47974
55898
27623
37128
26002
26799
47079
28815
33761
49554
54097
26782
34904
36036
36209
30614
29405
39269
52347
45110
31563
44983
43060
47479
41410
45094
40175
34228
39233
41861
27323
34062
49270
41115
29915
55055
40148
43742
46454
49038
35815
28286
39312
25298
40676
32165
55609
36090
54405
29438
40964
34971
42259
40308
39355
51372
38084
39228
46929
27039
49224
31253
49176
52689
38815
27342
33588
55588
47917
26121
48464
36842
44816
27712
34448
40198
55473
56069
56518
33613
31385
51598
40424
32307
41607
36464
34498
54691
48575
53931
35304
43310
51108
54759
37615
30312
50825
51197
35292
24207
35525
56249
43741
28526
25605
30431
34359
29569
49383
41835
48256
36186
27844
42525
51982
41539
24524
56885
31919
55333
54617
53884
53914
43689
40061
36739
31142
56220
55005
47919
40890
49816
39363
33141
48517
49121
42350
48739
43119
54925
42669
35168
32975
45544
46764
34228
53342
39446
36109
40011
27884
39930
38970
33461
29521
26711
28666
45938
28327
44597
54851
47981
32694
29831
47696
32966
39088
46858
29170
26324
41247
51824
40235
29547
38427
52158
26617
55642
31424
40691
40560
35896
44255
49386
50955
49505
29172
28801
46916
33339
53336
29435
54882
46014
35000
30627
33427
46899
50118
57010
52282
34875
51246
26483
31626
31764
52428
35237
37972
34328
47900
32289
52253
42374
30194
47805
42612
24709
30827
25967
43907
28774
24867
33462
27875
33578
48552
25397
52405
46660
43567
38049
47854
44704
39302
55774
56562
29155
55626
28261
54117
25845
42586
39145
37437
37821
25995
53562
32540
42539
54430
32105
51678
42620
51055
35373
45933
31929
50542
25221
46813
50049
39763
35487
51381
55817
46350
25081
41098
55137
54269
53446
49363
49913
30050
25747
45304
46691
32020
41002
40364
52314
30837
33463
54141
33028
36259
35369
51113
26484
27379
46299
41780
55411
51867
50804
33847
32384
57006
54284
27003
25365
47438
56208
31814
24876
34077
27239
44149
41218
41460
38741
53963
33051
31192
54176
52617
36998
41513
55154
52031
32354
40221
44415
47073
41633
53101
41447
32797
33804
32334
39006
40684
32647
27043
36234
43368
29847
54897
51116
52445
39713
40339
31363
29474
26229
37551
25198
33066
39306
55144
39632
25558
28811
28373
46008
57101
33683
42290
51906
54031
50870
40918
43832
27654
52032
43365
47485
28639
42561
36423
44460
40535
41033
40281
24956
55129
37488
41186
46439
31623
38041
25544
53515
47895
24824
38660
49872
50912
37074
43859
49867
38836
38532
29486
40162
49137
39111
41213
34353
31571
37682
30088
25005
28940
24577
45742
47111
56343
36628
42585
26324
36297
44603
25009
51946
32425
26288
28816
27149
24961
37861
42294
24523
27829
46976
52287
37284
52692
28324
56530
28270
31597
52339
31002
48376
55588
48593
54010
48622
25092
55914
51452
42236
52503
50934
53131
44342
24628
36028
31331
52408
25881
35412
47685
52105
29882
25010
41711
49606
36056
34656
52555
49404
41940
55051
43495
44245
44742
53569
55205
34551
52682
26233
53940
45609
37530
29524
36798
28855
38242
53794
55139
41496
52175
42408
30183
33743
54889
49441
37671
31119
47140
53634
50898
41122
44081
44034
48341
45708
36378
26074
32279
31467
34830
39241
45415
25761
31610
31708
26803
25141
55257
43500
52858
46455
54220
52072
51075
55907
48237
30165
56528
39240
52960
28562
33230
33834
53292
47201
35534
25444
55113
31523
26552
54673
32123
52451
30462
42669
26846
56598
34000
41592
25921
31521
51855
26139
32567
38172
33411
29966
54636
37846
25552
38201
37942
47129
39590
46682
53100
56623
37049
26790
44667
50340
39409
42675
40630
53070
55650
30357
32750
51083
29310
42568
32579
41162
55945
42830
37945
53325
56910
52632
54287
41773
45073
30122
36684
46494
37316
54779
28058
28532
28542
32666
31703
43494
32296
53783
24682
25234
45690
26273
43475
40898
42022
46700
27526
27118
45394
32854
40186
32386
30284
45513
28413
40928
28025
55011
35658
42665
52111
54740
29277
47161
27652
31112
27526
50800
25031
36743
47933
48312
32813
40217
37813
32323
28718
28589
29620
39317
42449
35963
26529
54595
51685
50025
24799
31226
27634
26923
38745
32194
36975
31919
43358
29828
28469
48056
28080
27082
30260
27337
43991
34759
25701
54340
44731
44951
37119
49875
25970
26312
45806
31495
34391
48664
48257
30783
26716
38272
40803
28876
34465
24946
36044
25938
25157
54624
34296
49009
46716
38781
53465
50085
45793
25031
42249
55915
45070
46149
42242
29862
37482
31885
30609
36672
53059
54922
38280
39444
51229
51836
40884
50700
28745
44096
53518
32390
28857
32722
24885
37373
48658
34576
27420
52709
54531
56513
44032
37334
37078
49365
44702
40429
53316
31214
46754
41072
56462
28704
32866
50864
50889
25845
43212
54580
44921
27829
53661
35603
44130
36068
54741
54434
49307
41995
41575
37199
39652
32444
34612
28877
36409
48592
37946
43890
30888
29171
55049
39389
35935
36963
35959
28635
44809
42228
39573
40588
25435
25944
26338
41409
28905
35229
56510
48297
48703
36343
47137
27053
37165
49600
26764
33176
43362
51133
41024
56827
26940
27555
25519
31440
32991
28889
44336
56157
53125
48768
30966
46683
28437
36017
52547
44376
40438
30469
37593
37722
31525
39003
53682
34501
51333
37845
42480
25214
42871
44836
33047
51793
33707
25094
35706
54928
41014
32524
47603
41725
31460
55713
27607
50410
31183
36168
42281
27807
38704
51749
47374
46588
32630
51903
30849
27744
54677
55044
47432
50633
37281
30862
51495
55612
44443
50212
41299
54375
38027
56452
28201
46213
34766
37471
48928
34434
28338
50598
29437
29279
50240
27652
46150
38361
38745
57516
39416
29253
53509
57684
49276
29119
46343
56449
28376
51075
53429
29958
39971
44955
52230
57031
26939
53691
53485
30915
25274
52073
31973
51282
40741
42336
37069
47530
36199
47159
54007
51624
34686
50238
55164
31950
32117
49321
41682
51080
52370
42480
55968
52147
38608
46965
30928
36703
44687
36968
46310
37076
27275
30695
38801
56276
30219
49258
27776
33824
29019
46687
34423
43326
30331
25105
35234
26488
54809
41166
45097
55848
41149
55625
48388
37683
53316
53053
37137
43988
42383
55891
38500
53915
36476
33862
30174
31413
43029
53829
51969
36973
45320
48537
51714
55027
32856
40839
35872
54108
54353
38008
30261
26859
36289
39511
28043
35471
43877
28219
52976
42412
39330
27974
56333
43550
43637
31949
37619
54140
51629
48568
41975
38809
49496
36652
31168
56913
41595
42088
34718
26242
42502
45549
53789
31832
39430
30178
26075
25806
44829
40886
45206
41585
47663
56071
28809
30567
48735
33219
44537
51377
54074
47501
29451
50861
47921
32866
46552
32479
48717
27772
43203
47856
40222
41846
25867
53495
45045
52402
41884
51448
34387
33528
30763
31658
39584
35167
49793
36478
28192
51057
51735
28892
41252
53386
47076
48816
56189
31361
25203
44069
39222
51082
41016
57008
44931
42843
37924
55121
40436
54158
43127
53782
32750
52039
43990
48864
45660
45590
50333
46953
33186
38431
44662
38534
29650
57720
30251
38058
33571
31442
42936
36268
56479
55644
41637
54218
30491
36836
34962
46061
38508
37695
31252
36655
36568
49132
38335
44442
56523
25332
28036
44594
25803
51732
26174
47158
28590
40734
46471
53668
46859
37533
29136
32507
38382
39352
26801
36932
45520
50009
44925
48979
44998
26766
41498
33611
51704
48175
50191
48480
55637
32193
47071
41697
42885
54170
49302
34933
40223
36934
33185
29349
40989
26410
28898
36762
46733
54375
44804
32296
49545
48129
47628
34316
25704
33857
44593
42354
27702
44887
35054
38843
52066
47172
41557
47484
32183
46839
53414
28106
26765
36790
27168
26805
35649
45504
39191
33554
37858
43313
46663
31614
44077
34853
40296
51359
37564
27424
45059
57517
54394
40110
31363
39473
47706
40006
44943
35341
48969
35956
28055
33469
41569
52280
33453
39132
26975
49065
41623
53482
26455
35805
49954
55884
39846
51725
37561
31636
32041
30197
48437
37891
34220
39802
29431
54860
37285
34703
26164
41115
26659
32857
45713
38358
32513
51345
58096
56355
53087
29227
35209
42154
52818
50229
40508
57500
56795
47105
38693
51060
51734
53638
28530
37501
42676
55044
36977
37268
41131
44007
53485
32047
38956
53998
32443
43422
38614
56204
42640
32657
30249
48783
36374
56795
51773
28159
37950
51317
25780
40009
27607
35014
33773
32412
25696
41761
33402
36500
46362
50576
39637
36630
32354
37840
37710
55419
30014
29852
26184
45040
27958
50223
47781
44572
46181
36868
49279
30980
30159
49120
50713
54572
38389
53266
39189
53759
48551
33017
34791
38257
34586
40904
38793
35555
33082
52358
49520
31047
32065
57689
52672
50308
55945
57091
40380
56860
50334
33453
31360
43276
38808
26852
48114
54516
57000
57825
56310
29815
41200
56077
51681
53989
28824
33220
37425
52503
28702
33625
44667
45467
49645
36443
37284
27666
38450
30999
50260
32725
51947
45406
42408
38367
53824
55689
42023
41447
54039
46777
33528
58060
47075
54372
32594
49718
40892
33037
27187
55163
26037
34898
35413
37311
45674
52780
55902
52576
52184
44915
30550
55441
38770
52128
54111
43844
33393
39895
32928
54862
50283
31525
43139
28101
45095
33798
33568
29357
34480
26410
58105
32724
32936
40824
43239
48635
33247
42836
46164
58166
43812
37661
41899
49558
48731
46330
30989
43268
35024
44503
30534
41072
51147
36778
51967
47660
47973
29947
54324
34706
56217
45475
41961
28653
58270
32980
33305
28311
42868
54361
36848
31838
26558
43295
55866
43052
38863
34037
28698
41704
51719
33168
53759
49815
46688
35026
52436
49351
36676
42572
38263
47149
39074
37377
47213
42381
46400
55404
45524
28634
56915
50117
49560
48031
47437
27265
53226
36253
49142
34584
30190
32949
44734
32010
32436
37641
44369
44836
29802
52831
25965
35583
36304
53190
31728
28107
36844
29307
41014
50762
30718
41485
42401
38943
33206
38848
56185
50249
56741
34607
38647
47851
44018
32310
41884
31310
36686
31759
36295
32552
27689
33723
31623
35359
43046
44452
34734
56969
32205
31872
54055
56950
47233
31096
49289
42992
27825
56202
36331
38785
32850
48684
49403
54262
38796
43826
39242
51043
47539
31729
31978
43367
49786
54693
37691
32433
29539
50448
33282
45507
47482
48484
32955
43254
31555
32355
46641
32191
33521
42437
37963
47408
55512
28634
42537
47554
41509
27504
33903
42577
55245
42231
58337
37480
27075
36067
29233
47039
41582
40274
29972
26882
56922
33519
57243
41428
27694
52502
53697
55316
43230
26937
46657
29279
44065
28034
29354
34774
39206
30393
56756
52513
26498
40297
28629
53940
47214
50750
57872
30800
35887
53682
44814
47565
27605
28392
43631
47384
56104
38360
41570
43384
42720
27821
49011
32789
58132
40043
38565
36282
44533
55509
41409
26074
35516
40846
37357
46801
26849
29310
45184
30573
43918
37239
49685
36269
50515
30489
40927
53960
48155
40179
31548
39025
43359
51946
32652
37722
35481
30175
50755
52983
30204
29068
53565
36484
34658
31151
32594
48969
39302
54891
44843
57373
40819
40939
33875
33321
45628
25928
33425
50926
42734
47789
29558
32650
49347
29369
51762
53558
54168
34596
31148
33556
27297
29862
28881
55592
51036
36372
45355
41123
52419
35533
46006
53608
43718
54356
36848
26825
56824
55102
39216
57745
55177
56143
26168
27976
57716
42720
30477
53938
37625
29059
27911
38297
26958
27114
35108
52172
55442
54021
58529
50024
26882
31851
38860
56918
46191
39419
49940
50965
55280
48835
44642
58042
44500
32545
29356
42037
58330
32295
57799
42197
49573
27204
41084
42511
45930
44321
42719
57467
27884
53962
39644
50207
47274
27662
47379
36336
51030
28712
49126
54934
37770
57759
37071
32368
44471
47722
31735
39640
33886
58200
27141
51368
31874
47791
55348
34812
28253
28179
55977
34106
55890
43946
39171
29520
27171
28286
31027
56125
37476
27171
27790
34003
26671
55705
37664
56507
32538
46451
43332
31673
58214
38201
29554
45873
33913
49164
40023
49899
41870
45192
47403
39955
39596
36847
26687
54660
36820
27779
48597
46406
26751
44851
29493
29524
37192
38010
35837
39331
28133
44165
26041
42337
34139
42644
26035
52602
48754
27554
47373
37473
49255
52296
56076
31501
52194
50655
54711
41794
40999
41701
28833
32529
49296
31393
49667
30626
44603
54282
54797
50481
27136
28646
57470
43607
53926
32303
44147
29835
45910
49850
48764
26088
38479
27931
56565
27697
45020
42947
29332
51474
30083
41579
32574
36776
46464
39862
35615
39748
49778
44561
53241
58220
34643
58334
36028
53539
38829
54995
46936
31083
36875
56988
32975
57607
55982
37576
57230
44421
44162
41954
37885
26492
52817
53214
56149
45587
34357
30136
50354
39874
46419
35927
56425
27741
32198
32951
41371
37966
34010
48967
31242
41249
42363
27792
38956
56135
42733
37144
34686
28947
52157
48262
54043
54025
52471
58374
31373
42328
38297
32751
43235
27301
53832
44196
57859
52234
43330
53944
39490
41567
44692
39509
27698
42168
26765
44510
57531
57390
30834
36819
32110
56547
47987
34805
36117
37952
30686
27563
54927
40065
27283
50597
46555
44404
51384
41151
52082
57981
35245
31272
46554
56798
36162
40643
35192
45365
29224
30669
31398
44870
45222
35521
28165
35579
52621
45176
58132
26537
47470
51093
27906
48789
45066
58912
44481
48567
44042
52849
34652
33726
49905
43856
30602
56660
32078
55130
53635
26530
32566
45991
51730
48151
38129
53673
35308
35173
30708
29783
47680
48589
57359
44171
49039
42653
46312
38057
38590
43255
29608
28546
34922
30675
40180
44664
42619
27463
48927
41698
51196
56583
28830
57010
30506
44584
52924
34901
34250
55849
54415
42458
48064
47923
40490
41815
54238
58272
27668
39048
47866
45243
31481
37306
50499
31430
33696
57319
52693
34370
30493
46115
29834
39530
52040
35382
28179
57601
27501
42635
39496
29517
41285
43849
54461
47204
35365
35007
45974
30886
27766
52485
43164
51851
33125
38624
47248
48287
34523
45031
48319
57546
44464
37348
58070
40149
47132
56189
57080
58410
56430
30740
33806
48859
49152
32491
46686
49638
40554
36236
27744
56504
28918
41320
45516
40943
43604
46270
57592
57700
55951
41662
34401
57705
53056
38639
41607
54607
33794
35790
48639
31532
30501
40120
33731
39642
46759
44809
54732
38979
47455
46726
36835
31452
55420
39160
27828
36464
32046
29978
49444
33055
54947
53429
33252
41638
44085
29194
51014
43233
40930
26736
50000
40334
29948
34878
56848
55635
44833
56811
27694
45059
40302
56436
46024
45597
42480
51966
45945
42901
58715
46525
57275
42967
30463
58900
51824
29450
30967
42494
26811
28817
41124
53932
27412
30424
29530
33392
56220
49229
30552
49625
30381
45484
28926
44064
29110
54656
32826
58050
42054
45287
45636
43119
51046
54677
56203
41763
48940
54555
52719
35219
41613
31081
48944
49098
30067
59026
29606
42772
51471
35280
33075
42267
46705
31176
48759
42576
26454
44047
45634
40844
41281
41964
38735
54007
34509
32352
51247
56362
33601
32611
42883
51088
37989
33905
55406
47378
59028
32837
56138
58867
30483
58341
58010
58872
45217
39134
29760
40909
46671
28881
43761
54436
53394
44590
44005
36639
45207
35392
42195
31088
32214
56426
58908
57023
57834
50864
27975
56267
34464
35704
29613
33493
47694
28818
54645
30394
44646
54135
58563
49503
33866
53966
32045
26961
40034
45365
27503
35501
56173
54589
32095
30526
55828
35510
52771
41446
45765
26926
41633
55615
57790
33716
27191
38273
27496
50658
47020
56743
48359
41498
50791
34765
31471
29967
57311
55517
45785
49799
46419
51050
41462
44896
33211
58844
34595
56529
34814
47054
45725
35059
49509
30388
51223
39040
53328
35265
59146
28122
35624
46344
44365
45391
45972
50145
51173
28315
44528
45710
34334
43950
52475
39710
41691
56496
34255
27026
47146
55619
40983
39743
37147
46856
46716
36211
52691
44388
39776
40795
36316
59012
30159
43812
38079
57758
43698
39521
40149
51834
58950
39341
52314
27186
55757
44945
32963
38198
33156
47784
58449
47762
34516
39680
33255
30836
37580
35524
51993
55784
42191
27160
50309
41447
49546
33349
52326
51088
36393
33814
44902
34741
43979
50562
32692
44953
59187
33418
57943
34040
37056
42341
50882
28488
37023
55771
48296
50751
35647
28655
56337
27029
43525
53696
29614
34315
56386
37041
29033
43948
42082
52680
47425
39251
50534
33108
56917
57709
58516
58835
29246
52224
29548
35346
56994
39405
30175
52886
32006
36210
30908
53819
57572
56306
52331
37403
34814
27897
55261
49329
58609
35451
38851
38975
30733
58972
40446
44140
27236
39221
42327
32562
57121
32342
36209
56567
28444
37127
54011
50170
33451
44820
55338
56049
32186
58504
37223
47857
29214
42168
27205
37005
52262
38019
30389
55362
44403
51673
50301
47635
27146
42106
57574
51312
56232
41984
59061
42588
32598
57120
43101
55503
37180
32813
51827
51033
39610
27357
57954
45065
42677
28496
28000
37517
36911
44622
45985
54938
40731
37585
27594
45455
59247
33987
45736
36693
40570
47368
43810
33417
55928
49855
55916
32733
28772
51653
38014
26811
58381
35451
36037
43308
40556
33482
57112
27897
56885
28772
42221
45072
38572
33868
27341
44584
45242
28568
39429
30120
57920
44406
43679
41413
36779
44653
45456
32747
27593
51429
40755
42079
51675
37610
49654
45602
54763
35117
57684
55832
42847
42827
34051
54633
57807
54610
48238
57128
55316
52866
31333
28979
58785
58704
55571
51290
29207
51377
55857
29635
54035
44692
30586
29580
32842
34736
38751
43699
52697
41089
47611
43059
41174
54157
29257
35696
53803
45292
32661
34773
45988
48903
39728
52156
27462
47264
52840
52878
39139
27667
58551
51755
31211
40923
52795
58252
32645
41047
34406
50855
35550
56014
54007
47506
50113
43442
28457
27372
48489
46625
30506
32633
56723
37553
42958
41740
47575
29549
50821
41130
57143
42779
50571
50668
47097
46529
30814
38309
33714
51303
27765
36293
38308
48669
47663
33917
52553
37440
57866
57508
32048
30714
35349
45402
46088
53000
44968
59627
39931
54720
41298
48886
58429
48210
54547
32206
59620
32078
28363
48928
36090
40806
35571
56278
31440
50294
41355
37692
48790
43457
38227
44385
28457
32125
49982
40129
55596
44435
42532
58144
57434
37792
58039
48569
35610
41535
53176
56472
27732
30602
52843
43333
57220
30942
34632
57506
51981
56287
57075
33814
56527
49340
46958
58859
29947
49589
53646
54517
45862
39898
58027
43893
55709
54549
45724
50492
31481
33642
54754
41236
42483
39294
55332
45403
33657
56406
27356
40945
39681
58978
27727
35157
45341
56250
56002
29450
29775
45991
34795
33088
27679
47973
41126
44976
56940
46631
56553
37320
40704
48732
27642
56840
32103
52273
28895
51372
50432
34135
41751
29067
33620
47622
59271
59711
34983
45890
30135
37254
54989
46685
56638
56552
29247
57789
32635
45466
51566
50911
53638
29603
42583
58780
31334
31293
56920
27819
41349
29822
46146
58216
33121
33079
41135
41171
37507
32285
29846
46044
58037
53798
35356
41182
27760
46902
30637
39017
33428
50939
31052
35652
42075
53013
33831
49074
52624
45179
47215
52213
38652
52762
42342
39441
47906
52927
37818
55506
54060
46646
51729
32272
57380
39348
32741
48690
29799
29554
29330
40177
37207
55707
53421
31583
36177
40040
28568
50983
38367
36745
32595
44822
41518
33480
45205
32986
59842
44521
33052
37898
45928
37844
41537
58983
36972
41206
44495
52578
55309
35044
40213
57566
30510
42817
46650
33590
59470
59363
58321
43650
59322
31281
43693
53014
47105
54223
45559
41804
35497
50814
37245
30852
57632
44349
55885
30056
31221
29876
36227
33141
40520
33491
30047
35255
58240
49591
38043
33491
46396
53709
40955
52299
48011
42809
46629
55550
29023
38521
51635
49390
32575
37957
29063
41030
44605
44218
37726
59292
34600
30136
40104
33139
29186
32905
48536
28932
59828
36547
55927
52798
38913
36463
42813
49931
28089
41322
41314
28117
35631
46092
56306
52553
36076
59144
53728
39258
37029
53395
45724
44425
34411
55497
56551
59492
41506
46412
31719
42061
33076
51246
31350
44413
55431
58897
49344
55625
48812
51084
28685
41635
58969
43473
37083
28643
56601
57997
59184
58824
41538
27408
57646
27577
43559
42670
54248
50513
41360
59493
31348
58651
34151
31680
27458
56474
58036
46330
30635
36237
53964
52327
43469
32880
34756
35088
54423
33862
32044
32413
59936
31638
41210
57977
35901
31412
35013
48176
35666
39745
34612
29980
51048
43253
46517
35648
42880
35740
50802
27508
39719
37471
45697
46787
55883
33861
39002
30481
55117
39418
56975
34560
38743
50382
28343
45333
58608
59136
40107
51735
37070
57661
36342
51896
46315
39268
46470
44152
44507
56972
47016
36293
48732
52808
51763
57703
37167
40746
58626
44315
36134
29829
54952
39806
44927
40823
37216
58669
57456
28967
50243
54571
30211
33356
38078
27779
55588
37871
35906
59694
33016
28017
36413
46134
47217
56271
59978
31516
57888
46629
56996
30840
44618
35697
40673
45023
30525
56730
45789
41225
47076
36273
49652
46643
53402
56694
40564
29123
36412
43550
42321
40747
42882
50259
50715
35599
42127
35197
50990
34474
58566
41536
39465
47726
46816
35397
54433
35818
46907
50494
41238
39665
59509
58660
48165
39417
47674
50627
53760
34241
29274
41337
53276
32823
44063
58171
32553
53912
57821
55768
31047
56025
46282
45186
53367
59462
59152
53386
31055
52073
48161
36971
52723
40237
45899
54282
48448
33091
53388
33340
31306
59333
59303
29577
49161
37401
40311
48688
32079
57113
37764
33642
31997
41584
29140
41459
56951
35655
49924
29127
29269
56866
54935
27945
53084
34308
40333
60138
45996
49370
46391
52712
34362
60182
37963
52693
35969
44699
36404
48442
43125
39129
41131
28859
45753
56377
49035
43932
50449
49339
37601
46468
35098
34781
56131
32129
57145
51136
28772
28237
29137
33158
36325
55248
35001
30462
57965
37349
45293
33667
38139
48225
35971
31777
46203
49234
57057
56058
50584
30340
43310
47592
58066
38730
60166
57444
41680
55162
56178
59559
47351
54970
44567
49166
33851
49914
47277
34499
32821
54594
36019
37530
52342
35758
55649
39225
48668
50359
43487
50556
44963
40883
54196
48152
33533
50847
43393
54142
35300
34077
50671
33538
51311
53433
33510
52540
50659
42608
28928
43438
57292
57715
58173
45480
54093
28456
58104
37993
28853
33906
40985
38535
44370
47154
45453
41105
34698
42766
47603
41202
28967
33905
50328
50456
46067
48338
28326
52694
33925
36154
45208
33543
46938
46080
56305
35445
52264
40663
41262
42489
50030
47628
45561
40163
29264
50440
54175
54427
51362
53276
30148
56457
48451
51070
41302
28979
54444
44942
54207
47781
30152
30302
39519
51734
33031
32370
33337
39624
56750
50884
45036
39472
29041
54283
46054
31575
46659
48957
28372
55680
57965
36179
39516
28171
55005
46156
51727
56729
51137
29044
30873
57457
54101
54502
30011
51747
31481
42576
50556
46187
45703
34550
53019
53591
31203
29946
56903
43180
46292
37850
56338
50311
46354
56890
51492
37184
43680
42212
53420
29843
28251
32525
34717
57346
56020
36826
44054
57973
42843
50466
31009
32036
31068
29558
58017
49078
40943
29534
52614
28586
44458
41958
38979
48887
58553
30297
34690
54767
43313
59213
60182
46185
28066
35039
36657
44575
52716
33344
52695
34389
52307
43121
54418
28348
58581
37962
29288
28053
60090
55745
33290
28441
58478
50281
50254
34329
55692
48441
48863
40930
51003
48527
29491
44899
44733
29556
33214
37778
29253
31522
36198
48395
29705
53700
29494
55034
43929
58748
43606
30524
42351
59050
57403
39361
41159
48748
42267
60213
49073
52833
48292
42719
32100
56755
59117
35785
57045
55124
46509
44321
37256
48519
49579
41439
27814
30371
54389
55208
34897
55059
55893
36082
57140
36002
45185
46698
44638
52982
41874
54162
34640
31065
45623
30383
51284
29120
59435
33762
28433
33029
58724
60309
31069
32888
58766
58392
51282
32918
56247
59020
47524
52504
30284
29441
60209
29232
40772
57307
56538
42767
52379
47226
58514
49578
46338
28442
43188
38846
48341
58871
38042
28945
44877
37813
31595
28412
38903
50944
56628
36134
53348
52592
33339
40850
38434
33199
57488
29148
48364
34013
32740
60351
53534
42803
53150
57051
48748
50151
41772
57781
52946
37968
51351
56320
38350
48715
27995
43035
39886
41437
50549
28122
56804
43546
43197
39561
30145
42309
39542
39470
32225
59448
28452
46607
34307
49414
33949
48244
43996
31968
49251
54702
44044
34101
51249
43608
32593
55325
43220
48861
55291
57336
57148
43067
37792
28242
30675
32262
29968
56843
47118
44463
47755
41140
34369
37638
58418
47931
33719
31230
48828
30155
36098
28080
34410
49902
38032
30883
46653
41461
35711
47691
55142
32921
52402
30159
58622
57314
48677
32272
38903
49224
40061
41702
44883
39193
42212
33708
34963
57114
37139
60160
40051
56945
39344
38852
46036
60354
29403
38760
59642
45209
30468
38252
51447
38664
29695
50208
43367
39057
52826
49839
34398
29765
28398
42075
31903
36910
44724
32010
46095
35307
46298
38658
52841
47770
31510
46577
44594
45563
60475
35632
43504
60625
53514
48968
32663
51852
32586
46262
40004
34342
32539
59371
35885
46667
39559
37015
42712
39100
35674
59431
52108
44277
47923
47500
49670
57870
51676
40511
37740
56287
52695
35970
28551
37735
33593
39656
29228
54895
56508
40215
56571
60010
43791
32205
39245
54944
52848
31265
38503
39307
42621
41484
55284
52609
46151
49703
51378
32916
41641
39606
42347
50103
43224
34790
37927
46370
31546
32595
48032
35319
48764
34509
28406
56101
45279
34908
49572
47500
32210
42881
38835
52579
28614
31679
34349
34007
29758
54362
38869
38389
42533
59743
51733
55242
53861
40420
54840
46793
43701
46993
39641
51309
39602
44896
47515
49695
29490
32672
48411
55129
57301
37696
56099
49932
56029
47690
42785
32831
37695
51118
51415
30201
30969
48193
35667
39522
58279
41733
55330
53541
34641
33451
29377
35096
43912
34902
34900
56607
55473
53154
59290
48206
28576
60389
29985
56653
57193
38581
44982
33025
60786
42922
55584
51304
50125
47460
38670
41413
47557
40912
41037
37118
35511
37800
51774
55106
28452
46905
35464
48622
52227
55401
49418
34994
60508
37880
56852
54000
30994
48646
47318
56420
41729
46038
43544
35082
45896
31441
48940
38972
30184
53454
39201
55067
45711
37264
52282
53809
42926
38288
54174
51797
48081
60925
60753
28878
55600
41474
29283
44731
42881
53575
32616
31666
38929
57274
33064
34727
30739
36495
31127
48143
32056
42629
37127
55366
32896
38764
51100
44334
56143
45284
56064
48154
39619
55399
46169
48362
32069
57482
29304
53111
28254
58751
58451
56369
29900
53983
34742
59398
50902
30374
57397
57222
30940
50560
47717
40261
31282
46147
44876
44929
54319
51900
31765
41221
57216
54190
33288
51533
58306
52760
33466
59371
54609
33719
60545
36650
42330
59596
52011
41456
55352
43295
45296
59625
54781
34372
43940
33505
43342
60189
39474
46194
41077
55456
30277
56032
33969
36826
58952
34369
56272
40244
43921
32481
59392
43254
49369
47588
55779
45321
48368
33069
59617
36865
52654
53887
50626
30043
57133
47586
39804
45826
49973
43849
37449
33816
60664
40817
35069
45300
38144
30732
30871
46183
55653
28447
46614
50756
44611
38313
34446
28447
45675
42373
47482
35156
48217
43665
48468
54092
45927
50960
57955
30459
35136
38733
49109
43693
59286
30850
28429
52995
58904
46839
37182
44600
56478
59246
54073
49321
42407
28607
58243
39573
58630
33472
36523
59169
42712
37735
30170
38047
60089
33587
37804
38415
28472
36807
33598
56806
53640
50137
48521
30223
54648
28490
49390
55600
59812
60054
55057
28974
48109
43375
60651
57075
29224
57509
45339
28527
56083
49993
60541
57820
43917
39698
51454
58183
39942
49151
31407
58188
31284
45886
32536
42529
33543
57677
59086
47062
39136
53087
56648
42202
43518
47105
58094
39874
56120
56061
60787
56390
51954
33919
57957
38796
32842
36726
40962
42410
55954
59197
34894
46182
38147
52347
49762
54079
45743
57672
42503
32946
59064
49297
34179
40118
52416
42173
51635
58505
34208
57744
37978
56238
35933
46416
56505
50743
55128
46375
47712
38976
39364
55497
53827
32444
47453
59734
39440
58740
52311
55170
58816
40524
45973
48371
29549
36296
42268
36075
59747
32976
47815
47142
31353
36784
55612
51206
42146
45667
33566
46317
48575
59921
60549
31722
49847
41942
58027
47001
40138
47301
56296
49220
53538
44845
50144
38734
52907
41242
55291
41426
52773
60447
43029
30343
30840
36435
36727
49895
51015
54426
47622
35728
54215
48678
35259
52202
34770
47421
28755
47370
58679
40252
37192
43990
55125
34268
49151
30314
49896
29620
44611
43195
51234
54783
57074
34938
60158
57760
45302
49212
38353
55651
38519
35287
43553
43910
52303
55311
37819
34936
42431
50034
37376
55008
49248
48768
43904
43233
46172
54543
32714
38556
38109
31470
60289
41463
54470
44489
45747
34717
58274
61004
42343
41287
38617
54411
29301
48441
45866
50082
40091
36623
43605
32920
50636
40377
57624
45194
50379
53957
37213
33285
47353
36572
40114
34227
36972
59280
58105
31290
46144
29269
29025
36705
53042
49356
40341
58485
57962
29256
57651
50667
40089
32395
35199
60998
42820
40400
36697
52795
56928
29199
43884
40979
42526
54652
31401
51794
54024
29264
50932
54678
55373
34765
51228
31169
45145
32892
28945
34394
45993
48570
40273
43569
53726
48242
45732
56898
57616
30508
35593
30684
30564
43335
47856
42499
33505
55170
34729
56850
37759
49602
41501
31653
35713
41487
31164
38837
43525
56543
48054
56069
41946
34455
53870
53181
48785
57935
31020
30293
41431
48597
47121
41397
54018
52981
56401
56987
36585
30200
49308
59964
30201
35179
31197
31790
48773
36642
48167
59269
57694
34428
35820
55101
29860
42983
36721
43480
43227
48551
38014
45127
40001
31188
40538
54286
30815
60834
36855
59556
36319
34278
50793
44056
58013
45269
47004
47866
58881
37134
59719
31609
49035
57819
54300
50121
60335
28851
34626
49096
39652
53252
40964
55776
34552
42800
59851
43823
45734
50133
47689
46821
51050
53330
56824
29934
34196
54151
43203
61394
31388
56796
32514
31193
29109
34692
60076
48498
53924
41987
37064
44245
58067
52973
39717
38120
40097
46577
59979
55135
37117
50199
41905
36904
34611
37446
61489
43526
52997
49417
32440
42620
30974
40850
40770
40172
59651
50176
35334
46336
30507
30941
42733
41033
37585
41963
59721
55078
39911
35360
37828
40168
59020
38127
30870
36659
40161
31945
35324
50343
29465
31972
52965
48832
57808
29755
36846
45819
55966
38870
53392
61243
43755
39499
59544
56682
33029
60549
53720
60003
51055
31684
32285
54288
51837
37093
51553
41679
56349
46308
56385
53787
59896
48799
37553
60520
47546
60892
47854
40526
49069
46990
49332
34026
50061
42836
39090
48002
51096
31299
32827
60519
58852
55013
58686
59680
38901
50817
35448
36292
40079
54173
48104
29608
61385
29122
42883
46906
35171
37503
44586
54573
54617
35760
49369
58071
39608
45825
40481
42455
50353
53933
33752
52986
49644
56204
43279
56416
60959
30796
37956
59098
47582
58878
41433
56983
33973
46549
52933
31488
56692
56363
39818
57824
40138
45253
39783
51656
36373
50264
33742
39858
39545
44876
53272
55268
43567
48575
52600
49687
45088
40141
41773
39129
37811
60687
43772
56368
60643
56929
44510
59264
50836
47337
55542
58030
56103
30549
32453
52870
32588
54883
30881
45146
44823
32167
48227
41196
29015
42377
31329
49807
34083
56973
55196
57992
36277
56791
38970
51642
45180
29422
52790
32899
55660
35520
57430
35297
39321
58342
32093
55769
54276
55338
53122
35609
44212
57158
33826
38876
60937
44783
31666
39438
55374
39954
46583
54960
36749
41310
52857
39039
39847
44802
40245
40400
44707
42936
53138
40383
42311
44802
36246
43144
30181
44211
32602
59189
33144
43442
50875
32378
31472
59899
49491
39133
55497
59366
42664
56345
34018
38060
54946
52677
48781
33319
60483
60209
58082
55769
59538
30865
36698
50480
35288
52061
53913
43784
41743
37879
57226
58994
34712
60047
30385
55988
57132
41796
31165
34961
30229
44427
56669
35018
56734
33493
60757
36836
61640
59500
38609
57132
37182
34974
44281
50937
45195
42782
56261
40497
31115
29863
48403
54030
44575
50658
50167
31010
36133
45450
29266
30873
54440
55758
36006
49855
46163
58615
49192
44994
50220
59722
61207
59832
54143
53296
38733
35043
42007
29844
34580
50484
58804
32909
54330
57615
34234
52797
51560
45390
42791
53241
48559
59016
54983
50089
35428
31635
53163
46450
37678
60743
58327
38291
37981
40837
56635
58765
43901
37752
60133
49287
52779
54043
61044
49904
41768
46588
48592
38246
61868
58175
44312
40663
39677
46309
29916
41446
53823
57423
51341
51600
34446
34813
45361
59663
45898
39580
32859
29438
35506
41792
61275
60351
44725
61166
48818
56090
60420
43869
59849
33062
43884
58109
49890
53869
36195
31289
35662
32587
58337
37369
56288
35479
32369
29548
61859
45957
31879
59652
45768
46795
39444
43202
32738
43779
43608
46003
42326
31825
46327
52923
33036
52037
59728
30865
45163
45827
56330
33035
55941
47777
49903
42396
60046
30160
41726
55067
52883
39103
42171
36037
36456
33596
33482
51334
52963
34589
50876
45172
38215
60894
51241
57756
57091
33163
41471
57346
57757
40160
37401
51171
34537
34480
30484
42045
31102
40067
57438
36498
54634
36995
58511
31720
53541
48793
45565
56084
29380
56531
36234
59448
42351
35593
46017
55691
49941
34240
53282
51544
58974
32846
32441
33098
39138
59967
35830
35558
45464
41976
59064
43353
30609
59034
30891
41076
56550
58153
55508
60661
58863
56558
35946
53768
37045
49945
51688
57357
53418
36267
62048
55452
62104
57747
46354
37830
31960
49175
37181
51870
57284
50550
43573
60153
35438
47820
41398
55409
46995
32565
60536
48816
34506
35893
54531
55531
46593
39256
41157
53932
36650
41749
35682
42453
56882
55544
35915
39394
33587
46849
39570
51310
29930
52807
58109
51960
51051
32992
42073
30184
35603
46341
42512
50381
38847
50034
31998
56297
38971
42252
37505
49903
59902
41926
41423
48395
42260
37573
40845
57891
57435
53699
49053
56669
34290
40881
36151
29921
52207
32928
51515
48864
42320
47841
33477
42965
48949
44907
40450
44554
56908
37246
48451
30302
45196
49542
49232
40519
59174
53058
52735
61203
44216
59173
39941
54899
52164
44797
59659
51257
39266
54738
56581
60769
30769
56081
50111
50254
34707
53482
54712
38487
54042
40438
33588
59010
38461
33309
30093
48527
59472
58039
47818
30521
58547
41457
53106
29880
41801
34162
31395
55434
38187
61503
45150
44915
39326
29660
60965
43715
57155
31925
50632
53207
58766
40380
35452
49378
45689
48978
54317
33518
36986
46443
52501
58653
59570
33005
32142
60725
36199
49242
35364
60763
34996
37807
38895
42783
50047
30604
52000
40889
39084
56212
37849
35218
43152
30743
48450
59143
32937
42735
62169
51817
60300
50087
45065
55112
32030
55011
52735
59633
44807
37115
41913
33333
41316
55274
60511
60012
54204
60519
59351
39866
59958
59985
59796
59025
54025
43088
51630
61047
57395
47802
60472
58378
43374
40371
53966
41025
51808
51865
60525
34036
53522
48287
38791
50847
61603
43191
35415
33635
52286
60598
38259
52045
61001
31154
29856
32219
49119
48559
41449
41148
38017
53371
57075
37848
40456
59351
59531
50832
56542
54999
34945
53831
57454
40076
31161
40481
60377
50656
53887
61450
53995
42688
59675
36603
41805
44673
59045
55928
60924
56188
31771
31582
50425
37372
60849
37339
49475
55899
59496
33982
42242
51815
54754
54769
60933
40458
41589
41027
60526
49963
43390
41579
45484
56527
48120
31562
60330
33156
30029
31601
32838
47359
53867
45027
32005
32004
48923
35356
44805
49542
36238
51538
30515
51216
35897
35066
44733
49763
44516
39054
45003
34913
30717
32910
54890
58665
43825
55493
36296
49028
55870
54221
48551
41344
58114
41941
44044
58202
32216
40098
42807
32161
55077
46804
35800
50841
59182
55403
31616
40670
31789
34441
55126
53577
43683
58489
54027
43543
38895
41969
46096
35144
54048
51860
37126
29766
45064
61627
42358
60103
55441
56693
36290
33524
34901
41933
32603
37067
42600
42315
53557
56514
45432
40381
59512
44461
45593
39990
56697
43489
42842
36184
60648
54170
41372
47823
35147
42138
32676
58398
41130
36115
33262
54430
60044
55751
43076
39619
53795
50542
36240
50338
53444
47448
46575
50608
52378
33107
33542
59853
53146
30415
49817
31105
43705
59200
35673
62341
55645
47556
56318
32645
47378
38918
45206
32292
59775
40546
33309
55873
59544
55114
58445
32632
48917
34280
46519
39404
53538
33796
38419
33604
42840
46889
38613
33012
50156
57603
55809
47038
55334
53004
37695
30840
60949
44392
40754
51727
55938
33036
42246
54476
35618
36134
30280
37590
34063
42937
41211
59897
42873
49544
59368
37541
34457
42294
38197
61498
62183
45483
56121
48770
32909
37818
46991
47231
41755
49920
35945
40040
45436
50703
58407
45294
58921
33228
37673
44995
44956
38933
44001
47453
58632
39335
31020
46584
45895
36671
62178
51162
54804
40448
57515
45786
61818
51989
40725
56611
40844
41623
47844
52534
34391
50609
54954
51502
35349
41986
36503
31560
61348
58434
52881
49058
33590
49193
52871
32579
38729
55180
43267
48220
61402
48842
49151
46029
60885
52326
58362
47083
36561
59893
61771
43137
38138
60475
55220
44053
60238
46737
49210
36460
39437
44425
50484
59472
57194
48341
61603
62608
49287
62565
62657
46665
42656
32976
53981
54372
56455
33525
58469
52832
32848
35554
31301
61009
48461
47605
34415
39977
57917
53312
33723
30263
42944
43314
36850
53997
47886
60276
60453
36838
57577
61458
55108
53800
50384
42203
30444
39846
51318
60938
49791
55817
59250
52006
42106
53935
33592
49958
50691
36852
43848
56281
47298
46001
46501
41093
62194
54019
48009
31695
53688
48974
52823
59610
38323
57473
30929
49075
36308
33947
57483
41197
58480
51310
39839
50312
49811
32162
36515
45080
48536
45566
59096
38946
49910
48099
33956
61642
30301
61465
59971
61867
46594
58575
33465
37127
47415
58844
54539
47648
32062
32331
30638
49893
62559
47895
55360
58577
43832
35635
43894
48401
55381
57549
39254
38885
35328
30676
31142
35656
58970
58808
46244
42195
45483
54897
39927
44767
36599
39618
53222
53482
44754
60351
33992
36668
57460
34701
48315
60873
47376
35689
51609
47706
50530
44779
43816
49640
31112
50316
40337
62792
54034
41831
60436
49422
57692
56892
56313
40107
43036
60346
50122
38104
36919
41982
41663
54584
56025
46935
52346
62776
51908
33356
31988
35899
30696
58080
59576
53492
33076
62228
40271
51218
37037
52398
50683
50723
58813
47673
43176
51378
55757
31053
61215
60083
37654
61968
36989
30754
55731
34813
61155
58598
49915
59364
32112
43771
42767
30514
33388
54224
38063
51315
51654
45294
46930
47381
56257
34779
58229
40047
35818
46398
48435
38914
62541
35651
44310
38142
45288
61249
38701
60168
61280
31387
34910
43066
42739
41700
52734
39531
36014
44358
43935
32177
38880
61732
41769
62501
43726
44542
33581
43750
45992
30869
44917
53345
55740
33616
55264
49103
35562
50655
37229
34302
32088
51230
34197
41813
31079
37948
43998
44819
32741
37916
49581
49111
41092
56827
62555
48485
38026
46164
61836
32679
61899
48384
53692
57074
35284
45986
37147
39307
51562
39746
35483
45674
44083
45880
43335
44349
39090
45900
50134
52144
47225
37659
54912
45036
41113
57533
36624
34909
56926
60068
57147
43193
48185
49351
35120
46142
54014
53504
55920
48443
47951
41651
35040
32209
62296
62897
58908
36347
52414
51292
56591
47820
30417
35083
60865
58104
30985
30384
39791
31894
45488
62648
32993
43044
44252
54834
32504
62668
59296
58420
47495
47589
54147
41850
54883
43453
44593
40273
45758
33174
33137
44979
33456
31470
57175
43188
36631
57860
44731
45341
34209
62871
39914
51798
36647
62449
33178
58249
41021
31012
56868
51716
47111
37524
43245
30943
33102
43957
39973
35807
35282
47126
50869
55707
33762
48799
31346
30941
50731
43543
60055
46411
32206
33512
36466
46919
50869
63015
40029
58131
40486
52687
45296
45881
58264
48717
63093
37418
56262
44354
57500
30501
59907
54660
53361
51802
62413
60518
46218
54352
41636
44089
31109
48260
30749
59410
57010
56147
59442
36046
33548
58137
60892
45908
48750
42139
52708
43034
39683
62114
31733
35819
33535
59625
54775
61927
63116
39481
43416
40651
56839
59859
47147
52594
52333
37902
44214
40092
50704
43585
47174
35311
57231
34275
51334
40507
51460
30449
35984
44802
39295
45456
48131
55608
61108
48884
54358
39239
46320
62848
49260
42070
43858
48175
40552
59083
30775
40242
38850
52238
57846
60379
32667
45968
32718
33209
43853
46861
30492
55045
47431
42510
39121
31292
47640
55985
62244
43790
61385
52140
43908
40055
38768
32656
46289
41516
61698
50507
46539
52536
31081
54769
46027
48103
35542
50108
54705
41187
55129
55889
54045
50589
61871
54340
58338
35822
55387
35295
50103
45823
46840
32031
40496
58214
53709
59136
63213
50833
53154
43514
57874
44392
54738
52684
41206
35374
43682
59512
63264
49576
53713
39055
52079
38786
55152
62638
59800
47598
48372
37961
30678
45198
48266
38311
62684
45716
54954
50478
53775
43048
56815
51681
32242
56074
62758
31527
62177
39544
45989
50126
40451
54866
58334
46671
45690
62844
36915
46676
48348
60292
53772
56183
35559
53636
38695
61773
47984
34378
53552
47267
35485
39351
50066
52743
44628
34661
58252
55691
55027
33932
32391
60357
43074
58663
39591
44058
48806
56402
50592
48189
38039
39927
50635
62706
56403
38825
57721
57368
41428
61136
45191
37862
51456
49671
44082
54133
48161
30658
61741
39038
56980
46132
59377
60006
38853
34928
51029
42615
35419
40142
42334
40305
52143
55952
35416
43585
44931
55493
47653
42512
31729
36974
42966
56703
39329
39904
51064
60209
37951
34153
45616
39819
32556
59702
53387
48567
37492
61044
32527
34287
37889
56246
57622
58616
57614
51863
54748
30956
43998
48800
50134
31549
49581
41836
44613
53239
60647
62985
51468
39493
51096
40354
32446
31287
37411
46939
40188
55234
57912
55677
39678
57097
48640
37331
44655
37338
63386
41812
41598
37500
56523
50945
42290
35752
36593
62481
32509
55765
38713
62284
59541
55737
35602
49589
62207
32780
54498
34411
46572
40591
62711
40913
47177
31309
52928
35821
50962
38688
54845
45070
44647
56440
45492
50098
35041
63320
41894
58022
39206
40353
53505
35439
57787
38547
46999
34537
61210
44177
59599
37422
34821
60452
56474
43961
47129
54339
61609
60108
59558
56274
59358
53262
31678
61544
32256
55929
40332
53845
58290
58227
49127
61924
46758
34363
62503
45533
51726
38535
38712
45902
54099
60012
33773
36491
53002
31613
49046
40308
45604
41783
54484
47862
47972
63133
53420
39893
30999
34079
38363
42152
55039
32448
31337
57637
51344
34168
58241
32926
58207
44503
54144
31692
32215
62188
40524
51148
42541
41317
47079
47719
34199
32247
53572
33686
33721
43777
46937
57413
48736
37228
43125
59992
43379
53461
37844
43500
60199
31470
63345
52191
51313
40481
53275
41362
46529
58231
53195
52717
57325
50105
52789
50084
49515
38869
42909
30905
38852
34946
32236
62275
52549
41255
36867
37741
43768
35321
39759
48833
59091
44388
31645
53415
57902
52397
32048
62504
44155
51157
38161
51960
40497
40128
62375
34228
40969
57751
42375
53608
62061
48746
46733
48724
35117
43546
35628
33776
53109
61046
58370
50733
59388
47012
49072
49150
48509
45763
36584
63255
63339
32718
61128
56564
42721
31427
56678
33054
49112
40965
40108
47274
45724
36863
46950
57090
47489
62987
56473
37864
44753
54930
34070
39607
32522
34932
38736
48876
35654
56746
32107
57830
36859
48938
57749
38378
58340
49162
33945
60010
41791
60393
58033
52615
39737
54411
39580
42708
35239
41667
51953
36701
34038
44694
55731
51944
41061
58013
55845
59002
41073
61099
34016
40989
54161
36272
63010
31713
58148
58077
42601
43553
45224
45577
53569
41735
37676
63316
48730
39762
35080
41482
41181
46679
45515
63178
33024
39238
42101
56551
58329
50095
62951
39694
42351
53573
33687
50985
47383
35041
54920
60804
50174
56522
45690
45870
50690
49203
42334
63395
50374
62981
43788
47527
44293
48351
47416
50037
56870
31835
51106
57881
37905
55188
43150
44059
41794
51429
50548
39773
47899
43763
37880
32326
41599
53997
55068
33824
41628
40978
32949
59583
37896
42100
50972
33636
49680
51964
49957
48353
38989
40623
43605
45309
52856
38703
63823
32537
34430
36485
41616
36372
37079
50205
38236
51053
51988
37138
45304
36263
52408
45485
63514
61938
54857
51240
39070
60679
46759
31927
39802
40788
39580
57033
53492
56409
31411
60298
52499
34130
39758
56749
34899
63254
54003
43626
63644
36671
35559
53186
46709
35979
44542
55306
33398
52866
31153
46759
48891
47193
58737
57879
45600
47895
37947
53041
41961
51958
33901
45485
44224
50188
61912
42470
51237
33322
40470
42975
32673
45061
62237
31620
49659
37267
46101
59955
47791
52664
45159
63867
48540
31522
44311
32548
39677
62578
63571
46703
61338
47004
56140
47774
50496
54416
56900
35511
38766
44826
37608
31366
36945
38918
55521
46305
37362
33161
53414
45872
57263
53980
61588
52780
31720
40746
61504
52198
36346
50092
32268
36619
58481
45331
62200
52071
59257
58406
63675
58281
36758
53676
54803
54374
46229
51596
54617
53344
51395
38195
63832
61959
54364
54582
62559
42560
50502
57912
38293
46182
59135
46351
41101
34702
38613
39458
49946
40208
34901
46101
40293
48195
44549
37289
36924
56199
39510
56029
50605
54921
60628
55642
42964
55746
40864
57357
47601
42817
51488
54806
34749
39083
42485
59617
40703
33408
32557
43410
51034
56479
49338
39335
60521
54285
54307
60120
60942
43506
37754
63042
51974
33764
59534
44741
55745
37224
60513
37547
33649
43702
39645
57482
46434
52413
61122
37739
31881
38503
63971
59947
32607
43806
52626
32290
51696
40591
51033
44291
41006
52654
38379
55811
51852
51450
35417
51774
37064
46082
35209
41046
55048
48680
45541
47965
37161
39077
35152
31989
32852
36301
51038
47797
61138
40340
36804
57039
56865
50002
45325
31728
56135
51395
48015
55400
60774
51794
33950
46219
53905
53399
59903
53335
32478
41758
59807
62551
37308
47210
57733
33222
46471
59193
35846
52728
40282
48394
35896
52470
38181
40413
40617
53097
55295
37178
49744
55225
41149
57460
60867
51829
43203
59951
42155
32246
35098
53024
33141
60735
45507
56340
34635
37416
60235
54580
53315
43708
38560
34439
60374
60895
40739
48568
33171
62260
54014
37146
35860
53821
38328
38889
49202
48324
41223
63443
62581
39034
51173
60342
40142
56287
61413
42924
44681
45665
46280
48709
32893
43976
59979
60179
31622
31441
61508
58988
44853
34585
36077
42603
40645
54845
49536
45368
55889
36928
52484
58505
47173
41773
53606
54889
49939
51709
52939
45881
44839
64186
59685
48372
60700
32741
44036
53175
44080
49430
49328
36736
57589
32482
51828
41781
42058
34305
56636
41193
32394
40368
49763
36700
62211
46421
32710
41152
57258
38242
54557
35523
34060
38779
41867
40905
51848
43483
62323
36217
37564
41460
35982
58492
46141
41557
54330
52609
60043
38865
58901
36741
54084
37342
39627
52049
52119
64059
61740
36932
49660
61398
36226
44626
53282
51436
49953
59725
45353
32882
56383
61795
59410
37556
37894
50409
43636
36156
63208
57175
58224
54773
40243
55699
58086
60816
62437
57202
36073
45351
34753
40572
40305
57120
34466
37359
54352
58197
60176
53255
40296
44657
34321
48253
35098
40093
56129
50253
43266
44893
33573
34493
42209
40628
34749
36763
39898
34191
61272
34502
42466
44385
59820
63728
35186
48394
54054
40353
63870
52989
33407
48767
61355
45730
38032
41934
63165
56569
43623
43571
63822
52353
52634
58813
59590
58456
61147
63013
53383
33443
45773
61525
43368
54832
33047
33064
33125
46938
35254
44401
52117
34861
46231
54078
60508
57291
44901
53342
54753
34062
36256
61984
51394
31855
44783
37470
36103
44327
57271
34234
46933
57748
59372
48936
52836
42717
31783
52397
58547
53209
50425
37222
64123
40749
61568
57547
48097
56501
33335
57141
61295
55846
54546
52126
43205
43761
33739
38568
37772
37738
43894
60129
60076
62249
48220
35398
61375
44720
52486
42246
63173
56399
41880
36232
55833
47173
59745
60846
60068
42024
48303
57692
45136
46471
38120
39476
36543
38861
44246
61604
41534
50536
59203
34339
59636
56363
57798
56503
35935
37105
43484
34747
57090
34436
51258
55775
57943
35773
38498
46192
59659
34028
37493
56282
43370
33913
42312
62827
54297
54988
36537
37465
33539
34155
60484
60423
38037
38242
36305
46468
50990
34024
36048
42580
43217
52287
55688
41588
44830
58844
45740
41880
35712
41416
47920
51127
36775
51270
41562
43209
46649
53174
37404
57808
41924
43449
55201
58645
46072
60310
64038
34740
59155
54749
46091
58970
50076
32586
33322
34638
32852
42731
48487
56750
35434
61829
62088
37372
48110
38453
60488
46041
54920
48723
41894
47375
38506
40091
35459
60885
61827
32655
58476
47695
55029
58135
41397
57685
33482
50539
61639
40053
47586
49970
63930
47419
33328
48876
63527
39855
43815
38797
42807
51744
47726
45674
46080
58912
37083
56409
43538
46800
56223
50708
36428
43102
42430
40927
39925
58571
40387
39019
55304
59890
58289
49913
61134
49350
62268
43202
36786
47579
32313
35223
47954
54056
52052
36805
47058
43787
60673
64315
40821
42125
58549
34799
48494
41192
34389
37757
44275
62022
45039
50705
61076
60364
43432
49800
59339
45783
49653
41426
32980
46469
64014
48539
54462
60024
54944
36394
42947
48598
43202
40841
38869
53140
58155
57830
47993
59125
53154
55609
41688
48973
47285
61479
61203
37387
56238
61990
62424
33270
46787
61667
38707
52151
34701
39137
58278
57240
36284
47458
32891
51339
58888
33674
33881
33902
37227
50370
54806
45453
64653
41051
36812
46441
39808
35955
38959
49336
60845
38429
58909
54444
32270
45244
41591
44408
45982
38064
39984
46609
34318
61749
49827
59697
60090
62855
39466
50082
36315
62795
57068
43961
44030
44074
51702
61985
40885
58559
44174
53209
63372
34483
54723
34176
43070
53286
63049
32721
44841
48721
63108
42346
47360
59754
62179
45521
41152
55240
53871
49592
56037
35912
43940
62592
41181
54255
60287
50941
61629
38609
62168
35705
46387
45105
40434
41723
43451
37353
59985
56265
53014
46861
44747
39211
33785
43467
39394
43122
38402
41109
59985
59193
57071
63107
38373
40683
49682
33522
53902
47493
40448
38002
46518
45981
34442
37599
56785
61348
56046
36045
55862
52840
35918
46121
50477
45276
43104
36382
50249
50972
64616
55862
58104
53420
58467
62658
64344
45568
39557
47227
41292
33602
39654
41833
50128
64591
61305
49924
63625
57859
63549
43930
42400
55478
33719
32496
32209
49158
52127
50732
33471
64471
43482
41714
33163
52889
39336
39886
48548
43210
55583
34770
48609
37307
48856
56704
61389
36246
38888
59626
38210
42144
41489
44311
45113
61372
63034
62633
57568
52785
63261
54717
59885
43180
38976
44307
53042
58761
37158
54383
49778
62030
53446
38974
53876
34424
50492
45181
36949
33659
52159
49367
40738
38404
56531
41997
57767
64641
51391
34459
47745
38627
38978
38041
37499
41890
58754
48863
39191
52738
49477
56172
62314
61846
63587
42249
52525
46850
52604
56873
32786
60932
64230
39700
50516
51382
37097
63300
42386
56333
33839
47631
39645
35238
32886
44679
39184
46786
54152
45727
61535
62607
33901
49551
48691
32169
60127
64889
57398
44256
56062
64588
40361
53564
47429
56297
64254
33598
35517
57732
60323
57193
54640
43085
54812
51713
58657
41808
40532
40979
51258
63130
43573
63925
39174
60318
38006
57743
59168
34007
33204
42394
54572
62638
52165
42280
48836
64413
63305
49189
64181
61845
42881
52124
36204
32413
33893
44924
57259
50877
50928
37277
52609
36122
57279
45566
41336
37474
60378
56401
53264
45674
60370
37561
34668
34070
61708
54738
59212
34426
46428
44530
62779
35390
53461
55726
41226
32327
33248
50592
60796
49299
48012
45416
37187
35941
60965
42481
42027
49827
48648
41206
44182
37244
40117
39364
41256
48973
63526
49985
45763
40134
62560
44845
62134
57929
58183
46760
43313
64658
61110
52212
61437
35997
43215
39293
58729
40644
63120
37398
35720
56617
34983
54918
42905
49491
54920
37955
46535
35100
53180
49533
50451
62154
46972
55902
53134
33916
56958
33681
58059
58056
44815
46593
44180
64162
48994
55267
49116
33407
56872
59126
42485
38587
52576
38921
36867
62776
40817
36799
48305
40009
60022
39055
58914
53454
50649
64014
52267
53152
50723
54641
44735
44591
60178
43853
52394
44649
46061
61090
47746
35294
52756
51480
42459
63522
37339
62600
55483
62579
49560
52670
37198
34460
48891
33918
33242
37657
43678
36036
36084
63100
41437
46416
37365
61456
36584
34658
56744
40891
48918
54211
37701
39721
45949
37124
41379
56870
57279
61194
39081
39500
52006
50123
62214
43487
51188
46418
43041
43509
46324
50441
39507
32730
64853
41015
46421
52658
51896
55752
53492
39520
40328
61773
44044
45223
49034
52035
37811
63887
50357
65176
35509
54795
36419
39787
34113
48088
33800
53012
36065
39336
63491
35172
57519
50816
59443
34605
58823
32863
37547
58885
64504
48672
36841
42312
35519
55457
59236
47196
55925
53029
53860
36409
36295
43767
41238
45608
53095
50769
62944
59850
34817
64123
51954
62557
45169
63799
63006
53051
37939
54621
40681
41891
38938
65219
56034
49596
55621
46431
58418
52439
47184
47024
40565
64757
42183
45145
56776
39305
48352
42768
42019
37247
38249
63670
51434
54396
48639
39623
48830
53608
54657
44533
60313
48682
49860
42000
50970
36018
58760
64809
45853
45373
54187
57335
49807
40404
63133
37242
57985
38678
40212
36829
39290
50744
54529
54433
53522
44106
41410
33272
56764
55996
58009
32623
47332
38176
64861
51664
41274
49201
41327
64071
38221
49685
46832
51395
56411
47071
52785
36255
37223
42072
41835
34434
58509
64511
35505
57988
34451
45646
55330
55698
62144
44095
39011
54035
35569
48143
44365
57291
47593
35394
41698
35584
36841
36839
53382
50908
36224
34333
39532
63507
37029
61142
59214
58566
38915
39643
40545
35494
53396
53521
49544
41052
41329
64250
63431
50729
43497
64126
39931
43465
58832
36076
41929
41374
60441
57148
62165
33546
64424
46999
60980
47133
51809
55321
58403
55408
51845
65237
39929
51536
55870
42777
41562
43295
37240
61428
42414
35320
41459
52214
63185
49042
64918
56887
33292
50279
46855
43162
54341
64021
53368
61267
32882
51460
60612
62887
63828
58185
38586
63475
45921
44746
37560
34544
41730
39587
61053
43061
60158
58313
49976
57342
53046
36077
56804
34859
49044
36260
49624
39052
36670
64708
47514
50267
44047
47633
59893
37130
59975
56089
39755
51776
47233
57180
44332
63262
53222
61360
59430
46278
46241
44260
41439
39454
39570
53668
59234
35025
33351
43932
41399
36759
41512
45025
59574
49591
61425
44684
63516
42954
56934
59816
64223
44481
41794
37710
41151
45609
39280
63246
45598
39598
37757
53905
38417
37342
45646
41341
65207
53808
37902
57497
45002
41541
61291
35890
37747
58989
61186
56765
37219
60269
57623
36029
56351
52864
36746
38631
43163
42651
54278
54148
33803
54005
48252
54808
48118
37575
54224
58433
35980
51792
58066
33505
35129
39197
48495
56959
62330
42375
61481
37611
62448
49533
57796
38433
59827
52356
48450
51824
50152
63227
47122
64476
39318
51876
34949
52416
62389
40032
41089
54712
64904
52026
32889
64701
36653
61607
46748
51090
50803
58892
56909
44384
41451
50049
46036
43933
53826
48085
36947
41521
46541
63954
57851
47836
45670
58050
62591
57298
57719
57906
40393
34217
49748
41717
41709
52341
59086
55660
59739
48178
52741
33541
51288
41058
57725
48898
36527
50934
51316
42108
37027
42610
34163
47527
53801
44877
37412
61527
41300
52374
60771
52163
46353
55262
53143
37769
42004
33873
63811
47091
51218
34086
53208
52089
57649
62266
48334
46471
36285
46583
33522
33408
59932
62331
65026
62722
60676
52214
32887
48236
54251
58452
50082
62621
46015
33821
40442
54015
33240
51865
62389
42181
43307
48951
38293
33392
65472
49455
33285
56472
45158
39527
48228
50665
60581
47508
44705
40556
64244
55201
51464
33799
62764
35924
54363
44104
52029
38447
43557
35678
56863
55700
51019
60520
50956
56109
60644
57075
40685
47499
49994
40381
55826
59917
45937
53951
35877
48388
60024
56427
43105
60692
47998
63539
37375
48606
54199
63050
37105
60891
62655
55982
65235
65419
43310
36710
49183
40400
42860
35848
56736
40852
54983
38527
53801
61106
43714
33035
57478
54804
51376
35209
34227
64281
43906
48629
56140
34361
47582
35373
65093
48875
33393
54008
52699
40646
37509
49734
38602
40935
39638
43194
65217
51860
54945
39013
50195
50718
59647
40149
42415
61708
42097
46158
34642
50293
61628
61015
42491
34478
49911
54136
61600
37158
56290
64067
55583
44429
49273
60817
45431
52796
41161
51214
59704
42449
41219
43256
48952
57881
47311
58915
48008
36404
40162
40769
34214
57331
59091
38496
60148
62597
61226
61876
43369
49235
36283
51863
53895
46632
46130
44494
55949
59797
38638
61710
42989
45204
55315
33214
46848
34923
59610
37119
42489
49619
38188
49386
48408
47194
60784
46872
50976
39174
33441
47208
52746
64571
43171
45564
36859
55006
45783
54149
49268
34491
57069
40641
59848
65060
57849
36930
33492
53979
52169
50544
36074
46131
46198
50129
52750
35953
59450
50568
64357
53624
34177
44828
59370
51366
49475
37499
35683
49657
50576
58175
62868
36470
56941
49199
33202
46539
59614
62985
56858
44851
47172
40831
48195
41370
58857
34431
48369
61186
48858
43703
60588
36645
50165
37209
58481
64859
61506
49691
58023
48575
47495
38275
61524
48525
65302
47201
59025
37583
56042
34973
59452
57145
35058
44850
41964
55889
55469
39803
61994
50899
56567
50094
41950
55123
52771
52902
38151
50724
53833
35557
55215
42105
40929
55001
35615
42186
44689
56926
45903
58489
59972
53637
42144
63670
40060
63635
55245
49824
65513
51533
47647
52908
45626
57715
52705
49995
63539
35467
44820
41671
34816
43743
53348
58478
52681
51145
33882
43251
56966
64814
42706
36369
36117
36425
64176
58737
54665
62378
36815
53966
37574
35454
50490
38231
45643
51472
48031
65621
55886
40080
52224
59149
46606
54292
54956
65512
56421
48348
65134
33489
33948
54234
41988
34527
64900
45169
46546
58164
39618
35966
42968
38693
35947
36245
42978
64923
54481
45965
57854
53176
53404
36926
59699
47806
34076
44169
39024
36141
43229
48793
65475
48940
39548
38249
45515
55850
47546
56710
34160
33733
54991
41751
40913
45035
44033
46362
55934
48703
38260
52720
55784
34494
64324
42268
59414
39330
41425
52808
59289
46726
54362
35208
62145
48844
40398
59619
64273
42812
33758
61200
64753
44269
63575
35709
39843
53609
62639
38806
47480
57868
62429
47427
57412
36525
48750
52914
36367
54145
48342
51032
47629
47675
50180
36402
42449
46712
36921
59729
52925
41307
57881
62101
37821
39028
61955
36281
58165
50151
44446
65423
34103
51146
62388
35469
54778
58574
49732
46217
33927
35874
35538
39361
43446
60052
41218
61726
52057
44794
63333
42426
40887
36816
40595
43423
42300
54306
47738
58834
57966
58285
57845
60304
57891
41537
40097
51927
49137
39529
62188
45608
55527
47950
50286
48012
62586
44505
55421
35541
63938
34072
56571
41254
34023
52707
51059
35253
61654
49599
52324
50128
43320
41218
57565
36382
55460
63544
64074
63272
50963
54470
65678
55063
64661
44237
42578
38591
64579
65105
39836
59357
43893
59803
52899
53917
47413
51931
44770
48224
39411
38674
42603
52155
60282
65583
48510
52675
54562
42104
40026
65672
47175
52524
57171
59103
50427
65639
61733
35173
50936
59973
57224
51392
48856
57674
56836
42280
39817
35330
60167
40743
43003
56804
52021
38300
65819
39292
52991
50438
43013
54730
38519
52223
33909
53477
51042
55559
60287
43491
59791
58755
65153
37885
56680
41477
63061
50415
41159
63438
44747
41630
54795
50066
34390
62461
49514
44411
58885
39217
45193
49776
34229
36596
65609
45718
49286
49463
46308
55575
36235
61707
55354
61731
61638
45505
37477
39989
63571
49488
45203
40344
39395
49144
36373
61225
33900
35621
37811
37726
47647
49046
49475
51335
34459
42686
62842
65876
42336
37739
59393
50840
44166
61861
35275
58956
36783
36313
49063
37847
53050
55095
43793
56717
42937
41304
62798
39797
54693
43300
53432
47951
49489
57587
42070
36309
42781
51186
38319
63810
36844
53449
58592
46353
44504
39802
52973
62215
61732
34444
59989
39283
59761
56170
45545
62133
50997
39430
45533
62973
37226
42945
35616
36181
58243
58767
49385
64738
51108
61782
33939
53094
65810
38552
62378
60426
56041
45650
64582
47451
53005
36388
56215
61842
39266
63153
60098
35864
35648
37193
44523
57417
45857
46278
55699
58745
44189
51635
49701
46132
44185
62900
59851
44234
40379
38433
41094
59147
57633
52725
60030
53072
34642
43751
41111
38075
38260
42454
65348
52415
43712
66154
38816
61410
39476
53753
54971
37825
52359
40359
38705
34389
65122
64466
61698
44662
44749
38061
48029
54685
53736
55850
63038
48878
39899
63262
35450
44918
63503
47520
40217
52145
65695
64689
57635
61007
35337
54563
41277
56375
38698
34227
62262
63949
51561
65145
51678
58736
41266
60290
55575
39751
41638
38587
65582
34366
45712
41232
44651
41547
49051
54998
62950
37878
35779
41830
49309
55576
43530
59403
56260
63203
33900
47647
52572
51490
65044
52336
43015
54978
34256
34793
53531
53138
44227
38766
60661
38727
38234
60167
58768
65987
52865
63041
48982
42135
61206
44497
45109
57798
34205
34939
44278
36812
45110
34610
57546
58078
61645
34945
49958
64372
37265
60201
49105
48645
44455
50188
42300
55313
45599
43849
52497
38501
60199
58537
45838
61595
61822
59194
60948
60896
35884
34873
49019
50938
55921
52533
44201
59785
55803
43378
55011
49292
40283
43660
34146
58920
50874
55388
38314
41637
39624
52255
50711
56506
49142
49877
36537
57098
64997
44776
64610
38638
37150
36110
49660
45173
59139
65648
62496
45993
54790
64012
41701
34580
42520
61272
50678
64387
64868
58408
44776
50442
34110
52177
62922
34120
56150
34191
37885
51948
41778
63524
41286
43640
52187
37058
59169
54342
56790
43307
48728
52168
58709
39191
60117
42003
52399
63190
59828
58783
47886
52022
58781
65864
52071
48295
50513
62617
44976
62877
34946
66378
37965
51766
59112
43527
55243
57629
58769
44660
60112
58286
54905
61549
60498
63835
63066
57490
54792
37454
40133
49155
52510
50511
45682
36200
60205
50409
57813
49973
37738
45000
46577
52012
43038
49254
39793
52003
46166
40935
63477
44807
56795
57409
52138
37921
45924
57759
37149
63896
43787
42760
53073
55863
58622
56891
37391
37745
34423
40670
48253
48546
49390
42200
59890
55704
55693
35324
53513
63314
50404
49895
56564
47623
43742
58155
61715
56683
59123
60589
35525
41005
55456
44619
46463
47044
38932
62914
34075
45419
58157
39119
35442
58474
54946
39317
63020
55704
51074
59967
56791
52254
53469
37862
55095
42877
59840
50357
56797
42707
38759
35147
46843
63834
36783
46432
51063
36913
57290
49068
36926
63839
60214
38148
50395
60437
55024
42695
45128
59955
46309
47224
56324
39694
66473
45228
44389
50032
54891
61735
60720
65249
47401
64066
60775
40485
42272
56720
49506
52998
39303
50112
48161
61780
44156
35269
43233
48425
43071
47413
61933
40561
34974
57327
43447
59818
60592
35585
43559
52713
53446
59593
48691
43038
42143
54874
35248
39832
37339
56352
41832
37836
34482
56776
38252
37714
55526
65882
47020
62512
38134
37288
39108
64859
52629
57324
59673
61819
65370
59565
39973
64239
56505
49122
46095
39185
38450
34906
60287
62139
62152
64091
45488
45578
52405
48522
44231
52577
50780
39434
46691
57777
52095
50408
34421
66040
45746
52151
65618
40968
37648
58231
54790
62090
41516
40636
62955
64578
44619
53004
63099
39061
35024
38280
62563
45384
62711
59086
38616
65930
61126
34335
44590
35381
56897
48061
41127
39761
35550
51863
39305
38618
58168
59688
44659
53442
60679
49565
61168
45114
61776
48438
37453
63022
47321
40686
47016
52494
60640
45406
60490
34260
61452
35807
60471
42563
50084
45807
53506
44140
52479
38870
41702
43895
36668
48009
65555
42400
44339
63694
52806
51072
51114
47521
43676
59534
35789
39894
35752
62693
34264
51457
51651
42056
35863
66963
65955
41571
54800
47941
66864
35923
37887
66234
52882
59241
39554
61535
43407
62763
63126
43159
34580
34972
64962
65301
44817
49342
44690
42376
50314
52308
62791
44414
53228
39660
43213
57730
50077
40733
54253
47496
44758
34318
40644
61068
37557
34871
60532
61813
36238
46956
65817
51519
53379
60951
50175
40025
37716
50117
61970
59724
64120
43748
54421
45726
41836
39882
53271
41462
52043
61690
57251
59008
50079
55459
53304
53907
43382
65386
53368
64658
37561
55401
43172
59152
42426
42616
44744
62519
53004
43691
52019
43114
35223
39964
41258
65577
60651
52458
45022
56629
62933
41089
65435
52981
48432
46876
44865
47641
37118
62089
62968
41853
41912
47148
60704
41552
50658
37959
46727
48501
56801
41593
53983
47145
37393
57220
48239
37351
55571
51283
39432
48520
58468
59963
40507
54191
39220
51329
59081
50276
35701
47900
61531
52223
44850
43709
62067
44872
46114
52749
47011
66268
49021
52277
50685
66003
63502
59556
60362
47007
39050
39948
66687
65847
64544
48814
35308
43382
55633
42968
50615
42173
40706
59052
46857
45024
42959
63522
65671
54848
47011
40529
62084
41780
63365
48362
66932
66222
58293
57093
55460
38171
57336
51744
35113
64138
58928
49764
62743
55569
66351
58411
48883
41580
38349
46784
42346
56552
66616
56421
66370
62336
56204
66459
35730
53573
36260
64925
38446
52227
49455
40494
36966
41505
59398
51348
58864
36809
36797
52709
63010
48969
41079
65665
59748
39097
65023
41184
64230
46302
48917
34702
35470
63311
61190
45171
35637
37846
36224
35672
41234
66329
49315
46503
66678
43642
60763
65906
64698
47931
43502
60855
34678
36070
48849
62435
65524
63212
43456
52884
56037
60812
55053
40355
51794
58870
66873
35682
56789
50609
34497
55074
62216
57658
54842
59641
35390
52718
45216
53954
54129
35625
43500
57956
34684
50864
61412
43352
57738
49228
44855
40293
52431
37048
52937
46766
39542
55229
62796
44783
54234
38300
36112
50692
64760
45996
47644
44971
56101
65604
63101
36490
37884
41435
51422
41076
47259
50542
51545
65512
37135
35875
59533
40666
48140
64555
44273
57014
63201
63724
55911
59811
41388
67168
47125
45317
54218
56248
59504
46405
38034
35142
34713
64212
35907
46489
66541
53357
49466
46570
58584
51867
46441
66999
62441
39036
63492
57773
64556
38340
65405
35275
37812
48644
57267
61125
41847
58669
45159
52902
41311
55632
47087
66746
45213
53671
44590
37035
40001
52953
43971
39146
57351
53370
39297
60496
45940
66513
46111
50950
52002
53215
63537
56994
50265
58012
35415
63890
61150
41860
61365
38334
59664
44882
43683
57961
49712
49420
36773
37208
38657
44095
59037
49975
56465
52364
44095
37688
52566
36451
34758
67069
44156
62735
51429
57272
54142
49651
66049
42385
48628
41235
37533
52808
34732
65238
46614
58907
37115
60170
60048
43498
48469
44328
50224
56729
65564
60889
65676
57782
43958
39354
61023
52315
46818
57692
64898
35158
60492
64144
35607
50568
47199
67297
48647
43403
35162
50017
34736
42904
62886
58793
40151
57511
40039
51739
64228
58583
62545
55146
52558
54033
64700
47965
51028
39912
66811
58575
50670
60356
65002
57083
52739
65600
35271
61942
47836
60624
48707
44157
45273
37543
52440
47857
43106
53208
66908
44960
42273
43451
59095
41030
60782
63122
45714
48340
54795
51820
46448
50031
62994
43850
48001
62908
55083
53377
57813
62299
62978
61791
47758
40369
42745
59153
63289
59627
45850
42436
36191
48703
49487
53515
35158
54133
57301
61313
66397
39847
49646
65967
60137
46405
67030
65584
39993
63835
38649
66834
62512
36887
65635
42112
54884
44678
50040
47262
55667
57758
67301
42165
36246
35457
45526
54160
37240
61440
51050
62758
59720
35166
38499
49017
52236
58967
37155
46781
56121
55393
57812
49341
63617
49458
36582
67451
44525
43650
50110
61206
56363
35602
37292
41713
41769
56557
48414
65042
47331
59630
60180
53960
41593
60290
49876
54673
66436
63151
55263
44858
63402
46422
61475
64072
43632
62389
64114
44951
41296
37167
51507
50753
60428
48976
58712
35521
44865
45580
36240
61785
48447
42311
46525
59313
45336
56219
39592
59840
49143
64085
48627
56815
46259
59072
56912
64636
51620
34983
49137
50717
54454
38421
55616
52711
63931
52319
47055
55917
55046
47716
45458
41516
57397
65556
46668
42791
56142
42799
54599
62926
46094
63823
52040
52004
39293
63273
44226
58913
39366
54544
65610
67669
45126
41147
56651
59855
63971
62535
58107
42045
66463
55935
39821
55637
59244
51292
40873
39027
43843
53192
36377
51075
38512
61351
43973
37665
61744
42264
49121
43519
57981
41464
65637
51079
57385
52393
41661
53698
58666
60689
58562
36473
57909
43749
41450
45978
40078
49447
51387
55004
61214
35565
50310
65702
41414
52581
44881
58926
51955
58134
57365
36574
61298
44136
43306
59643
54406
59751
56063
37256
47160
57540
57102
54120
58351
63516
65295
41412
52544
41341
44140
37292
47367
49703
56310
38657
38071
63119
51670
67730
63982
55210
47558
44933
36941
42343
67457
58873
49542
64126
39799
35049
62390
60776
38854
49491
48630
49838
53606
59546
52012
37991
59811
35882
57128
37628
39889
54362
45548
49967
37691
53910
38218
56668
56668
64189
39093
45566
52306
52168
40785
46964
56719
60333
40012
42246
63698
47746
59761
48931
39765
41190
60410
47340
49992
40349
64422
52983
44927
54906
49164
65356
51048
45186
63535
66228
48959
45902
57426
60212
52357
48049
43534
35796
65198
49563
47777
36260
36890
46397
41865
54785
49990
46958
35154
41493
41028
45390
60588
64413
42600
36649
35264
60143
50757
41630
49604
35387
47063
61440
49869
56849
65794
60156
57829
38691
49211
59004
56158
41293
36742
48076
60774
41938
37792
60667
65755
55017
35709
50821
54368
53880
62453
50222
56752
47647
37818
48433
54578
60024
66445
39834
40910
35741
67249
41713
35584
44267
51104
35352
36650
52742
52478
60534
35887
63773
47819
54870
46141
53872
46044
61577
39146
49423
61324
36691
36483
38116
55215
43141
55712
52723
49863
62694
56060
59617
40571
49367
44420
54451
40516
45111
60078
62937
49770
63877
67852
55915
52015
56388
67873
66482
60489
54948
58483
59626
54422
56926
62177
38726
56844
41184
47671
37685
63983
36522
56320
57060
44358
46584
38300
51716
45455
45217
67218
61133
36274
43327
45351
65603
47924
48016
59695
52664
43949
46108
42275
40850
49788
62232
58740
53582
38585
63115
42527
52421
37227
53167
36482
51886
48123
67482
54125
64613
53993
46877
65405
66283
61630
54765
38309
55085
58690
66816
49678
67465
36078
55354
36129
61070
48292
58185
50402
50947
38302
36302
36991
49451
54693
62141
57896
64840
63363
52998
47906
36702
47034
50037
62999
61497
53622
60886
35761
65457
67521
40286
66919
64557
52982
42566
37526
37734
43640
39097
62419
61550
37539
57072
45184
60144
63235
67228
51869
48057
45252
47492
58593
55927
63850
43375
36617
59585
47555
62276
44145
52824
50457
48496
43233
60077
54443
38280
61353
65443
55135
53551
55536
47509
59825
63035
65865
63643
68079
60947
49031
48905
56488
67675
44243
59705
38242
37076
62203
37515
55179
64637
54541
52137
41906
61951
42533
67088
42231
45383
41603
55500
62144
40565
57056
66178
39598
62453
49666
52404
67280
57323
48271
46145
37910
37077
45855
64299
60680
62828
52884
67485
64695
46026
42670
46125
36340
39890
64218
62814
60097
39117
60747
63593
36869
58961
62540
40765
51588
35943
62933
64964
51725
59116
49500
48232
37877
48184
56301
66518
50629
42750
53885
54785
40752
55155
67196
63594
53832
61363
43177
54176
62705
65376
54826
60418
42645
57996
35804
55244
48665
67545
58344
54866
37904
57822
53655
60550
48431
67533
53095
43712
51457
51539
45918
65471
55516
47552
40350
48363
41748
63080
46394
45020
46702
44105
42824
62752
37336
41198
39991
59449
58455
49811
38755
54502
67904
66441
62695
52644
38059
66780
63922
52083
66597
54324
43486
64221
59301
49401
55613
55861
38594
36026
43572
36125
50722
64208
61132
67914
37174
66366
40966
65676
52260
44252
57199
44040
45573
53941
46837
56520
50001
55469
35577
62839
59543
37735
62117
45413
44402
59237
60032
56530
42936
58225
38207
57960
57076
55868
65247
53769
51223
48966
38384
50379
43370
51965
53044
49729
64199
43561
42856
35581
38409
48263
63330
60498
52161
42676
52828
65887
45099
47949
50832
66888
46176
65365
67589
39623
57292
52695
60840
44260
48611
57036
65694
52480
54288
46398
48601
45592
46062
47278
55785
48456
64955
64948
63253
42894
59146
66021
65963
48337
39351
57081
42644
51234
65312
47406
38955
38209
52114
60647
38224
43875
56834
49049
59063
42290
51198
38887
50822
51734
37347
65804
58912
52403
36687
64890
67131
53939
55257
60608
54585
43461
47104
67761
67509
52709
44642
48579
57180
42207
51503
58037
37886
37646
63452
37749
53988
52586
42268
45888
51301
36034
44300
55819
59316
67141
66477
45346
58620
52551
40856
66319
38319
66114
64749
66237
43803
62235
52365
36317
64318
37031
41865
61065
52187
56686
48858
57383
54221
47535
44882
56209
59036
45220
66002
61043
65102
43782
47038
41460
38783
43732
41902
46232
37812
62545
65126
43876
38381
51276
51209
65092
36217
37795
51593
58283
58126
47114
51810
65401
64537
53769
52872
63777
67667
41028
61597
48395
52629
61439
44136
60727
58861
45793
44419
50468
41969
41464
63059
62704
37203
37374
62269
47040
48054
56539
52759
43362
50112
66666
38365
40753
57969
62080
36518
67641
55475
64043
48598
39068
64818
65079
67220
50229
56429
57591
60031
52346
40718
41282
49820
58791
43638
51387
66707
46873
44957
36693
59420
47863
39961
55319
65716
49432
41340
60189
40852
39201
50915
37088
37347
42990
47308
62135
36651
60468
52008
58525
60426
46692
57778
64564
58666
38866
45694
39178
38514
52502
38613
49691
62078
42930
56896
64664
52813
47862
55267
65511
54586
53281
67084
60139
63790
58825
45068
56965
45843
48765
50758
41307
42892
49832
52357
45272
66531
47544
48787
58228
42819
40576
41735
65589
60455
37595
49246
61301
42514
46739
43085
59623
42881
58753
36182
49877
58397
41205
38554
50859
66358
43096
42478
44729
63085
66831
50224
45365
59568
36259
42972
48255
39276
42015
68058
51369
63485
46010
48282
57911
37738
45494
47459
53795
45647
42376
38888
67365
42778
64569
42013
42033
46202
43788
67144
55360
38421
58721
45403
58195
65914
59865
68481
60597
45910
43707
66807
36481
56554
54679
37149
47717
67004
65065
46541
56229
46477
61567
42219
55907
64140
61022
37949
58397
40905
56291
51069
40311
42988
40806
65709
41275
57383
47267
51883
61598
40809
54044
53765
47301
67029
55225
49166
37255
53362
49586
52274
39285
38180
47790
63366
37655
64219
49709
42659
59257
49674
58403
36277
45542
45403
49893
41679
47348
47777
63561
68226
63681
60429
37385
45741
41595
65958
44393
36758
46374
43763
63002
44858
37785
55546
35933
38626
48074
43119
38508
40695
66380
48165
65813
49431
64790
39880
45992
35944
60550
60110
47891
46125
59814
68523
45132
60567
39597
66372
56815
68061
42697
45223
59689
38287
50715
44281
66004
52775
37635
59311
56803
50401
65695
54018
66561
36300
39566
46236
43381
46625
61946
61080
42825
62676
56277
54441
51883
51562
58466
57753
66707
64778
39928
57590
48294
47574
41219
57608
52059
44156
68427
65797
57180
58375
40057
61320
53807
58364
55767
44352
45077
40098
62295
59365
63282
48545
39895
65905
53743
38606
46755
38796
53405
64326
65083
40776
58971
55994
67671
59662
44345
66825
52009
41177
46493
52244
67554
40609
58598
63438
48759
39707
42832
49298
36517
40095
63767
50106
43571
45161
68320
42605
48247
50181
66900
55992
60187
45829
45070
47840
54305
56565
65463
61175
44325
55185
53103
53422
59362
37173
51567
49514
65528
63380
49901
42650
54765
63149
36672
65607
47985
58363
36421
52716
38118
43500
64001
46473
46111
51093
46984
41203
53352
63652
44829
50542
49095
39318
61338
51581
54658
39978
41235
64761
68065
40981
68278
55137
53045
66551
45045
45169
47129
66190
51432
59126
54008
45097
39404
59872
57040
60512
61073
55193
48437
39939
48051
42901
50584
48976
44262
37419
56777
47209
41240
43683
64443
54789
55921
57232
62600
63077
58750
54624
48308
54922
64399
53041
64950
57765
58461
39398
42164
38095
39664
44410
52879
51962
47552
63637
46367
66855
61979
68189
65984
66266
37574
36495
43277
48843
57831
53198
46059
41951
52770
46139
39370
36438
47875
59461
36903
60742
60572
43971
62293
38984
54895
62784
44158
44401
53646
57237
47333
68484
65024
38334
46701
48229
54119
45286
39263
58321
42208
48324
61288
67149
39979
54826
54241
48220
61452
38875
63827
42485
55792
51614
60475
45620
36564
66960
62218
36688
48995
51134
44912
54989
58206
39923
58586
51699
54337
56783
67642
45694
64292
48921
64774
48023
38367
67670
41859
55043
55153
51099
40003
66203
59299
57759
58604
66044
67048
47380
45628
57471
54152
57400
43850
53100
67837
67751
59919
46186
39581
42355
58660
64570
36986
62326
42701
66981
38279
56295
62775
47283
66044
58668
53246
40478
58619
42479
59122
68358
53619
61044
60955
46310
62021
39978
62203
49607
43429
52096
38674
43188
49091
56313
54184
63085
58539
64131
43718
51808
67946
42501
59782
40916
54387
57911
57228
46952
46401
68790
45013
46268
56125
67672
40624
50286
37857
45756
65801
56904
54302
55334
45293
63415
61691
39306
43851
47743
52096
63719
47864
37806
62418
65495
54518
44750
67487
46179
68086
45407
53180
53275
45339
51845
57613
60775
45057
60157
50342
40728
66558
47445
60207
42562
61608
38493
61325
47694
63383
50649
60607
38731
64876
36728
60165
50821
49169
60426
43080
54617
66115
37613
49078
60999
36942
64456
62637
67657
66072
43132
42202
41059
56929
52056
42402
45436
66377
40333
37056
56940
63507
63969
50224
66134
68648
36775
39244
39736
59231
49646
38710
49856
61307
67321
42101
43362
42742
56303
64483
51111
59645
41172
59590
47560
42683
61624
36413
63867
68058
51758
48606
59917
41031
39936
41373
60081
62774
68129
48367
58136
47975
65251
67888
65089
60583
56426
45378
67475
66201
57953
45176
40489
44214
39915
55474
45677
42899
59869
66505
66024
39266
64810
62509
66904
38844
54687
43212
66819
47774
39120
43062
51020
57521
54610
67327
68996
67790
67114
44389
54018
58561
60038
41011
66166
67917
66987
53478
38266
57201
56111
47373
53866
47850
47976
50422
40054
47609
46116
53638
68085
53862
63898
49513
46332
44997
56225
60780
64048
50936
39712
62502
39384
49909
46022
44254
61239
44746
60923
49577
45592
65758
52502
46291
63146
60281
44496
54656
57230
38534
43256
59283
46639
42648
69225
66255
56658
46380
68666
60732
53742
40494
54836
62669
44605
50878
57737
68671
58131
49459
67778
44868
39791
62048
44026
53729
65103
39959
41290
57109
49865
61676
67972
68283
51800
38203
56612
64177
46452
45421
50563
68410
42597
63862
38478
45729
42584
52642
64311
51232
57523
55442
44522
45567
43174
52865
51267
48896
64770
45517
67262
44795
65103
49330
36655
44742
68377
61528
36787
52055
63114
39184
51686
41005
68926
47066
56918
50412
56402
59692
60472
48711
61118
65774
55642
63010
62693
58313
54873
65272
68203
66977
62228
42619
69191
45408
55136
39803
49433
65014
62462
43785
40381
38046
49098
55516
40992
44130
54580
55028
61010
57057
66548
41084
38877
47696
43770
48117
57174
46271
61092
59537
49713
58525
40756
47837
45785
41599
58241
60579
47361
63517
64493
58383
60468
65693
45462
46608
64692
40469
50641
43009
48769
43083
62932
62601
60088
63679
59058
55232
68382
63467
69005
42643
50173
36809
59398
62825
61487
42902
39161
37383
50040
68822
48488
54448
59161
60824
69044
68753
50337
51195
40723
68445
62215
62193
55614
37941
63990
42051
62570
45514
57192
38869
37754
47045
45942
48172
52851
62311
69230
67629
49456
53100
46375
56871
62039
61238
55185
40980
42635
66855
40336
55580
62435
59471
62987
41051
43419
44359
56384
39140
57354
50780
67418
45830
50388
61168
47173
37582
63329
58910
39361
49100
67982
48285
59061
66074
63650
47591
51910
37019
45699
40090
45353
62593
64298
47646
62901
50706
50772
49544
44093
42667
55674
42430
61980
39941
51716
62172
65041
45239
43962
37591
57934
65020
66427
50529
46283
66231
53809
53004
37344
60340
52228
41905
44307
45361
36814
36883
58415
44445
62159
42688
67734
37279
46243
62520
53975
55642
44912
48721
46211
42736
55396
53978
64573
42564
42079
43391
65553
56837
42220
56556
49671
37352
61814
48950
49911
39476
45241
68982
63390
54404
54902
67255
37874
37320
59755
59922
41139
42382
58754
40983
69443
64128
69193
37743
49079
53293
50594
64704
44334
67084
47804
42449
46177
38845
66881
59375
43132
44691
65745
59791
43565
60496
64688
57140
62714
54063
37819
54163
38615
61224
49313
47861
50680
42095
66127
54750
51428
51006
42156
42732
42187
57556
65927
65537
67097
50622
52685
60069
38731
57685
50944
61349
47617
55944
54500
66048
54869
62939
62332
37124
46188
55472
63796
66997
37962
37317
68960
44910
63467
68351
58085
58315
54159
51302
68406
54725
38997
39024
62851
59423
52491
39298
60973
65282
43333
47284
45692
38116
59052
69077
60564
38574
48281
47279
43941
51997
47587
41867
44131
51560
61685
52984
66998
49956
43555
68297
69042
42341
69694
49245
68297
54567
68453
45603
66879
68332
48671
54364
52447
37286
55463
41763
67309
60630
46727
39339
55387
43510
64104
44745
65599
57621
39977
64178
63109
43201
40238
59909
58081
65833
55035
41484
65544
64131
38913
64063
48928
39596
66231
44809
49013
50702
58093
45519
61037
44999
60766
47663
58302
38152
40324
64645
52702
51130
42416
43444
66236
52328
42329
39971
67757
69465
39348
54789
43945
62716
48262
46302
62135
51594
50487
65090
68006
54246
49191
43488
62206
69576
61509
68800
38454
54042
61149
51657
65063
58018
64945
43910
56257
47586
48972
52010
41213
68156
51603
43217
51218
46426
50845
39176
39660
50893
38852
43920
69338
45300
44796
61279
67719
53536
37476
47080
39979
65269
48667
51100
40450
43796
55381
66481
38654
53495
60334
38178
61881
49179
39870
39671
62381
65637
67565
53702
54951
54719
53384
54394
38521
42754
61973
55891
50927
52248
60132
38446
67077
67426
57063
39687
56919
44631
44483
59836
44505
50542
44839
68627
58568
37694
67933
57599
45281
61156
54815
65055
59600
52646
68011
51848
52203
54230
53274
46788
59936
60664
54509
46618
51244
44839
43241
56592
37902
69044
47653
51503
64956
40721
37473
46598
67604
63981
53145
58226
58901
60833
68314
45340
47183
39371
41301
37698
48792
43320
37810
50363
53761
46088
61350
55861
47881
68876
63432
39618
47120
65139
64928
49555
51214
47526
41473
68866
68996
65136
61337
48854
56755
48482
66503
61891
53261
47478
47532
59441
57833
60658
68485
47167
66170
46479
40504
63750
39682
68571
43820
54562
59203
51676
48222
42607
45622
50422
61106
65296
51968
48910
44679
50102
50722
62192
41613
47902
57072
49134
47323
46812
68932
47306
68156
47448
41843
39383
67530
48406
67712
59994
42687
65850
58000
52534
65159
65355
50590
50377
68890
60983
47728
60945
38280
63127
45514
63251
52437
64565
47073
54397
51464
41163
64530
64138
59007
58382
65748
40230
38789
66795
67564
47955
53799
67601
69344
63947
69699
67503
61357
69862
38369
45183
63932
53695
61894
69635
38675
67218
60487
38927
53705
45673
55388
64391
52668
62456
64245
51306
68230
69573
64657
58127
65964
58764
39180
50863
62745
54497
65976
44836
65995
54551
42416
69616
51917
50273
54377
64641
53349
45623
61066
58804
51086
43259
39166
53399
66984
47837
42567
60019
54383
54780
43541
40458
49706
41933
60183
69149
49700
63425
42769
39217
45408
69922
56623
51859
37769
46142
37529
56474
39976
57032
50503
45100
55322
39803
65815
56707
68416
47360
51996
49713
38520
59410
55097
45154
63948
66784
48111
41826
50922
69555
39028
40287
38868
39120
57605
37487
56793
41888
50556
66773
40132
50446
58917
46720
58963
65841
51918
37844
43499
44075
53277
48045
44169
53841
65319
51361
48380
60300
66365
49030
63570
56830
45577
50996
45712
37865
55771
69004
55206
43213
51773
64954
55457
61905
51917
43958
63779
58724
62540
39185
69904
42532
40946
46830
38539
46335
57604
51535
66593
69272
48297
69522
61251
47084
37882
54843
58106
65077
62552
54771
53974
60943
49666
66513
47656
50649
61670
46809
47984
59230
49080
50882
54297
68788
43330
67581
63588
50277
65531
51442
43939
63693
59354
46221
59559
67267
41580
48633
61051
42876
57637
63915
50515
45483
70132
67491
69567
62957
55833
62190
64548
47717
45883
43632
60013
39331
57013
63200
39422
51403
41778
70164
62441
67827
67705
50047
50533
51148
66954
42488
65148
45957
54505
64188
51459
50668
58170
44471
68559
68311
68622
61183
44582
42434
39165
66978
44916
55993
46837
49057
59199
40569
54737
41788
65885
61906
42541
50544
68197
68687
43385
59839
41059
39449
67661
53039
39888
69913
41724
52885
50369
57693
69740
44563
59486
66749
65317
52704
58006
45502
44199
70215
61457
46518
59137
44787
56422
47665
52383
46953
57487
63892
48740
39126
50586
42752
47097
57611
40864
68985
66148
63174
46331
43592
62684
42803
58804
50845
47067
44210
42811
54393
48758
37595
59483
37579
59882
39871
61804
48346
68471
68209
38091
51426
47217
63174
50055
64002
42132
69208
55901
51541
63128
59089
47847
60000
51973
50534
66832
61100
55625
65441
66763
52403
61191
55652
43013
52737
46515
66603
69847
43155
63068
41873
38913
51075
53192
64278
54164
67303
70342
43295
62958
59126
47296
37694
39147
64108
43152
59316
51546
37936
48532
55348
59054
63540
50437
61930
43766
37789
58756
46780
61200
65573
42230
56272
65305
54973
65682
53582
37671
38262
52024
63335
49211
40097
50693
42134
62833
67381
42788
57637
55674
57970
66279
64500
40012
67780
51990
56438
69912
41962
55431
46588
42109
39511
45806
65590
66299
60377
68343
55542
66474
49528
39570
45880
43820
46241
57230
63328
56032
70020
58474
63682
65624
39098
68456
58471
55566
66603
69602
68878
40530
54063
45537
47218
44423
41459
49132
53707
65679
69663
62238
42391
68228
64181
53628
68250
52393
68924
68229
39972
47008
60959
66058
59794
44253
68176
64831
48919
46170
50224
42515
60349
47756
68019
55485
43174
60055
38335
61335
66968
63678
57558
65840
65209
61725
66805
50332
40854
56986
39100
69647
55146
56857
50638
42411
58014
61935
40571
49813
60812
43417
63133
42062
54408
61871
50111
63553
42273
40979
51333
59800
50340
69742
69448
49492
57314
58589
63488
52381
67635
48871
56679
64854
41403
66739
38235
63733
67308
67191
53380
67986
66892
38964
40248
42301
38777
62369
70043
65429
65642
63076
57611
55703
44023
69768
57531
66483
63644
63276
49053
50725
52858
61304
62854
41858
42910
50646
44429
43409
60806
50526
44980
50269
53217
50065
69066
51080
63639
37963
38799
41442
49417
63987
55834
61242
52378
58869
44664
56437
44142
40306
39830
70109
61554
38454
69472
38843
51612
40938
45867
59687
41332
44426
57168
43295
51923
54042
61978
44503
45034
52117
69091
54864
41351
39719
66169
56876
43924
41371
58823
41921
70368
45335
40881
37996
57379
64775
60735
45863
39996
62807
40702
60766
41404
57829
38563
45567
42920
53814
51186
65233
59771
46440
49374
55302
69739
44647
64754
56851
49645
63588
67567
62911
63355
61315
46007
46714
66453
70100
58729
70385
59398
68741
48590
61407
57704
43350
41204
40230
52202
45132
57624
58654
50513
70058
69833
42541
45117
60445
49227
43672
64686
49975
43578
45720
55750
64030
70511
58545
46289
59014
57896
38975
43394
69596
45154
44626
51071
61124
56714
60603
53537
49350
58197
69479
55156
50244
61933
66540
55174
61616
38733
66402
48350
65276
62958
65140
60746
54865
52899
69558
49630
45315
57793
59450
69945
69061
60292
59998
44810
49433
49070
59111
66771
47883
51313
45140
42989
54559
60559
63596
69837
48264
41152
44058
55173
52378
43092
49530
39309
60802
51481
44084
60612
52021
63103
60425
66482
63654
47098
59819
59152
54076
52904
38354
59530
47747
56884
65164
45763
61474
40186
52948
39578
46093
53100
60519
38316
61691
70324
42963
64025
68891
47771
45777
60300
45826
50857
53460
39285
42728
45709
62946
45721
64533
42432
51107
45517
48790
50790
46264
59390
58676
45941
38477
59253
40871
59928
69618
46169
54534
39510
41382
56950
59010
44783
41013
59452
68180
68742
67525
40715
54004
52229
56491
51374
46732
62526
69251
51749
43692
63182
70015
43943
43071
62535
41471
40423
43966
68494
58978
58519
66979
47233
58140
51754
69409
67037
62729
65759
38674
38495
50690
38139
39729
51498
61357
54357
41353
64873
49305
53016
50733
47413
55178
54725
53546
47033
67857
39031
59578
41620
50016
52075
46010
64126
58461
62655
65630
62255
46581
51066
49956
50813
66739
45005
66054
49860
66705
62617
65524
39050
63502
70192
48257
43875
52608
45664
39901
59923
42668
58798
51971
61939
65172
66015
46131
65942
57744
51645
38819
65195
60320
49687
40050
70437
65793
55306
60893
42394
62718
48255
47285
45289
70409
39157
40208
48928
48650
65921
59456
68509
39415
51218
43777
69747
62373
70906
65526
66319
56030
59562
38487
66587
41651
60093
54500
67234
48147
43577
43293
45685
40605
45841
54964
50638
46003
40174
56131
47668
63440
63278
47675
45214
50715
46637
50460
59611
66108
67012
46060
51249
70766
42256
41442
45893
60373
44917
49762
48954
64275
63202
57902
65053
58134
54102
67802
60033
49203
68515
52864
46694
52601
47986
47542
65888
53823
55943
47549
47605
69120
51526
69883
44614
38505
67190
50091
69618
56239
62022
57044
61239
50982
49805
43895
61786
43024
68694
41485
50761
58034
67228
45617
41344
38318
59986
45721
47657
43404
70567
68938
38535
65178
51335
64524
42644
44278
51301
59676
61929
68329
67896
51234
56543
60790
50627
64354
51444
55091
49434
39222
70768
67928
58210
42428
48456
43798
70616
70860
43842
64298
62485
43053
58714
49073
57488
65032
46692
59454
55908
58268
66804
38442
48723
49204
57979
65323
60683
44118
38322
56872
51369
67902
42044
58956
43900
44171
40839
60506
48139
62519
47347
47680
49753
54988
57654
49390
57959
50133
63231
40040
57339
59539
51417
40474
53152
44274
61010
53613
55534
64699
48221
44695
60939
45323
55542
61367
40050
44548
45572
48161
56051
67778
56195
40438
63739
51601
39138
62969
70422
40541
71082
57757
45234
69994
69985
51043
61222
38981
66222
64866
56819
69370
62910
48679
61513
62343
43493
57280
42957
62865
45705
65812
56473
44630
40764
41334
50820
70883
61224
54905
43940
66182
54192
70661
55314
56199
67156
47786
49901
45075
46549
57397
66722
59769
52890
67201
66154
55193
41555
46224
62228
45720
45788
42458
41220
58585
42084
66533
68988
45353
39630
56854
55578
67898
67159
54215
71074
43091
41850
42138
58622
50757
45585
39692
67971
63137
42940
66893
52086
67624
57734
45135
55247
63619
39110
39196
64572
53301
40772
51310
58473
64205
42653
68729
48255
61280
38633
66828
56555
48438
47258
46552
58208
53444
46503
70415
56607
66778
46571
48178
58998
54302
39624
55588
58246
48825
40463
52610
46666
47184
55332
46647
71125
45622
61789
58698
60123
71136
66220
53243
54643
50073
59774
41743
49179
59766
70370
61800
41981
50829
66030
45272
57969
44642
71006
63799
55234
57506
53375
47539
68405
67860
43852
55400
41031
64460
44502
61489
60727
65954
56041
41149
56004
51426
44524
42213
61752
52805
45065
41788
46757
53792
59534
60648
49775
44508
44179
40625
43530
40358
70110
55384
43781
53863
67843
65066
46664
57335
58063
47316
49306
56206
50407
42873
64614
48763
53677
63490
57534
57624
67427
55734
41376
41469
39571
65034
64888
68980
53166
39866
66535
39213
38899
43032
47555
51251
62866
47780
48735
51999
60178
52958
54796
61580
63984
55384
64991
63946
62601
56591
60597
42967
42809
68091
42357
70794
40133
62949
65173
44050
66038
67193
49888
55967
60551
43932
53110
49759
67906
58624
54036
69036
62821
50677
70293
45444
51018
60290
54969
46137
68167
39092
59174
52329
45524
60726
46764
60465
51179
59938
42189
68766
55989
47383
63613
52580
60770
59788
63526
48339
61528
39011
49903
56326
66705
46529
53054
45918
69182
56606
45691
68399
55985
62360
71192
40120
56697
65677
64974
53081
51407
62568
49961
54784
66865
53691
59974
49381
52300
60559
46044
55159
60191
46072
69753
52885
61278
47596
55566
44802
50196
60756
61614
65555
65933
47716
45971
68267
62579
66856
55138
51305
41015
45664
41135
54048
49330
45710
70084
59528
69389
49997
63134
54835
52702
56036
62009
57794
57491
61979
61710
65880
61972
41038
42201
63567
61092
48575
60831
44074
54536
65584
54256
50635
41708
50610
63594
62183
57474
65976
40062
56246
69484
65647
43127
41199
65756
62546
53943
62963
55034
66041
52292
43848
46470
48689
71300
48458
58814
53842
58949
47901
61826
47821
47104
39398
63926
54277
63839
51259
52200
43360
60412
71128
64306
47773
42348
50067
65634
43880
53372
53138
42329
69931
70586
53691
49073
54056
49464
64620
65187
53445
45964
71020
53287
49702
64539
64290
41308
67329
50840
68101
65067
55214
71111
63060
54311
68734
48519
60935
56504
61262
48655
71429
62073
52060
58488
48535
54750
44889
54396
50973
42266
71103
57213
48384
68416
59236
52424
66535
60072
68688
63260
70446
67220
65227
58214
49300
61459
70843
46287
62515
47654
62253
41464
55478
47394
57394
53124
56262
53589
59116
46040
70341
39148
66024
59422
55231
53524
49070
68240
45725
64096
71063
71155
58012
67691
54495
53857
39934
63678
62971
49996
52736
53492
44589
46784
66827
51228
66389
55784
48430
40798
53770
63188
47308
60898
63977
49017
44946
58349
42029
51706
59820
51533
55425
41510
39737
47864
54290
70721
70652
60400
55015
70919
71508
60777
56181
60142
61550
49710
60526
64684
71353
49473
68827
59641
63130
68545
58986
52118
45666
39441
45577
54158
61309
42039
69299
69308
66539
59778
47754
69261
71669
39792
57895
51719
69656
61390
64046
57610
54086
40481
55077
42198
49486
52293
63366
68046
60824
44628
46098
59004
61973
56778
51817
41940
61046
44006
62936
49853
67484
62291
68210
56013
64336
44295
50786
63060
39989
52332
52607
61341
51706
42685
66337
45936
47572
59827
46643
68827
41772
58722
54154
56883
42133
44381
70261
60245
62720
54561
53142
39217
46387
52145
68080
50826
62839
39549
46656
41463
50065
68488
56465
41262
54516
64202
46091
64897
41269
54996
45324
55721
65727
70834
47482
62659
41928
39701
62295
69272
62852
59570
57749
57633
49048
63973
49964
54091
41425
45466
59499
51447
45590
51565
62091
46149
55451
68880
45450
52242
48216
58605
70711
68543
54202
62477
56969
57396
60824
52537
39476
42533
50792
66399
62846
56724
64947
39223
66639
46744
65478
70693
71560
56156
47019
46690
40598
39786
40279
42071
51015
56362
62501
63817
53212
62117
52611
69435
48991
51855
41963
65040
63543
65157
41494
71153
55545
50579
60012
55534
57217
55801
62142
47080
66114
48431
51255
71342
46042
64806
53136
56166
50409
57041
54660
68911
71716
70116
66436
50692
56485
53724
68779
64483
49797
71743
42740
58671
56749
50213
42155
64596
43753
56055
49697
59049
60223
50807
64420
49818
51582
46080
65454
41222
65049
63759
69981
44518
58678
41219
61219
52272
47875
67617
70079
43259
62025
42971
55148
68067
55619
63570
61272
55983
65712
68377
39255
48689
39207
49980
69081
42606
47787
52865
41498
47103
51839
50157
64664
64695
62267
68490
60874
43398
58144
62312
49423
64413
50345
71138
39397
61651
42338
62754
45403
57160
48893
61416
67529
45128
54947
62342
57022
49778
42632
69424
69434
46873
67010
52338
69661
44778
49755
61698
49376
47567
57765
69048
52355
65044
47821
65243
47302
56009
40883
49566
62876
67943
67577
49898
65757
66230
62043
68446
62011
43757
61502
60565
66423
67867
69515
70567
59605
69063
71357
42226
69069
44243
51001
50458
68099
52903
39390
45902
57977
56459
43486
55501
60163
60499
49612
61865
56316
53058
48886
45771
61496
67625
48884
69944
40761
60623
52097
69267
51110
63125
63626
44770
56824
67162
43141
64405
62327
40861
60164
47044
43365
57057
43402
43448
58489
44886
71325
40365
54415
66485
70428
67030
42141
71276
64979
56226
59113
62715
41293
42558
70009
55966
46057
51803
40651
40492
40496
67377
42695
46911
64358
50371
66546
40597
67679
71525
55524
69046
62613
40060
68092
57815
51575
70790
65362
42495
56323
56922
49901
67688
64662
47024
53047
48936
55555
59107
41389
40976
50403
45558
58843
61397
56365
50902
52360
44141
46087
63710
58158
54972
69083
63392
65453
65392
49324
58083
70719
39722
52395
57320
65455
57822
52485
70642
44486
48508
48128
43012
39943
68560
48454
47597
71324
47015
57984
56962
49551
60723
40487
71979
49725
60848
55447
60577
40200
50760
56166
59637
39757
60980
67315
56021
52630
69669
67138
65547
65040
66274
62727
58694
42815
46386
44032
53533
49904
69884
42888
57425
66927
72109
48234
46930
55547
51674
69363
60677
44407
62503
65611
70341
61538
43879
67077
64936
49417
62980
40948
46339
46331
53409
57408
43568
49342
50175
47546
40334
71872
70173
67693
54474
40592
48804
67701
67165
44622
63105
44821
40534
57441
39636
72195
49242
70503
62217
67846
43753
53874
51780
71107
57314
60273
64515
40404
46666
51692
46079
70427
47433
59893
58707
42582
63605
63323
48351
65523
44372
60704
70383
64293
55835
51501
40984
71479
50620
43077
63843
70433
63776
56888
71598
59225
41393
56921
61006
70123
64796
67633
54521
59596
45653
44149
51428
58987
48091
56886
51496
42122
51005
58456
53866
63820
44509
57157
48571
60047
60148
63202
67261
60283
45782
42179
48391
71771
69496
61083
42187
58540
42543
42230
51894
61300
68282
64042
69400
61910
50051
66954
60485
64482
58146
67294
64571
62386
56099
65040
65925
68274
60425
60200
63327
40255
54930
51834
60698
45172
45629
41246
45250
66112
68874
44449
68863
57276
47233
69882
40505
46524
59381
66496
66303
69541
66570
60314
60330
63614
55157
58614
52541
62025
63747
70910
48016
63379
71389
55239
44718
47946
67338
40652
46971
39631
49461
70556
59290
63052
42417
53967
61581
58184
46522
54078
48670
60792
41214
52596
69630
55768
52316
46943
54957
40955
46571
43083
55193
69023
55870
47378
56458
51333
65254
46220
62013
41600
67129
44109
64079
62411
45138
50576
70750
61343
60761
53870
41578
42757
42245
68436
60545
44522
71518
64691
42907
71281
47816
64761
58307
46733
47933
48833
42359
60366
65242
54086
44626
53627
54173
45342
47336
40162
43629
70437
44018
70636
66394
50103
67755
53748
61223
43042
71801
52953
51717
41050
40400
56402
70562
69359
68691
68994
67682
40253
68669
48333
57324
69603
52480
41961
54505
49014
60204
47672
55816
67958
60817
52565
41030
52608
40360
67565
53868
51910
48943
56016
43481
61885
60180
64583
49281
65045
70036
61865
50230
60654
59300
55081
61223
41801
50064
55794
59814
55484
44258
71798
63790
72299
41861
56578
41124
64051
57898
59030
71133
48680
40939
46069
45153
42050
70958
66808
46446
69203
51149
67111
42304
43580
57972
55946
60816
60001
39754
63421
42331
57946
60883
67651
46564
56300
44053
51228
70908
47159
43769
69530
62593
61744
69109
65648
68389
53074
62952
67852
55920
42897
71493
45607
71177
46480
64372
60058
69681
58899
61813
50547
53136
42423
61895
56904
45620
67553
63880
55243
49623
55796
41181
43167
40288
63175
61588
43626
39853
61014
47880
40748
68496
54711
64581
41167
46359
54096
66925
44799
65553
47944
63323
53051
58317
53307
53381
62252
66597
64562
70183
71990
40891
71122
49310
56142
45955
67027
49937
57355
63362
57524
58967
57855
71893
51373
67349
49479
54516
44006
42791
54113
55864
45798
62018
58686
70043
62286
62935
41880
46528
47815
69690
56710
56115
67129
56067
54606
52721
63806
70837
70522
59435
59862
52637
61486
50759
54364
56317
50872
64552
52152
56170
67433
44975
47575
47987
72611
48257
66648
41347
53300
50443
59784
41481
47586
54468
43409
70869
51271
63410
53230
67781
64224
60208
45346
72354
60512
52206
61610
45893
43082
58681
41776
61694
65214
66941
57601
49206
51859
64520
56513
59218
56743
42000
53854
68059
67443
41208
57922
59100
59875
45007
44237
54924
69732
45594
49666
52013
64830
54739
47488
55604
41252
65201
67252
68266
61705
54442
56654
66002
69174
72631
47601
44812
46234
47319
58159
40441
58209
67670
63156
40416
62408
59727
54977
51537
70191
41584
68573
45320
52591
66557
61127
44563
45167
60183
44718
40760
72178
68159
67492
71057
50867
72470
48465
46201
49588
56678
44516
51372
44755
67430
69967
55977
41886
68410
47284
49243
66152
54714
57882
61945
68509
60020
62565
42539
72018
65780
46981
63854
47392
67395
56557
42169
71731
44461
60487
67425
62878
57287
59494
67642
69361
52913
49276
70143
47886
61593
57741
44787
42808
72064
64547
67529
60013
69953
53828
51649
58102
51919
41377
47125
70204
41150
65040
60563
60125
47877
45116
68491
50431
66050
60571
61163
60645
49854
63137
68777
65472
59507
66612
72801
68295
61259
62815
49216
41097
62571
46154
46368
55426
67376
53610
52724
60653
40888
45045
48743
60122
56997
54937
63680
43136
64029
47213
41737
62932
64533
68136
59248
47963
46544
63377
41965
64316
68770
52534
48421
59545
66554
60001
71823
67871
43168
69448
66005
70876
49466
56196
65405
67665
59413
69828
56008
40137
61986
60867
57050
72425
51007
46455
70428
48007
69560
46732
62687
68288
56078
59152
62530
65860
41975
59504
47189
51189
54693
67491
61054
55729
46667
69029
43292
63339
56030
62503
69995
41601
67609
53893
61608
69961
42179
71416
54389
53741
41268
57357
53886
69498
63510
68181
44893
44339
44137
50782
60603
44075
59593
51939
66232
69395
41972
63296
51341
45136
61063
64040
53360
48721
52744
53402
47801
53791
51497
45329
50242
54325
67915
46844
70675
41875
46402
57965
68671
45838
59736
49173
41481
69866
61588
52592
65867
68778
41788
60733
65305
61223
69272
65585
40865
63712
51705
62956
45909
72337
72954
59948
53069
72711
56070
41537
42214
42290
71706
65217
64688
56700
72396
46460
55431
71001
44941
59314
65791
44575
49451
59524
66054
46105
55962
51113
56004
57046
62963
62562
58566
60359
48317
68784
46684
67338
40300
44228
66623
46720
55847
53943
50807
64293
62670
43643
42108
72865
72764
54802
60572
54042
65225
67069
72348
49997
42515
62968
45474
65757
49151
41444
60755
68330
63738
50949
69176
63206
52101
66925
50534
48548
59632
46520
66398
57010
40805
50938
44594
52713
57641
47350
66281
57154
53535
67217
42533
42220
63630
70790
43011
62363
68131
63578
65347
65826
54842
43923
49065
53572
54361
65317
69538
58567
58877
58157
41259
57035
46746
55009
45551
70746
56541
70855
54959
47680
41268
53030
71143
42269
69008
69819
71087
53176
43626
71084
57567
72598
68868
45250
67446
65484
72433
69842
40509
72209
42711
64124
57767
54807
51828
51736
65532
40732
41439
53742
52918
53180
52240
59557
61228
54281
54435
48127
42605
45533
60121
48067
60527
60271
68064
45306
63081
61477
63060
54621
49277
69545
46341
65295
55962
41791
57083
46216
64673
57686
63159
48337
42438
69468
41660
65527
52026
67031
61774
52154
55815
47794
67962
53381
69691
50644
60758
60067
61768
70648
45450
68527
55723
48056
52751
55372
62924
43242
60471
52759
40997
70192
54766
67034
60071
60619
59967
58883
55129
53936
47898
55636
66627
69342
47188
56795
52874
50158
68591
65573
45276
57580
68508
71343
57614
55397
58238
53661
61700
52673
56881
62126
63186
44243
60939
49520
65568
57263
56225
69552
54483
71356
48525
57909
52458
55050
73071
70062
48549
49893
60978
63464
49645
53418
46993
64836
57840
58329
72409
72297
56844
64620
70896
41526
41198
61543
41366
59386
72955
58289
41963
71144
71918
61986
47153
51141
44995
49117
53972
48612
67541
58336
53415
48212
66883
57561
56433
59992
64407
41019
52648
50711
41642
41874
58492
65685
53954
57364
67352
54754
52222
63608
58404
46482
68852
51467
40590
53100
64664
64000
59018
55399
60256
68615
41943
72658
44965
70434
70980
44242
57677
70580
67956
52241
63655
46555
70878
54709
54422
49920
59671
52111
60402
41389
45396
53141
44587
50078
71723
41619
55087
47642
55961
64285
47758
58500
68681
51400
51676
60717
61715
47002
55896
67692
69572
67518
60874
43505
57885
68988
66226
42070
50718
60777
44958
59127
70788
59611
69084
52740
65680
52896
46929
47316
42250
58352
56233
55932
57990
55711
45233
63649
62182
41367
49664
68746
54816
47238
58333
64121
64577
47060
52573
54076
53426
50136
73164
54271
68282
43595
53582
71780
59205
50429
59590
45782
45028
62662
51447
40730
45844
51392
70890
49958
70083
42419
67471
62007
67088
66001
69798
42526
67411
67748
47328
58074
61277
47940
69954
63596
66817
57549
45515
71399
69587
56080
68438
59591
55599
45961
69826
42883
48765
62610
64335
56934
47284
41685
44619
53146
64797
60167
65007
44934
72538
55252
56708
43610
48294
42005
47305
59367
59486
64841
64665
65973
61889
51779
70345
40783
62196
51744
54608
44258
63816
40828
48298
57350
50880
72678
52606
65244
52430
57232
67966
73049
50270
41291
59278
50401
67349
45747
71465
47640
69083
70823
70401
54517
47255
45053
50918
40728
49977
67187
52457
44125
68606
61416
67009
57777
69359
47052
69742
73252
47788
44757
58652
64064
66151
66803
71497
70041
53555
65415
66346
68262
49791
57296
59979
53455
50141
69029
50039
46279
66569
55914
49623
59164
54054
61501
55133
65805
55370
49520
46692
69531
49213
68668
71312
54499
51582
50867
49404
45994
53639
67319
42900
63802
51026
48042
68543
63853
42780
51365
63554
45319
58217
56301
70241
57928
57160
69346
67142
57282
56792
42938
70311
63849
68363
69422
63396
49129
65962
52851
52462
70204
62106
43372
66350
43387
53597
43294
70821
71412
43483
43620
43279
59518
66403
50404
45262
59145
62701
73281
47940
41849
52898
64915
68737
50613
64670
45844
46622
53754
67316
43035
46952
55414
54002
43855
59586
49938
68007
52500
46660
46479
51107
57418
60840
46036
63998
62263
41831
66182
68764
54465
62239
62938
52654
63969
73528
41639
43644
55124
54215
42432
43363
66452
69810
62848
50457
46342
65302
61862
68921
61557
46565
42339
45051
64447
45524
61362
53570
59598
66676
67048
53981
52426
65182
66700
61958
63373
55829
66152
56879
48984
42599
55776
44287
46276
64788
72835
53143
54011
49394
58592
60697
65575
60624
64155
50795
61995
46426
64704
67384
52114
66109
67158
43064
66756
66187
65848
50866
62848
57440
72480
70975
70278
55238
69893
51664
45972
46294
50343
44274
62868
64800
53352
44625
68884
51277
68957
41595
72950
68611
49061
69095
58729
57097
56569
41270
57112
63404
41349
51896
71329
59745
59126
65842
56392
58795
61909
43999
72685
66623
43283
52148
61755
54887
60389
51688
52259
51620
63954
69556
47496
73111
41225
52056
42044
61729
42745
67166
41516
43722
73500
61730
41431
49247
42003
67474
68613
41439
42744
62259
44469
52121
51440
52837
65111
50062
62207
44263
71227
67100
40993
69021
59722
42462
69014
72081
72180
41678
50557
54329
63593
48300
47012
41208
66060
50340
54431
49638
62756
45611
57111
46036
52437
65322
59237
68491
47440
69470
42335
47189
59462
42750
42098
53183
45474
46239
62962
50844
64631
62038
56749
47949
61495
41500
44230
46400
50727
59766
48833
64951
53007
69717
52442
62923
65846
42810
68507
69040
41613
55455
50861
49466
58155
59795
61167
48544
64505
44452
52933
70785
42415
61953
55475
73764
64511
41952
50218
64772
41231
46622
60577
48268
46381
68133
42728
46367
63167
57363
65721
70491
73336
70169
73361
69791
52178
73504
43965
62154
71096
51379
69816
47430
70530
51225
58292
72518
61991
57025
51063
47947
59822
50660
44136
46061
42726
49509
42986
57816
64855
55804
54760
69397
62840
66195
63665
58251
68387
44272
51975
48837
45125
70037
47218
57077
59354
44772
61403
63801
68889
50055
66645
42782
72427
51215
69694
52579
67490
43995
69255
57343
67816
55612
56912
42852
54261
50390
42168
60166
44550
68682
65779
42263
57610
59410
50845
41877
59550
62636
45645
47751
60219
71418
52334
60292
54190
65513
61002
42612
73417
70481
73064
67483
45401
46620
45336
46803
51800
51115
63052
52248
58723
51829
50601
56650
41326
65521
49118
71983
65462
64439
42037
70584
69367
61922
62823
42885
55007
50360
57525
69802
71619
71053
72500
42164
45714
56548
43369
52199
52487
52696
50453
73674
67106
67770
54610
53990
52952
57596
44255
50634
47882
47693
66233
60754
57012
49414
55531
60969
68455
65989
50598
70029
66041
42071
53908
63314
60539
52700
58986
43306
46187
60965
60605
62243
67883
64609
45078
42353
43698
59129
72264
41838
52354
47800
52993
58335
42201
50479
54432
50809
64556
46680
48966
58020
53457
66937
70192
45950
58108
73035
52036
50467
48364
70492
52457
50988
68454
61106
72220
43125
55907
49585
71873
73764
68102
72511
52790
51174
69584
70437
51758
43900
55319
62904
46013
61815
56244
53946
44207
65855
48637
62331
65310
51802
67315
64579
51524
69867
52668
48372
72589
58233
59219
62700
48368
73202
60798
69161
67968
73200
45568
70576
73534
68666
61968
59183
52530
57230
56843
63969
63674
64670
51558
68786
60705
71512
71398
48036
51571
47466
46355
55409
65680
70150
48874
55410
73600
62178
70866
55743
52742
73348
66001
66456
48504
52156
49408
50691
63949
66162
63292
48311
53496
46497
62751
47417
50293
48804
54574
47173
47393
73137
51796
50799
55630
41891
45712
71690
56599
59644
49642
55369
44273
46634
55723
62372
70275
49417
57293
57725
60344
58282
43697
45316
70674
45139
54544
56664
63553
67270
69172
44271
67572
69318
47720
73783
63983
48088
63405
45949
71261
48711
55982
63503
64360
66922
63478
51357
69640
46889
68961
72933
71960
49342
57296
49296
42159
58553
74017
61782
49069
59975
62047
43113
43412
53683
54837
70417
64154
45613
42921
65171
61436
42187
59655
47960
53908
57549
65306
47947
43950
60709
44194
61315
48152
68407
57859
43298
59768
48861
46395
65917
71138
71598
71190
68989
71082
73600
70309
57413
46967
70187
49132
74004
70297
49808
72411
47213
69533
53466
62848
55414
57118
71172
50298
58527
53982
59548
57521
64643
52501
73414
69956
44563
47624
61827
61891
70385
51166
42291
67743
56602
53423
72537
74206
71368
43743
45471
49683
72087
54186
70170
50574
65766
43007
55502
65488
72576
73618
45685
61250
73852
48685
55420
55590
43873
44870
69199
57805
50062
49111
66518
62730
62169
43626
49471
70376
44919
59763
65535
54424
72988
66531
70931
48557
59746
67578
53388
44428
51055
43101
63050
66845
52946
44904
46088
54471
49583
48325
47257
42652
65052
65854
53360
47312
73418
60623
43878
48240
69352
66304
44984
60496
70980
51570
65103
69702
72372
66743
68677
49301
44980
46950
62884
64940
70992
71535
60785
61457
52549
60845
61161
58520
62819
70586
70666
55512
62005
66567
46421
43999
44260
45100
46803
50981
59481
70012
42582
54207
61858
42973
69377
53205
44951
56023
42506
71766
54717
61674
46271
47850
48746
69925
58311
42025
45098
66292
52139
65034
70242
73786
61077
53918
54579
44447
65367
50942
69793
68908
72110
66178
73461
65301
53192
71219
46687
58581
45317
63619
50656
47744
44539
59708
72039
47701
64956
53687
67899
56979
59483
62798
47256
46479
72364
67091
42909
48130
59212
61891
72806
45479
71905
64245
42869
72710
47523
62103
51030
60298
62492
42395
61314
63194
61739
53998
63109
49254
55119
48554
44892
47680
53026
44940
45601
64558
45348
65448
71658
73725
49338
61787
44526
47128
71799
65410
58345
70745
43929
59369
63938
51486
65751
68359
45163
44192
68186
62440
66058
48768
48905
72810
42326
44451
55561
49580
57411
61504
56708
56516
60897
74295
53674
70576
64385
73125
49398
46735
65819
65973
63667
72978
63724
72633
72894
63533
47715
59001
63885
60434
64574
70602
46960
67167
49649
54371
54039
58518
47175
53741
65365
73423
50507
69465
54307
51881
53097
41846
61160
43654
65489
65987
59384
56568
66588
50562
49498
73846
70450
45837
45774
65364
47467
58221
63246
63474
45044
52777
65109
62771
50037
42332
43550
43824
69104
47114
63022
44078
67565
52916
45780
51662
46292
46634
46192
71300
61082
60577
72754
72522
70815
42245
73252
71062
74199
70801
59499
53641
60969
48796
69578
62569
73492
45750
42343
52049
68504
61683
55762
61991
71508
59527
53571
59087
51436
50323
68899
56478
73645
64319
69326
58386
60532
54025
71576
47808
45515
53853
43534
55181
53078
52581
45182
67361
64622
67106
60601
44185
54795
70332
70935
64124
66535
65046
49852
47089
47328
54950
70938
58927
70302
73604
44727
55860
72823
55232
61232
73402
63887
68601
69247
45671
64068
42539
64889
63044
73929
61385
44954
57456
55568
64012
45573
50966
59374
57482
46023
55196
54650
72202
58204
69149
54966
52119
50548
49434
64113
53715
59639
71020
73067
62606
72774
61053
59835
63639
67524
44728
58734
66514
53653
56382
54385
67467
44709
64987
61873
42250
66796
50232
50048
49256
66289
54098
69435
46497
53389
49194
45097
58345
48370
71359
54695
66372
69099
64569
60546
63569
54374
49511
47013
72294
59951
63851
56308
73698
64766
59572
58231
42175
51892
57389
64443
65383
62178
55476
62325
55241
65931
58062
47977
46251
71467
48793
61066
62274
53751
45058
42339
56576
56423
58167
71861
53165
50418
62816
55138
43961
66328
62858
70537
64721
52646
61923
51955
69808
42550
58669
52910
61496
48629
71789
60919
61121
71593
52451
51294
50097
68338
49727
68388
57932
68815
60690
73192
66510
57701
61827
66178
71607
72444
46659
60464
69223
68171
74691
53744
45546
66549
58276
65580
65813
73555
46191
60828
49362
53876
42374
55145
47032
69474
53082
59534
51167
50855
56287
61572
56050
62224
62269
60702
54405
70321
57545
60338
65193
45353
66611
66937
42174
59176
58112
64312
53385
62254
60987
46112
56711
53141
53352
74739
54912
59857
55226
56425
53598
57079
53382
52690
48448
57724
58358
64252
54987
44095
52994
74839
46784
42698
66972
44631
44756
73429
71211
50970
59580
47884
57659
69451
64391
68371
63859
51782
60208
55494
49095
55677
50804
73413
69615
67354
55009
51248
69911
58342
71472
73135
65240
48233
58324
66486
65127
59731
72147
60935
54284
65306
71637
44152
68822
73957
54650
62710
61582
64169
66801
52938
53225
42641
62151
49947
66305
65956
71676
63156
44038
45986
70236
69896
70193
60974
63244
70771
43258
42802
45924
68547
71563
53888
61436
45303
54388
57013
43530
61767
43424
63843
63211
62052
46216
56943
42495
64768
46758
46775
46266
61585
51757
51704
51448
74834
52983
67568
42385
55691
74687
44223
52526
74515
65424
66707
51035
58899
65405
70276
48093
55308
48275
73405
55365
73244
65036
61405
46021
61821
56261
45981
42307
60750
58611
55986
49068
59798
73489
60405
59531
67462
61725
70337
48346
54014
52995
60572
47127
73043
47450
55834
53659
62800
58702
55039
66600
57466
73949
73124
62401
47512
51015
72092
42430
55411
55743
60822
65311
59099
69735
69765
64801
67306
63355
50687
56335
44685
60620
62947
73819
56383
70001
42815
46573
67864
66489
74353
72123
64519
62820
65164
49562
57948
61970
73213
46675
53641
59899
56942
70650
71209
54497
65514
58491
62529
65859
67394
67702
48326
58324
73648
74317
56416
64299
49083
46971
51054
72636
71002
64551
59210
47111
64860
64760
60622
63759
68103
72492
44055
47886
56576
69348
58760
49767
55403
58306
73746
48348
60242
74678
63667
58113
64843
74773
68413
52720
48469
43244
55385
54591
55300
53907
52427
67887
55518
67973
52728
72998
47876
56430
61349
54880
60693
66694
46849
53985
52303
66590
69350
48302
56055
70520
53596
48444
46587
53212
68191
50473
69079
57576
55266
64554
42677
67624
68371
60741
74712
52967
61153
49984
74298
50756
55227
43353
58996
69000
57499
74807
74207
70326
63812
63265
70393
49508
43464
59758
66826
70602
44876
65596
62215
47641
54799
65637
53686
52238
46249
52399
50451
47302
44177
62531
50419
59604
54242
66913
62695
50833
44127
63569
45923
73907
52148
50845
74783
72481
55551
66173
47550
74246
66446
66195
66222
70436
55018
62936
48463
69996
69653
62423
63319
46795
55313
56601
48245
71750
67489
73696
71732
53321
55380
46360
61219
66364
42686
59786
62259
70232
43529
51027
46944
61625
50349
45972
42643
52916
53883
70764
57799
69482
71648
70435
51563
48285
46696
52904
46600
60611
51841
70206
74788
53081
71298
58482
55142
54138
57067
66128
47355
72880
56302
72406
62775
47626
58415
57001
72832
54127
46281
47111
52072
49457
64145
48893
73241
49637
65694
48602
62198
49779
43017
55779
49279
60521
68849
46152
66165
61077
64706
71511
66111
46034
74167
66544
65165
64546
67486
45881
63035
68605
56796
57490
72312
58857
72368
61388
44071
49739
58300
50069
51333
47485
57281
55351
59661
54304
54698
63107
72345
62900
48332
70407
45001
54630
74348
44424
62120
63784
67713
50348
72077
59143
74172
45558
66368
65721
69318
66039
65118
48502
65737
72899
73727
46602
58673
53923
60821
46887
65204
73993
56856
52735
69519
50121
63072
66322
63763
59013
66770
46917
62561
68201
49214
55093
51314
62489
52744
55498
74074
46568
62342
46863
60621
43595
63146
57409
57314
62093
61921
51750
68119
52676
73530
73887
72085
56323
57035
49793
46262
74193
64593
65697
68805
57306
63510
54062
69125
70373
55064
63812
53492
45062
48743
46781
45264
61717
56783
74827
43867
50526
60855
50628
60892
47770
50249
55996
45926
61983
50643
73049
55388
63059
46189
58211
50997
66662
74461
54683
74365
73281
69303
45390
53276
63673
58825
51241
51675
72201
64181
45647
55076
48255
44256
59049
70665
51573
51083
44413
59785
65667
56384
74051
56078
73459
72816
45492
52537
72565
63066
56611
43490
51732
63790
70672
66907
64617
50291
64251
43253
61967
67238
65142
42694
44375
53028
60798
55977
65596
46922
69131
64645
58777
42714
57318
42963
64153
47008
65979
64602
44143
64598
60527
48189
61000
44742
63667
68408
68478
67886
58074
45863
59919
52968
49383
70088
53581
51274
73451
70593
67799
46540
46478
57573
58311
65128
61163
73139
68653
73031
44449
58911
74429
70297
68134
58774
67268
56261
64095
45116
55905
46786
71534
49528
71409
46276
62924
50098
50635
57372
50071
66907
45358
63833
74029
48942
74103
69556
59385
69558
64151
63659
54157
53265
52677
60139
49393
75251
45936
49267
63547
63214
65912
74743
46176
73968
45469
44418
56650
72717
68664
45664
43051
59774
60201
52283
70160
62442
43280
56196
59577
50405
69824
67861
54696
46007
57584
68372
73592
61790
47156
45338
71024
71126
64812
64404
55640
70295
71419
49770
64395
44640
68091
44767
73038
60979
52400
68793
68960
69536
59642
46753
70355
63559
48526
74188
55833
48793
62374
52443
47202
45022
64760
71168
47398
63356
44517
48227
43517
52086
51188
69828
71863
49715
67710
72033
63401
46465
69547
44314
56389
55001
45981
51667
68590
55525
70634
43546
51978
53823
65872
56841
74328
48508
69028
60270
69251
47721
55308
47402
52728
62612
59758
51671
49397
54030
46376
68014
69603
54640
70146
45991
68582
49692
48992
70113
64946
68037
51901
73029
54944
66610
59732
49255
63489
59966
72224
49580
66738
45348
74759
71858
61681
43769
50259
45804
50286
69754
74081
60301
49829
55304
54685
47784
60780
65009
75438
57237
71112
74225
48365
68246
61189
73209
61212
51642
55302
64046
63061
48386
52953
57909
73280
54723
49806
65454
50569
75083
46922
56830
49809
65223
61591
47954
65636
61541
71166
60129
59372
55221
67032
44145
59748
70997
51809
72988
47630
74701
58638
75092
72233
71096
58401
67621
46878
48933
63098
63418
65018
69180
61872
54051
61984
55077
65120
61781
56384
71461
57029
73074
58755
62218
66441
43083
62216
62666
58075
45860
54676
52327
50626
71607
74117
71701
65457
70011
49928
63391
50267
68645
74380
61191
69576
47983
60791
56429
54441
57369
55063
66865
58601
56878
58843
65116
51332
67721
73923
62524
63132
50583
45333
70991
74954
61791
52306
74851
73906
73919
64104
62970
59354
43512
68649
56563
61884
71277
54780
51815
57369
57767
66258
74962
67985
43421
70492
72307
70257
46130
56700
62197
67532
60928
73721
74830
45261
50772
65142
44776
68171
68729
63909
66814
73886
45626
47032
65866
48049
71586
45336
45277
69977
50182
71002
62542
61925
45126
64623
48150
74487
67151
47130
58427
56466
63972
55719
62252
72819
73375
49115
49132
50085
57138
49447
50035
45648
63987
50720
72018
54738
75416
59444
62357
56592
51518
59541
67053
67342
54961
70522
44047
49086
52711
58247
53079
65302
60109
63881
53169
73317
63047
48231
62393
71655
55153
46422
74785
58519
51756
64587
63059
60484
57046
51382
51800
48103
75608
64109
65529
63028
46438
44774
67364
45679
52738
46762
53137
48513
63042
65286
56228
61771
48468
50180
64150
71226
59327
73370
60880
66332
57323
49952
64919
61234
69604
66567
49390
43654
67675
60617
72888
45182
71918
67868
48670
51378
48553
44139
70704
43515
67020
52614
68815
54220
55246
51865
71882
70086
46755
43355
47943
56710
60475
75655
75877
70338
48459
44944
46879
43412
68175
66961
43636
60181
66000
49282
71108
54318
51170
58290
57470
72363
46834
44145
44280
67729
73150
59405
75422
74162
73381
58881
64335
51070
70689
55912
66564
53020
73362
50360
57523
48570
48957
44716
68467
73505
74900
55170
75488
43660
68536
73575
68545
43450
56124
50992
55784
54850
56108
55370
69722
74023
44621
51444
61616
71852
61607
45227
45501
57449
73537
73958
50545
61343
44332
62980
46589
68041
59842
46211
56888
75123
72752
50802
65858
46415
63538
44329
66919
67462
53278
64311
54854
44876
75812
43676
45618
44215
69332
74553
59096
50897
57056
66948
49442
52204
52772
68992
46172
44085
60899
74221
64662
74380
65620
58299
49225
57235
51037
53701
62781
60165
45214
54460
68777
44874
66225
51041
43677
58184
61360
52984
60573
50811
45304
71673
66446
58184
69677
51976
74967
52110
65919
52775
71360
66431
45867
75307
56349
69294
46660
68716
49969
54120
74931
68801
56269
51272
59517
49068
71864
73734
67652
62673
73811
59280
72977
57773
69757
51804
54608
75908
47541
61692
76060
52123
71038
44531
74685
57512
64520
60615
58991
71815
56588
71511
51301
61230
65528
58735
47118
71651
69452
51866
49559
63917
62276
63031
57009
53256
49079
72143
62356
50140
47423
59814
73028
69808
46490
68496
46355
68123
56144
59398
44391
71036
66710
70009
43965
60395
51571
46566
66542
47216
62753
52907
63665
58994
60086
66201
58722
46194
48388
61002
46338
57081
64957
50869
51838
63438
67547
68095
48692
48493
51518
45717
70835
67253
53143
73847
53954
71393
72838
44247
70309
60857
66815
72674
65179
59401
73714
57566
54443
50259
67627
59509
55200
57281
62839
56656
53587
48989
61704
72424
68136
47492
76058
49817
55771
54168
75735
75513
46461
75766
61816
65895
57017
59432
52654
75239
71772
53083
49216
76077
66581
71955
62709
44279
68984
53277
74420
50848
67145
68038
43498
46066
55288
57674
61996
53821
61032
51087
51998
68517
49140
64275
54419
44736
71348
48163
45557
58465
65276
69967
68840
47022
65318
45082
43818
58489
64658
56822
72637
57293
61930
56687
48969
52934
55979
48038
44988
57254
63457
70145
52019
47398
53810
69665
58909
62474
72989
57876
59549
54008
57220
50892
56113
44170
66920
60112
75410
48034
48885
56114
68315
51710
53438
74945
70124
59660
47433
62335
65809
44287
53198
50774
69087
73250
49212
68358
55903
54380
67709
46690
64623
61781
56059
44220
70756
60393
68195
69278
46836
58139
58025
48571
44628
59995
70476
44580
54941
66667
69339
55231
72052
49262
66488
56310
52458
44354
53788
45996
63905
71439
74587
63861
52273
49952
67177
74758
46537
73202
46493
50410
65562
69515
59830
73591
55408
59917
56860
44033
71202
75403
60008
56141
49197
58395
54565
44616
71196
56621
50136
62969
73771
50971
60479
53173
68267
53249
60119
45458
53416
44750
58016
72478
63946
63899
51748
48720
61305
46652
68022
46270
44356
55573
52984
70929
53380
75311
47520
64694
52028
75916
50555
57815
48708
46007
71090
49546
48807
74654
66892
65096
68169
52900
73972
66208
61389
56819
60924
64556
60853
65551
74403
49861
52427
76209
45971
49139
47552
55506
55982
60071
74260
69126
64266
43821
55349
61451
67130
47964
49899
52642
50896
55056
72691
61853
46111
53466
66027
64826
45894
57077
57710
48303
59754
46204
63871
76294
66370
47835
65323
70187
71129
65412
74858
69700
64655
76259
67143
54080
55393
69011
50752
57779
70763
44242
54000
53217
70571
48946
74731
72728
60424
69778
60650
75076
53907
52301
68648
61373
72972
67761
47115
44131
64680
75443
45063
46573
54801
55776
62656
63614
55983
60567
52078
63353
50982
70774
69766
58775
60192
60178
73111
66359
56908
57067
50801
46837
67239
45215
45453
70781
54266
53341
69545
50594
54435
44957
63155
68010
67481
56078
58344
48876
69547
61648
76093
76446
44040
50916
51710
62184
72196
54753
68277
65340
50201
48104
47181
45802
57900
60377
60023
46575
61202
56519
50509
49166
71507
52650
65077
72227
66862
61780
75785
51635
44509
71335
68213
72391
66586
73988
67744
64507
46049
58630
56078
57554
52088
48497
73925
73292
62893
60517
68526
62907
76127
72920
44095
49618
62015
71747
73815
63999
46808
66714
76137
65531
73677
48770
60893
60319
66658
74687
59827
51449
65598
57835
53866
64671
71280
73070
61984
49731
66991
66730
48634
63880
45542
74614
43974
46356
50928
68302
68319
49126
63647
73928
58449
68842
66564
44234
75326
50379
54762
62459
73345
58889
64164
63991
67728
76619
47881
47559
45735
44022
68284
60176
65059
60158
43953
75658
48940
51197
76524
66740
49046
67202
72332
62919
59657
57259
44297
68072
55904
53750
71098
55969
60496
74580
53914
48786
59722
51583
49995
70756
64674
44174
45403
47615
72944
63431
44487
66557
62903
60596
59325
51550
70724
60537
57510
55165
56281
76644
74084
57922
66827
49862
54488
50330
44137
70913
60328
75044
46174
47075
44351
54062
65113
55602
55829
61407
48938
53640
49968
47029
62128
55649
64235
65587
45745
70771
66294
48595
62729
59198
72606
75330
62727
51939
71758
49868
52244
70457
56662
67349
64917
56094
60140
49163
64019
68363
72048
61208
56729
44524
60149
58780
60766
67630
71164
46234
71844
75033
44418
50354
65760
52832
68158
76367
52507
74230
55588
68129
52376
47652
62253
74190
44215
72665
57946
51428
50713
57153
47095
65043
50437
50840
71709
54425
45323
46913
73338
54781
71655
51474
65620
76800
57256
57331
69580
75473
66577
66471
66656
62336
49983
59881
44212
71349
64908
59067
60818
65442
52404
46843
45615
50998
71222
55607
45488
61331
72957
59586
44524
47043
54848
44807
69492
55206
66983
57118
66257
47151
58543
44957
64268
64464
55631
50865
48500
60211
65500
44141
55963
72235
68650
46945
47266
55530
50676
75631
70326
50548
74877
58074
70107
69972
52600
68000
58088
53133
64293
54026
60883
57043
69054
59777
70191
50171
52241
47267
68851
67761
71534
57750
60285
62057
71363
51612
45015
75160
72966
63208
68152
67875
52947
44977
52174
65047
52055
69508
63162
49052
56428
67294
69469
65316
61957
63738
70354
69864
60621
60392
46779
48277
64523
65247
54849
67138
70345
72404
45142
66470
47157
69963
56125
70024
46919
73070
69965
64886
61860
64348
47858
63418
55747
68035
55796
57738
55374
76209
47612
52095
73931
53415
68180
47177
47483
65776
50414
63392
47746
72752
67240
44413
67657
50240
48334
55691
68897
48697
52192
62168
46633
68559
70550
60369
46961
44769
62498
45677
56159
52045
47285
65704
57682
72457
68420
69939
44934
59504
54668
68714
56376
66265
45908
49542
53770
57710
55794
65556
70568
59452
71952
75174
58028
66438
55472
46024
52671
68959
47214
66101
59905
45432
46085
57675
48044
49974
61717
49341
70132
47623
72228
44680
55857
51191
60130
49704
44607
48766
53681
51211
74277
46492
51812
49478
70902
76072
54855
68487
67829
65638
46432
50506
50940
46039
50421
49744
53535
66901
75599
74829
59532
65119
71869
60386
76469
75953
71131
71114
68018
46359
46867
71768
74720
66692
58725
54561
48847
51038
52324
54006
59739
75549
44417
54293
67864
44564
63628
72863
55028
57742
52600
64845
69399
49693
52063
63071
55310
75311
53445
67286
75049
74466
69921
64483
71713
63258
74650
54431
75262
77008
61198
69116
66360
58541
71512
60156
72477
65495
53203
68897
71282
72715
46874
61732
46429
71148
73746
74730
65667
66970
60459
50099
71021
59783
56034
74133
70192
62342
62091
71465
58445
76837
58957
58500
65238
57405
73070
76392
48082
68807
49104
54460
60643
48369
60348
67898
57126
69234
63711
61032
54875
53274
60562
57033
49990
61101
66399
56404
47444
74737
62400
55333
59266
72710
52777
74355
71803
66806
73289
71362
65024
48269
45454
55385
52109
69739
75495
45815
58426
50263
76749
62402
73695
53974
68228
52864
60283
72700
60830
74505
51415
63107
64706
46844
61798
55066
46763
47026
73840
66047
76915
71792
51311
64208
66066
73953
47034
75423
55330
49091
61536
54340
66277
62944
46935
73463
45704
60736
73430
57118
61609
69789
69631
73059
71448
46871
71617
48138
74714
47145
64253
51841
69236
64476
54759
46905
66150
56122
51888
54197
74485
58630
66402
57057
48173
55978
68363
68004
66855
63857
49693
76216
55176
58358
61973
69306
65610
49117
50267
77181
69055
56256
73833
71076
48850
61804
46384
58736
63377
55374
45495
45014
57064
48168
61702
67797
68015
76808
73026
76806
55016
71035
69145
61813
57665
65534
58977
66735
76257
72885
46331
70172
57440
65120
72958
56975
60439
69002
51473
64796
72347
68867
44569
71466
71556
49809
57621
64200
70003
71651
66629
58181
45139
51142
69522
45050
49374
60316
63530
64875
47459
64777
64363
54415
64455
73711
69890
58475
63691
51357
51284
63974
71820
70211
70941
76248
68688
55721
53078
57700
60799
61473
59997
53384
52720
64187
75600
58098
73062
53687
50873
47893
67675
62528
64881
58237
46076
58455
45246
76383
64372
65293
48575
56181
70253
74997
53258
52232
45268
50905
68499
60751
76765
76460
69072
55543
73800
64704
68122
68611
70114
65849
66903
50134
74830
63938
62678
45454
53509
70526
50298
63380
48796
61761
67611
75121
73030
75265
56361
75236
76953
45959
47506
54065
52885
57706
49382
75195
52194
65598
49338
45269
77145
60681
64330
57814
52934
59638
61282
46443
69356
72014
75902
55090
49354
50083
55856
57220
49693
72271
51906
74642
56102
77085
53532
52147
52141
53829
59881
74748
76102
72606
75766
56082
62163
76815
66522
74556
64842
65862
52956
59836
73145
66989
52497
71776
46215
65178
47813
70996
65020
76487
49436
62778
52227
75009
73209
70524
68911
57124
66335
66785
50429
51526
61591
71775
55641
63795
69201
55857
55651
58906
51470
52521
74098
68741
46716
52806
65625
69262
66723
54921
49642
74832
63617
69381
49849
61597
49137
60214
61731
69103
72402
48531
57230
59296
73572
64102
52209
45917
73205
72924
49304
73432
59326
57944
45601
67005
64776
53261
48843
50152
59027
46796
62192
63445
48695
76058
46799
51543
76492
71558
51599
67725
54088
67386
60801
47378
68903
71375
76198
56693
51728
50534
50289
71401
67765
45044
56269
60733
52475
47325
48738
54030
58203
52677
59924
47675
62343
49058
54221
52377
75345
57622
56445
72936
58057
57085
71519
58374
59046
67394
50557
73315
48616
61942
76406
73141
56763
49315
73343
58093
59037
59357
65960
54377
53699
46875
62561
74859
69049
70341
63804
64458
52810
70798
58356
48359
70559
67076
47535
62179
76971
59749
59008
49423
47302
66741
60464
59044
60567
74509
60990
76469
73272
65590
48932
50273
56469
70263
53980
70477
71189
75434
47779
48210
70269
66197
69117
65138
50193
65912
58617
54289
46076
57059
51126
46177
69105
74698
46886
67871
69395
59867
45842
76925
56338
59663
57694
66399
66199
66432
47759
67529
76259
50042
57226
55192
46771
65492
64670
72561
58982
72321
56773
55800
75105
68962
71719
68418
74931
47454
60640
65676
62197
76725
51459
62509
72820
52625
67295
54729
71315
45535
54401
75464
64106
62812
58234
64262
53939
58611
50658
61900
65767
56902
72860
47872
64932
73355
64220
64664
63570
62361
74471
76884
72198
66370
65562
45485
61350
72932
66094
58377
48975
51515
48570
47408
52467
68729
62969
47107
53831
69273
62414
66412
77276
73200
52741
70033
69003
49157
67292
58189
71703
50338
74434
53216
55822
69419
72798
47333
63984
68143
55763
47749
63379
63805
67395
76779
64198
72953
64146
66551
62773
56686
66668
63031
72589
61094
53897
56339
63968
74616
50991
48711
75594
58018
59897
70295
56533
61976
54744
65981
62362
68763
51287
51623
69161
62860
46627
69599
61739
65283
67786
47179
53062
46620
59843
70678
68673
76177
48815
64750
47977
65166
47838
45168
56627
51136
76309
65504
73762
53936
55438
75806
76011
57167
48193
58837
75224
62929
50018
72182
45418
52927
60459
70245
51266
65864
68059
51954
54849
60377
56063
47754
73455
68333
54512
65710
66841
45605
51357
67365
62911
56219
50314
60398
64045
65908
55321
51065
46439
46516
72713
74519
53450
60502
74812
45998
72689
76701
48829
76977
58326
71333
74753
48975
50489
67133
64621
72171
65094
74745
57113
64461
66418
48002
77268
45335
56230
46641
62056
68346
67487
62684
74015
75817
63637
64496
58501
74126
55834
75200
54896
61245
45894
53021
51774
72102
74513
45607
68702
68366
48128
58210
47890
70976
49924
75021
72818
65407
54687
66735
71093
45248
47944
63218
75692
51734
58897
58804
70799
50542
59015
58460
70396
60540
55001
65130
45629
48117
65853
54355
54218
67327
50576
64139
56846
61158
66108
52963
68718
66320
66655
47125
65672
73011
49962
66461
63672
52677
60039
54731
53217
60596
63742
57367
76394
74328
62681
53684
62598
64678
64646
46696
71097
58534
46654
47002
64920
67623
58084
62381
60880
68529
71728
57228
75113
71867
58892
59014
53580
72734
60222
48221
58883
51402
73032
71065
50881
45751
51084
47650
56738
71199
66996
75278
67891
73451
48465
76984
66357
50283
56002
53778
74910
68937
54616
52796
76513
53184
48824
61269
57967
49673
57728
52625
55934
61206
45869
66955
67081
58243
73020
60637
60952
75466
57743
62703
55617
54454
73235
77836
68719
60186
45984
76987
67810
73666
70688
72524
60279
53930
48116
61873
53546
61550
55955
65935
58585
55554
61044
46229
64075
73379
55343
58125
55920
45325
75999
63664
74986
51439
77770
56255
60109
75676
68420
51791
59043
65283
49360
74213
62900
71137
73865
50498
46724
64565
63424
70784
61596
58357
55015
76638
76173
61951
61101
55769
68403
72530
51307
68348
65335
57982
56767
69112
74711
67929
54134
62839
65002
68340
56240
65838
68638
61901
66366
50609
73605
56902
61007
67212
73040
53590
51276
63119
69082
69503
60160
53865
72936
77824
65788
67961
61231
76875
75578
59616
61718
66489
53760
64731
66238
51069
63751
72784
75071
74455
52957
53926
68917
45962
67464
72666
48764
50831
62060
75471
70967
52491
60271
70118
57367
73087
59226
54735
61402
54590
73602
53919
49169
60965
73897
45858
72999
56454
49439
72306
60319
51557
49708
53192
62621
48359
73907
56467
56232
52487
55567
53447
74158
74891
74305
74104
55624
63030
58445
54695
61504
77888
60897
62812
45649
66563
77112
61173
59693
71159
61502
59069
48581
59872
61429
74944
48836
57158
76567
70878
77916
53798
54269
68895
67910
46055
54719
52806
49412
77967
46237
62121
54122
46135
52637
48959
73052
58557
47478
68347
63193
58296
54957
77912
77369
60593
48894
48438
51378
74640
76797
54500
76833
75604
69373
63614
71175
48391
57393
76153
66514
75505
59665
72316
61535
64525
69119
57969
68284
70585
56107
58845
51762
55729
55476
60012
66435
73278
59920
67793
58224
46763
48301
61644
62078
66041
68056
45964
67066
75220
77791
67640
49723
71621
58994
48841
70183
50856
70223
54554
47097
63585
64543
57922
56129
77771
61082
52257
47147
77553
65522
64313
54277
59777
68207
65727
56060
64381
71766
58098
68390
63540
50960
66476
53446
75121
58760
54583
63435
63218
53717
53601
71321
56859
55833
59091
71180
49644
74921
53406
64186
45873
58222
68631
54137
78072
54923
57573
61730
69960
57919
77656
52116
57872
48141
63741
47099
54878
62235
55151
54354
70609
55257
54639
52262
62545
67298
56887
55965
69629
72487
46860
77240
74597
52042
46867
69333
75258
63048
78181
62584
74947
58203
50533
57674
46417
47391
67922
46178
70900
61427
49944
52932
51247
50082
74604
78375
52842
59459
46871
64764
48615
67165
66194
59307
56311
49743
64468
75552
66926
53999
54888
55430
64340
60274
54722
55890
59357
64652
72147
46724
77723
69847
72155
66089
58099
51321
49535
54821
58318
47106
58395
50479
70544
77459
64089
62237
73038
75589
56835
78178
77884
59848
63509
50389
48740
73291
70935
47284
70558
55452
54185
58088
55484
56977
57696
64906
55045
77222
63952
63911
69605
66535
56298
61248
64738
61457
76169
52885
68562
77044
58695
46756
76619
52251
66197
70892
64348
62383
48139
62070
63098
45977
74748
70166
75453
46567
74574
50159
47949
52849
55944
70197
70167
77244
71981
76599
68036
47902
57161
76956
77803
55843
73033
46060
73605
73520
75279
55379
74658
46950
67398
61858
62043
67529
48115
53399
70664
51106
60749
52318
51891
72226
46543
51543
69068
60231
72331
72986
60957
70660
77505
62393
62977
67996
71088
72261
55761
72783
54956
53907
68768
67896
46961
70719
68904
58230
69815
57074
65283
71818
53511
66017
58399
70656
74188
64662
68204
50770
58029
56563
66007
70409
61210
48756
77436
59941
57893
52916
51991
69823
52372
64307
61372
56557
69940
76886
61641
59622
56176
78255
76312
65894
58401
50047
68217
54100
63656
48505
62303
72867
63547
63177
49369
58486
47996
56149
69060
65159
72272
76355
67648
56777
66542
64955
60000
64076
56630
65518
60198
52833
72005
61783
48046
77568
49222
58432
58537
66406
55434
53641
71693
73730
58844
60069
51979
51346
62222
52453
76866
73098
55768
63993
51762
63669
48355
47540
65011
64798
59424
51471
60966
56881
68446
64113
48685
74270
66332
76589
48535
58238
74651
78412
76766
54841
47672
76942
58453
70567
47353
51627
67164
61941
49254
65246
60886
60107
64410
49828
69597
54571
66201
46530
69556
63133
46820
56709
73724
77705
52811
54093
66603
50916
65539
68941
50747
71950
67576
74892
62623
77307
62564
48175
64635
64146
61857
60923
62484
53586
67644
57366
59782
50747
65866
59405
68021
68076
58623
57115
45957
65545
51068
68521
52046
70879
55273
50193
57994
71243
58820
77479
67537
70615
53368
49914
54024
68135
70962
61527
66005
56724
61168
69007
47189
59414
48347
62970
47634
73319
74454
63420
77615
69733
71767
63303
51686
51385
55669
60450
57397
53174
60995
72424
52691
54659
48221
77971
78441
51069
54976
74490
57343
54487
65503
64153
69044
75395
70131
59793
74419
52822
49554
54255
77154
78183
61059
77105
56029
61880
63185
52999
66210
72472
49182
77142
72334
71495
60218
68482
75528
77148
58868
71405
64380
69732
53040
68283
57099
49484
57658
49369
59776
51201
54874
54333
76934
67541
64425
47215
64793
78629
58914
59976
61755
74296
65020
73209
58856
69995
54328
69200
74059
68235
63094
53559
58674
64899
46348
54654
67008
52279
69465
60890
55393
52655
47703
68909
69379
68728
62832
71687
54148
50247
74131
61293
46950
58080
52870
71898
52170
69686
78462
75652
62876
66004
49133
51936
53771
73083
52635
75368
48956
77581
66808
54940
56639
46505
68273
51015
72514
68632
71041
48899
75012
61544
59210
50175
50317
77526
56420
48640
68637
62450
66868
63910
56418
68093
65025
61681
72429
66966
63748
64771
77031
75158
77502
54568
68096
59960
75919
65299
64425
75645
72067
70763
56451
71374
47471
65926
60439
76771
54845
74100
68295
78053
69508
56127
61956
60879
61532
74865
48322
57114
56176
68823
54313
49049
64852
46981
70798
59810
47385
58650
48801
54126
49951
62277
67816
76482
56875
62856
58732
54223
61113
52028
53170
53080
55444
54998
46828
52242
55971
47720
55409
59216
56582
48491
73323
57567
58722
49083
54991
50735
75128
56803
54931
55476
55293
76443
56603
78732
57253
74127
52212
62562
56450
46946
67268
60306
76684
76531
69505
71566
66689
64479
78562
61312
76271
76359
55571
49457
57230
74707
52909
75305
72404
66038
72165
54296
74180
64884
77828
52340
68615
47906
73495
77668
55869
54765
65511
46557
71573
51742
50219
71434
47515
75229
46333
56562
78418
74483
46475
60501
59523
69076
73231
50134
68180
73180
49921
46688
60956
74457
64650
74946
62838
76746
49725
64156
75413
68326
77570
62079
61399
56032
65874
58704
51612
59754
60330
76013
76376
76536
51513
49683
65767
72646
68316
60800
76065
78364
61517
50260
69295
50641
57752
65469
61981
69902
64718
73683
66607
77396
76796
63937
52089
47040
55134
61734
67626
60302
67537
57531
68137
63965
68999
63029
77155
57265
65278
66925
61539
62270
74803
71358
55587
66916
74259
79022
72737
48246
64050
48337
47542
68671
78527
47083
66979
61255
47800
64853
52461
50514
56922
75170
69100
64298
57308
69761
63134
57246
67676
66021
73025
51659
50458
72292
75552
62618
74980
77533
53677
78730
51665
50014
70096
58544
74546
77125
48511
50172
66502
73893
62351
66493
59437
77035
46537
52839
65951
60609
59713
71060
55518
60722
78051
53834
73065
69647
54863
72316
62707
60818
79079
77779
57107
63810
56101
60334
65853
60950
54835
76903
61169
50653
56245
75736
49714
49117
50665
50973
71738
47803
71155
61340
50796
58779
61554
56643
56202
68743
51287
61969
49448
66581
76791
73432
69985
63556
59487
51521
62664
74408
63207
54032
72865
76743
59658
75433
77138
48066
50804
60627
77076
65080
69981
53181
51950
73063
58646
61247
70116
63636
58081
60001
56428
72109
57606
74273
72737
77358
69667
72049
51643
67393
68292
71296
69951
58665
66355
59706
69235
70112
66450
64274
77205
69375
62502
68607
66636
56031
56310
49348
46815
69886
69525
58997
48549
59812
49724
69431
73405
56518
77083
60487
61438
60458
49393
67902
79153
55500
71131
52371
61054
51073
68969
57697
60197
71898
56055
61034
78959
63563
58939
48733
74979
59020
48154
48468
65468
49984
65984
61345
72859
72149
73199
50634
64378
79275
68759
61906
54497
49528
69800
74170
64092
62955
47140
49992
72492
72591
59000
79111
49469
58355
55564
67727
72280
56840
55833
47622
57754
68042
71099
65767
64805
53026
50503
73218
74773
56331
74974
51909
73910
77301
59202
77241
66292
51814
72681
63567
55058
60135
47952
70109
79007
73758
52626
62436
47526
77880
57145
72596
50726
78986
47188
78994
68545
47735
68042
57592
50616
60308
66797
49822
77079
65802
69970
76184
64813
67132
70881
68607
72767
77482
66088
76533
48254
49941
73972
67811
67893
59877
50467
70917
78919
52935
59316
77865
63449
60826
54816
61107
57420
66700
60397
48101
62062
61824
68224
49757
66033
65204
49971
48607
52252
58016
59303
72277
76480
63265
62556
66580
62318
60374
67966
52577
55015
63434
58882
52532
54484
52820
71922
72508
71607
56124
56581
52514
52514
68127
53875
71954
52775
72981
68359
65912
76815
54928
72822
60935
62798
64136
77039
54784
50871
60117
77299
57265
64749
58076
47463
71996
72218
71277
50408
77465
78819
47084
73566
49374
64923
76207
60628
49854
49846
57000
70791
65104
58753
77380
54588
75794
79377
73618
62423
74542
79225
61352
47146
56060
72001
55107
76811
54727
74515
54189
53417
58580
73910
63204
48672
71072
75841
66296
57674
51306
58504
54453
52184
69617
67035
57730
51874
48767
76528
52361
79420
50214
54813
55064
78282
49738
49866
77895
52245
63584
77607
59356
46814
60916
60954
67691
67698
65009
54652
72898
47998
75549
56452
74884
57637
50659
65155
48147
47440
72533
79314
64435
75077
50545
74505
53741
75900
68771
78962
56626
60333
76428
57790
67777
63022
60930
53238
61643
70012
57432
61876
53716
68376
53215
63378
67420
51348
58284
74979
56767
57837
72860
56481
47962
79387
59286
64167
58607
77287
75024
52512
57674
73981
51669
49728
49189
69954
64773
73266
51274
77927
55133
52561
53495
58303
75704
75418
51846
47693
57558
78433
47693
67874
70749
51524
77252
74214
73501
73566
59621
55220
60056
69565
54233
50731
59330
48149
60368
69313
75525
54453
47921
65627
78216
72891
72947
56603
67505
65156
53066
78457
59625
50279
72071
63382
51359
51619
67897
58828
70799
46997
68249
49034
77892
74543
57381
63839
51675
73381
48522
63828
60427
70505
68039
57471
61794
63578
68752
70357
48337
47161
68336
61760
56171
56412
71475
63986
62314
53158
71683
49912
74867
52662
51921
66322
48411
53855
50551
72898
59817
73048
47899
57251
49181
73269
67670
62460
52594
56470
51861
74901
67617
77983
67264
64201
52198
57256
74522
57565
49862
61749
47209
48784
57169
53288
65110
50163
52261
68661
55062
54907
62643
53143
48714
54357
68422
56577
73508
74233
77889
76248
54732
79362
73383
59551
57346
71485
66017
71603
65796
65792
55484
59448
56498
74173
68018
69971
52720
75734
68714
58265
64588
69811
52354
78024
62689
60947
76171
56245
51834
71071
47189
74886
65787
61125
76141
66849
51197
53955
63717
78309
51385
78594
52051
70295
68391
63910
72732
51103
79463
55395
73971
69492
77919
63890
67228
73813
57510
51076
60150
51770
72352
48662
47160
62730
62187
64133
50555
53006
66554
64900
57465
49062
58880
54156
74900
62010
56848
71540
49946
68980
67714
66369
73927
60076
66200
66367
60555
57764
55138
65361
70542
64630
78814
52869
79474
75722
75364
67819
66520
78668
60737
76712
72741
79454
71843
49990
57990
77065
66485
69710
57137
57658
59658
55833
71406
62507
71231
58339
64470
72735
66268
47137
56155
59986
52860
48660
60809
77104
59950
52639
59788
49861
61722
79190
50033
61301
62568
59095
63281
68845
48733
48477
66795
75097
53447
70290
66161
52951
74396
71077
58886
56108
57566
71837
61030
77751
79553
51181
52231
55715
57616
65608
61343
78432
69837
79542
74214
75859
57624
75496
51357
65484
58449
48072
64719
73785
68737
58965
54871
49562
62198
54958
69794
69173
49966
52076
60598
68747
52471
60213
62579
58762
66003
56463
66329
56068
57761
69617
79627
66144
72314
61472
78035
71568
57306
60601
50021
64579
48384
70409
63912
79707
59031
76069
70962
67745
53141
65335
59987
58551
66916
60183
48470
60751
71488
74267
66819
47515
68832
58671
79465
66308
77912
78632
64986
68127
77630
62805
67894
51165
55051
55895
51053
48898
61637
54067
49471
66008
65499
59046
61254
49188
59473
52921
78135
61785
49180
70804
51813
61196
53200
73367
67462
70568
67192
58535
61882
78179
58565
48838
78537
62832
74604
66023
69292
68470
71881
57088
71248
70978
74184
79968
63382
51897
70149
57667
69278
54800
61234
64420
72773
49215
64442
59474
50668
65970
54435
64838
49788
68418
75449
63028
55462
56165
48873
54112
70256
62369
63979
72371
51693
49735
55076
77582
62283
54365
78538
78302
51220
58332
60233
74481
79789
71196
62949
78472
49443
65164
75425
63917
72230
47526
77664
68806
51030
78882
72267
72811
68030
62058
50034
71797
50590
60495
71094
67927
50798
53498
69350
70578
66591
50981
53032
55843
52644
64907
79771
78176
64689
73628
56378
55939
71363
66166
52484
79781
65376
73233
64090
77487
73632
75449
80040
77421
75500
56002
75591
68068
51462
55415
65186
73190
73033
69715
67992
62691
66355
75636
52770
56578
77856
56908
76086
74864
51800
53146
57835
61432
79180
72600
63453
57301
62237
54134
78035
63172
48990
47368
76191
63325
50971
75452
60998
76706
74266
78798
56673
51929
61792
59583
56003
61847
50935
71683
71004
57374
47855
77562
58461
62184
53667
70433
65437
67972
71486
57226
71484
53153
70781
71305
69254
72809
65718
72625
56858
56336
54553
68094
57675
79788
75062
47700
70342
61255
57535
69160
64629
72242
57999
53885
56996
49565
61676
53011
53859
67941
70409
54747
60203
56109
57295
59053
72644
51120
76253
47933
57957
70229
77006
53068
65566
72453
73658
80155
49011
72249
53503
58917
69194
58199
77633
69645
61191
74046
58287
64982
66805
49439
57736
58706
49128
65424
69342
65757
60192
52187
60059
77131
74609
62876
54209
74782
63649
55435
54774
75260
48658
64150
73535
76129
52896
53299
66316
57746
51149
72436
77429
78290
65564
71259
61891
57559
48314
59121
49970
73855
60003
65426
57077
48576
56708
61707
75899
68829
56733
55271
78065
58848
65514
56453
67336
50500
70978
63854
78840
58610
77631
64486
68037
57711
65695
62145
75456
48979
72938
65400
53842
58621
56149
48508
71413
56453
57575
78794
48515
61938
71130
66752
69043
65965
68164
53295
63456
68406
69111
64433
68621
56342
65445
54589
57895
59157
71496
50168
55177
72620
77760
64334
50630
53693
54206
58434
71330
73090
70114
78082
55649
73668
56352
52927
48453
75341
63080
76219
70994
77983
80006
63396
51540
77030
75591
64544
55331
65836
75997
64425
53030
79052
55428
53403
56086
52777
48486
54923
54788
80031
59580
73691
63134
50874
48951
76171
66734
74918
61854
65874
79587
52967
59576
70126
73172
57674
75884
68024
49218
53788
60967
69499
52381
60825
69246
80262
66506
75175
54805
64256
49444
68037
61887
64380
50113
64318
74214
68813
72950
61858
48430
78620
59421
58230
50773
62264
77717
75563
72030
56108
74507
57421
62446
63767
66296
52477
56566
78904
58731
67489
77714
48201
79881
69850
52529
66318
74578
79287
47863
62509
78630
75304
77407
57152
59527
53173
52517
51241
71840
53359
74851
70053
48390
71207
72442
79397
71999
64991
58163
66265
55681
67454
77734
67853
69307
61896
77659
80312
76762
53900
70960
57170
59461
65311
77434
59879
76713
55562
52463
49514
59132
54016
67524
70219
65212
49683
71698
51275
76408
53031
54398
76688
60818
72870
69657
54260
68931
62581
57477
59043
75743
70183
69466
53733
53595
56689
47815
64312
55564
75998
59773
70562
72881
51396
71112
67141
68788
71287
62463
79156
50605
78780
63519
63621
58152
74369
57011
70568
61352
66763
48375
70903
71148
71919
56380
54157
63344
50693
58510
65372
52279
52378
72341
63354
77768
61349
79033
55996
49015
76220
68489
67206
60901
49800
76126
63457
77770
55415
64827
49870
58866
78512
79096
70619
75910
61260
66208
61427
55181
57795
53527
75386
70834
79268
76800
76186
68168
76170
57053
49367
74635
63051
69496
51690
72233
79474
55171
64460
64769
57840
74107
57361
70698
78350
52434
63095
50743
65958
56652
79551
58041
64915
80298
58555
62982
80230
48518
60073
68153
64602
74366
77247
63866
55947
66708
69895
79232
61026
67029
72301
75859
50772
54585
60951
70231
56012
72907
70644
67974
73829
72457
48024
65021
68189
60302
62023
59322
69959
49902
65359
65956
70143
74210
55963
79307
71907
50085
61830
73458
60736
52125
77293
49995
61707
63038
62344
60545
75986
53548
67450
49403
65521
48799
71206
66144
72969
51212
52037
70998
55982
66562
77877
79504
79968
70482
50324
65799
55229
63858
66830
76167
55796
54307
54387
70510
78205
79442
64269
74417
48136
76348
77872
61215
80051
73430
57874
48362
61055
50284
77789
56931
71429
72840
51715
58117
57701
49429
77010
79797
74112
75460
59720
72776
65383
57007
61480
70214
80658
72509
70477
76013
55382
64581
78143
51833
50961
58998
48900
61091
56232
59894
74809
54888
76723
64585
73057
79115
74486
67957
71804
59997
58516
73827
49116
78396
52351
48777
75572
60762
75059
65222
52978
59200
58788
77709
61902
48530
68468
70726
53411
52372
58730
54769
61566
50413
57888
59149
65269
52907
79611
57016
53435
56712
62304
69399
77425
72299
54309
56056
58302
67122
60230
69302
50337
80303
61402
49245
72966
59120
51781
64271
48792
65476
77998
80295
73943
75130
59316
62619
51050
50668
64348
50983
58038
68029
66638
61352
57007
63454
52546
77638
54254
62039
60597
52437
69381
61508
75488
48893
74255
71965
76778
49561
78987
75067
67165
55902
66922
75672
52695
69821
54118
74967
61954
56586
73622
72580
78277
70365
65087
57756
70332
51897
59886
64336
60646
69355
52419
52998
56990
53173
78864
55969
48333
58028
57891
52738
54109
69983
78431
77518
68081
64313
66450
59762
49363
52905
72834
62309
64045
73087
48841
58029
74621
53402
56291
73381
70467
65216
73862
69117
69372
76493
51761
58882
60756
77072
64264
65312
75928
52210
65503
53925
62826
51160
48277
67015
78264
56907
78499
75241
49135
67671
54772
64026
74347
63536
74744
69087
60211
72220
78068
55602
54243
72844
73628
76234
70121
50060
79587
78237
80628
68446
68114
56996
52650
56930
59159
57310
78490
57914
65312
64407
51569
73770
64873
72426
54896
68805
65618
77445
58397
78534
75957
53420
60729
66876
78710
51329
58099
72938
53596
53890
58203
58605
78111
53843
78873
64159
61378
53694
54623
50364
58146
61688
49436
67011
62160
76837
76403
60831
62236
72223
53611
61063
79474
67699
48872
55587
51434
71853
64730
66544
68122
49878
73396
66021
71983
57658
77344
76887
51004
76143
53232
66586
66513
79506
79192
77289
63440
67796
77147
69127
49788
73269
60036
50983
68819
67728
53462
73866
59166
74968
57349
71527
74950
55201
69095
73615
76393
62178
75045
55121
57901
76025
64566
78491
51796
78063
71822
57699
53777
65534
70162
62789
63642
80976
51920
68206
57983
52490
52973
63416
55610
76681
61662
51734
59655
55787
62939
69427
69878
74450
59025
78678
80190
67172
55320
63113
58324
63639
49444
48378
52028
54443
77695
48801
58272
76280
61879
55843
61983
50665
67860
69367
77415
73545
63436
58055
74374
67261
49018
79385
48381
49298
74701
52270
51478
60345
66941
68138
49528
55824
59780
78198
78073
48612
65674
72035
71091
53427
49825
76816
64090
55094
62258
76429
80333
75422
74039
64576
73962
69407
63403
69000
58023
53163
62015
65953
70238
63232
51791
80840
71785
54756
77844
66463
54511
59055
74779
51410
58621
52747
66806
51707
48601
55544
75057
74435
70291
72723
64904
66890
79836
71703
53078
74442
64027
67492
52049
67447
72126
80447
69749
60841
57806
73883
71486
52284
68807
60950
56602
74807
60326
62343
58398
53677
66371
71479
56056
58337
70625
69165
65829
49325
48900
80559
72548
71461
49027
54277
68714
58743
59357
80768
58839
71190
56016
74427
66921
63511
78376
59169
70255
71387
67542
50863
61313
79086
70977
53755
62575
60975
56545
49014
66679
50481
70153
66542
54459
73698
78596
54359
63218
63338
67940
62666
64605
48982
66711
63694
50428
51190
74427
55511
52995
73731
56243
65804
72328
80261
49787
48461
62846
54772
53432
75381
50150
64926
69780
62684
71748
67144
71880
56353
77904
60696
69370
54310
76271
67507
74826
62299
66657
53410
49192
48704
49596
54010
52584
69669
81049
63804
56728
65844
67085
50042
71313
60850
57307
75963
73292
66178
75495
75681
63735
62187
49646
51785
68936
80795
59509
74099
49938
71403
54783
64227
61462
67172
48515
55047
67355
71042
69917
57817
81217
80313
61956
62215
72082
62390
56508
55633
74458
71143
58765
62771
73656
54333
71987
59077
72950
65841
54743
53983
77334
72709
77886
66432
72749
70732
80193
59249
63221
59052
79741
79141
80925
63203
76107
79076
67811
51976
74483
63017
68069
68627
56604
62536
73012
61344
67463
61011
55979
61168
78845
63039
63103
61233
60806
64323
78358
48895
53212
54145
53021
68906
78623
67816
80085
81082
49098
60761
55213
80432
65254
80392
49942
79375
80510
48678
50579
59547
49746
57533
59151
49889
59599
63963
61812
78071
52287
50930
74617
53637
49214
65151
67004
50820
60269
50922
71184
66374
60778
70829
81176
80823
73983
78777
49685
55522
52889
65557
78076
71351
58108
70089
59084
77579
65078
57338
79902
79328
61137
73558
58877
68327
60749
57267
54521
66627
76750
77042
80503
79504
69137
79658
78923
65060
73124
50691
65161
77204
69207
64351
80791
66938
59118
76096
66183
55670
74264
48870
75684
67187
56229
69943
62283
73260
56819
66148
80637
60398
74665
52426
69809
79519
74152
62742
64623
58367
60735
75693
62490
57646
70302
66891
66958
62575
77710
74473
59115
56363
75359
49381
57647
57145
64801
64861
51467
78428
81175
67035
63983
55053
58984
68664
67432
55163
52248
66234
71851
66513
60471
58240
74354
70839
71768
67360
62214
55067
66117
52878
50333
50481
65777
74816
51687
78008
74158
71823
59620
57984
55712
73057
71672
54057
60274
75013
69953
57645
54599
75870
53288
75809
56052
55364
68918
56631
65644
65063
76842
54536
67707
53237
53320
71312
52152
80702
68339
73594
64437
60311
55422
81310
75384
69692
57152
74185
69167
75001
74982
69564
76063
49738
77325
53111
56798
80065
80913
50103
53186
64424
72991
51645
53145
73448
49810
50769
50330
60457
70012
66567
74140
54075
74114
50881
80518
80308
56814
79989
69127
60891
81151
70448
55175
49349
65923
76891
64861
68542
80552
50494
77634
74987
62992
50370
51461
67373
55331
81531
52609
78151
69289
60133
69069
65604
53656
62702
53426
67859
58922
49333
69218
79221
55347
69522
70758
75801
56754
75094
75225
76804
71846
53972
60372
78647
76579
68000
51753
75916
53668
56598
60500
71906
63395
70814
73390
63353
64103
78639
51172
65951
69150
71698
71336
66957
63787
72937
79782
69772
72129
54511
75706
51292
59825
53633
63072
62421
62592
69598
68716
63183
62397
62507
51963
50496
66961
62906
71337
70052
78232
57483
74500
80546
77807
53267
70209
80876
75407
51005
81198
75367
53465
68015
79720
58252
50545
72270
58318
51214
52816
66308
77109
80316
67349
51649
79710
60586
79260
79551
72741
64395
69842
53259
67834
57186
59848
77377
53397
68186
60166
69270
50406
76273
57889
50716
60747
54364
51088
64066
60678
75047
63675
49818
77294
68893
55381
71648
74596
55655
51436
78903
80265
79352
79294
51381
50351
77608
73167
76834
66829
63134
54584
59133
70326
61300
61634
49344
50636
50582
69555
78438
61168
70763
63464
57897
62462
57528
79908
68752
74999
59841
50344
65193
56639
71089
49668
66963
50441
64827
61996
63296
50959
55938
63438
79993
69254
57142
58339
58403
74065
79360
49541
63424
60021
78625
70656
76089
51405
63574
64299
51674
62975
69630
61945
55966
55726
50046
56139
79277
72945
78053
53512
61731
70148
58316
59760
57107
50238
62849
59053
52940
50243
63588
66731
62298
66683
78480
55594
70480
55747
60350
64018
58821
62562
53863
56838
49309
58686
80937
76603
64522
66384
50540
59531
77649
50517
70725
50373
76498
58310
49819
59464
54083
55051
78728
66768
49724
67052
55297
71567
53240
79944
75450
70016
59994
74249
52036
55800
56622
72279
53368
57214
61362
54028
51737
76508
64340
74856
49589
75894
57278
49415
60108
72667
63504
58895
57909
61850
62828
56238
64700
58199
49848
55748
59664
74269
54687
74972
75997
64246
69849
63329
75061
76217
72621
68367
57908
52772
53940
54951
71140
79658
79327
54247
75358
63630
63419
57785
54066
65201
70132
71339
69129
70825
66329
71583
50825
69778
72094
50883
77177
72233
61479
57028
78630
81815
65284
52799
50437
52362
59127
59257
69273
71562
55614
79951
49559
80267
49357
73328
76105
58302
69852
60361
68912
51117
56481
77633
75501
50567
72799
62887
77666
54456
50079
71400
50964
55997
68797
58246
81363
58423
73127
50757
64926
62526
59874
77352
72897
56823
62926
54427
56128
56425
57130
78834
69496
56460
52954
49682
50692
77219
79848
50030
71902
68556
67530
51766
65990
80086
76771
79306
76776
71506
69708
50805
67769
64493
64467
72024
76834
76029
60740
73892
78816
75865
56808
60429
81451
63342
68940
54651
78741
80271
80451
58882
59446
58509
60718
67348
55302
72584
79739
54261
66186
76804
68716
73584
76211
57663
71450
65993
63491
74179
78265
66290
53745
68407
57885
79105
54927
65658
65405
53986
54122
56819
58744
79689
77745
51234
55381
81899
70298
51323
65167
61678
51458
76917
70545
60574
77396
56030
79806
70497
72875
70513
65972
57325
75835
52394
79058
54200
76269
74713
49400
67504
56649
70518
61325
79149
71065
58292
57799
52004
52811
67928
50214
58269
72344
59084
56130
77159
79971
74607
52679
73226
51812
68912
53182
65533
64901
79963
70414
78105
73100
53682
74050
75086
56571
54976
66188
65941
54324
75882
54794
58149
64481
76743
81737
75498
75411
60722
52488
50483
81321
63901
81214
71083
50548
57896
49758
69514
60569
73202
77273
55820
76470
81454
74724
49443
78408
75898
81021
57960
80332
52077
79272
75352
57380
65903
72447
55741
77885
71118
67177
64362
67567
73742
56874
70187
58916
76160
78876
73468
58429
53526
76347
65401
57009
57717
65639
54422
69879
68940
77670
49552
75943
50660
79145
71460
70620
57337
63056
81662
69340
64201
55536
64372
79099
56682
64659
53108
71868
81504
78720
74427
75578
76143
74045
63048
56006
63406
74323
81169
65746
69085
57681
77044
71438
54520
81171
72688
66512
73996
58436
81301
77241
64074
51746
54457
79510
64602
55425
77165
56708
81906
66323
62256
52312
66214
73702
79714
54333
65794
76078
80891
56735
79574
52293
54908
69448
63953
59888
65318
61641
74321
60388
57450
68636
79482
70537
64162
53895
52102
75261
77822
51395
69979
72028
52417
81502
80995
75583
57261
70750
49560
59522
63163
55079
71902
56907
70672
77727
63894
68679
61229
61327
50544
67639
54886
81229
71040
74412
50325
74392
73109
68878
65295
66243
55750
73955
53207
80918
80461
76878
77842
63601
49561
59350
63163
61746
51358
63849
57240
76377
56688
75937
65133
59626
61456
75846
62063
59539
49541
71955
60923
70799
51503
76221
59016
51146
66649
63537
65755
55366
58381
71709
68986
61885
52524
58035
76130
66440
57022
62378
55036
50623
62086
63365
74574
72098
68569
77591
76654
51511
75953
52295
71229
59957
76030
68625
54865
59425
81980
78285
51251
63927
75082
51124
65739
66955
62586
51360
57368
80368
63461
71443
80933
56345
51713
58747
79928
70270
67189
62388
72780
77441
64811
50639
82113
80210
72615
79890
57939
51216
65688
70719
62025
56113
60845
68634
79598
52515
68522
81189
53317
70707
79035
74158
62713
56239
80136
70411
64403
79943
53641
82213
66543
64441
79132
49971
54513
60334
66517
75208
49780
57310
64661
72208
77699
68475
78046
76374
65740
62925
76517
71626
70481
58906
80361
50562
68449
50888
55492
54462
69575
50117
58048
54896
50497
75815
68267
79356
73268
81680
51246
82236
53917
80853
77658
61895
70731
60767
59012
56179
54092
82129
77395
58392
75429
55146
77847
75927
77126
78766
67164
78619
64316
82368
78784
59039
59177
81683
64513
50097
52209
50497
54106
60021
70327
64571
55312
65004
71944
79779
68168
52342
51029
66422
79387
57750
60327
58350
50156
58614
76942
52391
58105
60075
75866
70400
49713
71865
70798
57284
52038
50650
61842
58378
70658
62843
75432
54617
63966
54536
72225
62736
72657
73321
72145
75525
75366
66509
75712
56173
75281
67750
65314
53244
54211
60404
58762
60493
69564
67527
72794
81283
65185
51711
67198
54577
64718
76375
54874
69495
56301
82338
55296
66670
73415
58964
76711
75974
75611
62019
66649
57774
68397
71087
81643
69620
66017
56192
58674
54894
74248
49872
61812
73624
57402
70057
58909
75390
66661
50448
69043
67293
67940
82498
63244
71813
72404
77117
65983
72193
75043
67714
69336
61050
76777
66074
76240
62169
55932
70103
81340
77356
66239
52444
76484
57675
65082
70239
53207
80315
75120
62894
56477
76754
53612
67952
65453
79900
72606
61486
50433
73726
53221
54802
80038
52633
50413
79854
74168
62193
69307
72575
59790
74831
81798
72948
66354
61924
76489
62890
59156
50350
56982
57402
63231
66208
50989
64949
56907
81405
78029
73774
82517
62469
72650
73337
55084
73427
71392
70963
76941
73350
70599
80130
50962
81311
59911
73246
55718
54442
64526
71953
78652
53537
78464
72891
79041
74637
82382
80280
58190
55534
60938
74310
60067
58205
82170
55617
74705
54768
58987
60402
62518
71646
74439
57064
71854
53987
71658
77669
78088
73958
52274
69148
73655
81114
75733
79673
70090
80610
56440
68514
49951
68536
60157
53116
53971
53071
80796
78322
80892
80567
64565
66097
50843
70978
80100
79287
66764
69861
58071
74702
77888
66016
80220
72275
64493
80289
51518
77756
77316
67814
63058
63066
71204
77091
49997
62682
78797
77091
52184
67602
74007
59633
74983
70139
71076
57593
71494
72185
71123
63595
59508
82531
74294
79584
75189
79679
64327
52544
75107
64077
52566
57827
78469
77896
55494
59382
71331
54120
60025
67105
62936
61227
80009
53350
78120
51541
63289
55629
82708
72757
80427
56894
51820
50731
62931
70446
79717
70247
79147
53630
52971
65267
55208
77343
63544
74740
60269
80635
67750
73773
63424
63376
65985
77508
52154
79070
62881
51785
75074
61572
66935
65780
50236
60198
77413
56878
81405
65041
55443
68947
75010
62498
56447
72119
55522
59876
62100
61415
70274
63736
82175
66609
65672
78522
64446
82534
67602
77345
51961
76510
64935
77031
60310
82109
60014
72682
81416
77173
78237
62163
79719
81292
76341
79605
59590
72352
65773
75128
69825
59048
63083
51382
60245
72828
52666
64741
78837
55704
65273
75767
69081
62748
66128
75966
50842
67608
50985
82260
75516
51975
76700
65722
50698
60569
67626
61375
70249
50614
74671
66851
67046
69311
74642
75005
79697
64023
52287
77658
81550
55266
75223
57895
73449
75532
55589
70225
76714
79757
55509
65578
72425
82412
76512
51983
80548
71682
58955
51272
64527
54017
80145
82223
51499
74421
68190
56468
55450
74249
68861
79713
62386
54476
54804
61562
58064
78517
52239
76775
62447
58277
66010
53557
53113
69933
53843
67865
69468
61776
53247
81495
52321
61066
56571
75234
71098
69905
65334
70213
67289
68954
50398
71233
61321
72671
52504
80568
82487
65056
51444
52170
81040
54503
67744
65853
65106
76753
59612
67106
66139
56842
79021
74677
77319
79960
53078
70534
60088
64603
80516
81110
64950
76051
52425
57668
70202
76962
76875
64681
76229
58195
57790
56384
59062
67548
71567
78090
58652
63712
55650
74096
71113
63416
59327
73259
53160
50291
62472
65121
68432
80667
55471
75536
64728
54842
74149
82352
65517
80541
63766
50708
68131
77912
52307
56210
71561
77067
81168
54627
50560
54115
78543
52812
69581
68579
73884
75646
58348
72420
54011
61116
65191
55258
55839
61371
51176
59866
58460
62670
73932
77145
72927
64195
55288
75575
58013
56327
79920
76028
60297
79633
58662
68193
75786
70654
64143
72722
64172
68985
74108
79794
71702
65758
69608
69919
74556
67999
75405
77048
55765
52198
73981
73821
58640
53884
68589
65014
74370
66537
62932
70711
63843
62173
69045
57570
69627
69070
74808
56781
62807
61923
82688
68325
70464
58641
52793
55667
64622
80772
58480
56478
60152
76864
61608
58161
66319
55560
74410
56991
77292
68990
82332
80709
73991
63885
68821
69102
58762
60164
73456
80540
62469
51843
67359
63622
79971
57243
68802
55133
70173
73777
53561
76243
74925
69411
82934
63838
68678
60975
72918
59193
51906
50960
53425
73389
65756
69609
78896
81038
51103
61159
82142
53256
81438
57634
77954
55452
73574
51397
58029
58725
62641
75375
82063
80288
79836
66009
70414
72299
64027
50616
65306
76237
58092
70373
72762
62199
72521
52923
55659
68553
63778
61632
74795
61336
65290
54152
67025
63279
66609
68823
76575
70163
71826
69894
68122
75020
63853
75176
72217
78304
76280
59245
53789
76898
66642
59206
57696
73899
54968
74441
54833
69288
57595
56280
75518
73429
50737
70525
53683
70727
50859
76825
66883
73712
54824
63166
67971
63775
57928
77785
55615
57158
56644
77588
74376
59648
57563
52858
74059
83026
64912
52444
67624
52273
68114
77684
60288
71493
67324
59081
58064
58349
60094
80594
54334
66947
59867
82526
73330
79585
69462
59828
70823
63012
80230
52342
65794
52656
52849
59083
74018
77428
81464
57788
53496
81775
74576
65247
55257
50802
71889
59187
68561
69160
71762
57676
81723
60757
62484
78512
76942
54107
82301
77952
54394
65026
51144
82779
66100
81016
50940
57983
59918
58263
76570
51761
71242
55143
65435
61792
71216
52708
79641
66181
74590
77569
72525
56269
78176
79340
63801
55930
72576
79764
56742
62854
58591
78441
62929
60298
81605
68450
59490
67551
51510
72773
80541
82691
82374
63267
71132
82494
70830
66337
65853
64133
66590
54911
58264
64158
55765
61906
57780
73861
55024
82068
60602
81423
54783
66271
70889
61645
54110
66678
62604
78131
53187
83205
50985
56569
82195
62890
65788
82114
66938
61363
64163
58620
68794
67754
66843
74247
76739
59279
63979
81817
52869
81764
72607
74593
64514
70383
55928
53994
57511
58811
53602
52419
53980
65120
69414
64733
67034
73220
65505
53300
57020
53538
68277
76721
73689
81290
79806
51791
56914
70057
62024
50814
62951
63755
80703
53957
61199
80414
57318
58794
68423
57657
67788
56534
60330
72924
79101
56181
67010
77626
62837
59356
55966
71924
64730
68718
74788
57640
55146
65472
60585
73386
57138
71675
83135
75409
82048
68994
68430
66550
74396
53461
64487
72952
51379
63414
63316
76035
81684
66954
80500
56403
59551
70401
63302
60595
65657
71929
66627
54155
58373
58016
71153
61721
80144
60121
79541
62719
83020
76002
61672
77822
66560
69683
57134
78593
58109
51113
71427
57181
71636
56291
74135
52311
66630
61677
63196
75239
76028
79643
77533
59579
65913
75576
56657
73599
56396
51680
52080
66908
66442
69163
66565
78270
51579
62348
58821
78171
52628
68344
77791
77937
69029
70474
81108
72270
71508
79078
57225
53782
60874
73884
71323
59585
63404
71120
68082
62563
67917
70616
67225
60592
57122
80550
60620
78015
72822
73383
83027
72206
74334
70634
60175
82119
54000
78981
70099
54593
70832
75317
64373
78538
76363
58180
78372
69540
78472
68272
75515
61005
58491
64393
61399
78851
56316
81819
71526
67720
68183
67917
78721
58147
73541
51401
79292
59623
65051
72797
76347
65591
70466
73761
55495
81290
73191
57563
64544
68972
82419
63007
66453
81862
63038
67515
70355
55390
74495
82514
78843
51361
66696
65350
61431
63137
75312
74715
82189
79194
67984
64410
70580
70201
52722
70132
51623
72671
60422
53032
62265
67106
55767
56423
78568
53076
76542
70453
65332
51912
65813
64530
79538
78995
57455
73818
80476
78480
81158
78698
66091
59047
54197
55044
57320
63054
74664
65269
58431
76623
72720
79860
72213
70092
53787
54734
68635
79745
54051
52416
51363
61514
59174
80420
55219
82917
55158
57425
55128
59640
69041
72124
78397
61782
73460
67427
74876
68478
71500
65131
66228
64869
72045
63751
63324
81013
75431
69277
76375
83669
74517
79652
67272
74219
59928
56785
70439
74271
67331
67314
69525
57314
58904
68890
52844
65007
70068
80254
64283
74961
53190
80799
82737
55206
78725
82985
71095
67106
63331
50971
60611
65495
78652
76073
54602
76979
82644
56415
76086
77514
61568
77830
77752
53589
79907
55243
71648
59643
79452
60958
65899
67920
71678
62937
67548
78748
73153
73506
66510
58077
67639
54162
63112
71951
65537
52631
54226
53674
52802
81686
73223
64877
63828
52053
67692
60250
72122
55321
70592
82690
64342
64011
55572
62466
57052
65632
63197
81614
61319
58297
54344
80557
82187
72776
77517
64773
59850
74549
75271
83417
68938
74560
80323
54672
60135
72871
61015
53240
83141
65610
68405
53386
78601
67085
75711
70640
79689
82558
64093
56004
74816
81848
73165
59803
77255
73095
82107
51778
79105
64716
62354
78407
74965
80419
67729
78523
62113
80836
80417
70967
71468
54951
68454
68125
70621
69356
71444
68640
55339
79737
82052
72967
72533
79077
64263
81837
65107
59285
72570
54093
68108
65828
59418
78844
56777
51464
55962
83063
74218
70771
51315
83231
70360
62840
58748
72770
79930
58735
54458
62364
72812
61082
80761
53022
71724
71945
68251
65774
67223
73402
62001
73390
62805
76549
78664
56321
75024
76087
82949
61003
60970
59006
63989
56761
56751
68357
77470
59266
73352
77407
70234
54636
66290
68393
74085
61073
82479
71147
61236
58723
81531
64320
80904
59118
59202
51511
67780
77661
68496
51192
72955
83904
78025
83371
78670
53516
82330
55701
81909
65635
76079
57988
66971
77974
77479
83054
60527
77033
74949
76117
53112
71958
82408
51565
78888
72340
78909
65153
73781
75544
83507
75411
65956
72797
75567
72131
56615
66849
76930
79730
79528
77680
73368
52902
59430
63524
58993
58800
56000
61357
77653
75021
54799
80910
53444
59787
55737
56360
70829
82348
79171
77883
77280
55887
53799
60330
62148
73357
58407
54270
77901
69346
62432
61742
76073
70541
63394
70430
70970
52793
61055
53349
79177
77532
78242
57939
52985
53216
61411
66099
75001
56705
67480
76749
81790
68726
78509
59695
71921
58323
80119
68525
66276
56878
72901
63015
55115
75264
62904
56458
51689
61775
60885
72857
60936
82058
70873
70638
83053
66741
64972
71483
58763
61637
56025
61142
72695
64078
68445
64629
66332
52571
53310
60982
65072
79773
72318
74466
72551
52937
75792
74610
79718
54843
58090
54738
62714
75743
79451
52454
56586
74833
52895
55755
80586
60995
63153
82527
67634
62752
67680
82179
65199
70382
74405
78239
73752
82297
72244
69607
52195
76462
55377
76509
79001
71749
72677
78231
51591
67235
53457
64835
59575
57086
61826
81000
60702
72898
75461
58223
60695
57907
72157
67169
81168
82004
77012
65522
68227
79368
68878
68031
74537
76408
54308
76244
81002
59060
76527
72049
53015
53917
74466
67854
56155
63746
80285
58780
76015
71433
80576
66318
55182
80593
62461
53272
54185
79189
61298
63286
66395
58260
75829
69873
81823
70383
60720
52062
60865
66770
58927
76519
52498
54678
61239
84045
52448
51878
81434
77806
65189
52193
67144
83524
63615
68672
69352
54703
80864
75193
61223
76148
62599
76899
58576
55813
74671
64730
63774
77443
68486
51685
59342
79745
61152
77142
64631
67339
63789
81970
55838
76262
58024
65042
57605
83482
74962
63433
75461
66222
54047
72007
79004
72883
60399
67262
65544
52612
79295
54531
53653
58955
64673
74038
69107
83143
82921
52133
70987
66893
81962
55790
77011
71181
77153
83044
75425
69527
54639
78516
80829
63134
56013
60361
52345
51963
72571
64748
64261
67572
81977
56368
54334
63935
52218
68109
64199
68674
81814
63051
67675
63261
75199
76833
72033
60138
72502
67999
79553
74691
75582
67145
70135
66821
63570
52485
83814
74324
55571
77111
72430
55776
61828
75562
58048
58342
75897
71602
70769
64377
80205
83727
75854
66690
53716
57109
83696
54022
52368
68746
62736
63399
56104
53200
78236
79214
79125
82115
80393
66759
73375
51685
59628
83917
56328
73401
58052
70600
58631
61804
66842
78836
60536
76730
52173
51589
69713
77584
73895
77031
83416
57326
84275
62538
54803
65680
59091
82782
65152
73421
81165
84059
68103
71999
78374
68165
63021
65444
81394
60526
63626
53892
80618
68412
63613
58901
52607
54828
53534
60507
54702
68375
61300
60051
73429
63157
73961
73170
82373
73311
75258
70378
60696
79641
56627
62861
67525
69071
72283
55989
57841
83167
65004
68162
59400
68312
57542
68581
68621
77441
75811
64318
55598
78878
71118
59201
58780
53230
59536
82142
71321
59896
57579
72929
60115
69384
65035
52503
81648
62196
67322
70834
82026
59427
78867
64494
66205
61520
68793
67317
59934
51852
52553
54272
57935
74370
59724
58560
69936
83199
65010
71420
64888
64946
84156
69755
56037
66096
63096
74276
61648
69178
56946
58980
52996
70979
65001
73424
83152
77101
83904
70924
52827
71252
72822
66283
60472
66765
65112
83415
71994
69360
54773
57716
53898
58643
56019
71040
58870
79513
62560
68350
64140
59436
75563
56467
67432
65350
57940
65072
77002
59126
82242
83953
74604
61921
71059
75845
79378
81287
52569
82256
63842
56007
67971
62861
79350
57253
63641
75704
80048
83532
84397
78315
64845
81231
52110
55303
59197
52532
68670
80213
64690
63283
68774
66925
55288
78139
56457
63575
82692
58166
78519
57841
78159
84366
54659
81040
68581
57584
59254
71402
66488
81744
60485
54580
56891
65069
72193
68999
61484
72214
51854
66440
80561
60269
74070
67400
56999
72811
80190
80745
55863
82020
61146
67203
83114
61516
72412
78789
64638
69755
53459
67296
64441
74669
62994
83744
83581
53069
83181
67036
75741
62707
69676
74769
78063
66859
55993
56138
77346
61304
71580
52675
67282
54168
75305
57805
80666
55306
56952
60532
62442
84430
82454
61280
55641
59756
75002
60921
74556
67895
58043
73167
71671
57555
62464
63032
60819
80373
63543
58171
82193
55914
67466
73644
71678
53083
57614
64153
73800
64975
84286
68581
74320
72817
76969
72755
55616
64148
56039
82949
75167
79988
60881
67109
52771
54462
78066
59717
82630
78675
73016
54498
71195
65865
81135
79214
73955
72243
68592
76717
66524
53923
75798
52064
64473
52205
58866
77089
80919
79149
73152
55182
82639
73099
83097
82857
56328
80829
75242
65663
83631
52942
53540
80392
77801
64542
69557
75599
63656
52907
63288
74706
63869
80782
60392
63532
80045
53193
75611
71153
83590
60223
71533
84698
78835
77060
76154
77602
55119
62679
54736
54063
54135
73197
65379
61557
70947
55025
64451
74136
80502
80712
55116
58832
71891
70041
76188
62354
54515
54157
69195
73325
82228
58067
71126
54322
63028
69480
82651
62807
55711
54037
59276
68765
67397
58937
63326
76273
53360
70088
73985
58512
83316
58004
83093
84079
64903
74187
72219
78554
69843
79553
72745
57947
63690
54768
68322
81373
84666
74046
72486
71441
65697
73086
75270
60433
83010
74040
60539
60484
61560
73901
82775
83073
81099
64278
80763
63095
83777
77101
72267
81740
61558
68846
79455
53636
81391
62111
68731
58917
79532
62222
73922
59672
60924
69402
65574
83155
77974
64628
63011
69941
67556
60327
84653
76209
67490
61270
72807
61103
72104
59589
76565
79407
80900
73116
75348
77744
58700
56039
54409
81744
66355
84320
75287
70708
83801
55025
67797
65066
79464
55669
69567
83597
77148
52927
82667
69738
53538
56797
76735
66528
72805
64925
61794
84173
65445
58449
72048
70823
83849
74960
82162
53159
81270
72893
57741
70957
79456
71692
63225
70496
66528
52673
71861
69140
64391
72187
56313
67826
67699
71986
70125
56530
64287
67773
79384
81004
68479
69783
74011
60464
82253
55906
54175
78194
79518
72108
60812
81098
59576
59762
75131
70587
68391
74466
54383
81298
69902
69989
59839
79761
57532
75741
56151
62541
58751
72491
58913
59989
62397
67061
78525
62996
78656
63910
78456
70393
66514
73910
84092
77781
69642
54827
70468
74372
66149
54880
59987
65231
69784
60677
58406
54417
53541
83047
63591
71961
69421
80369
70243
81872
69765
56307
75710
83483
66060
62627
75621
79491
65083
83554
54469
59156
57853
56640
58171
63234
58305
72129
58827
53139
73934
55522
59156
76856
70871
56663
81283
60925
77776
56855
61384
81444
65024
56858
81286
82957
71254
78177
73807
62042
82688
54072
55503
77648
71738
61880
56391
56447
60772
53903
79422
65957
60504
62724
78451
73424
76538
70965
58133
59843
66321
62627
55094
64155
72789
68593
71038
76722
56520
68073
77596
78020
78666
82880
65282
76112
61544
64155
59730
78401
74102
72273
77587
80590
74205
54643
76329
73887
54965
82570
66948
55089
84119
56991
83351
73339
69548
71937
79116
68818
83466
52290
68022
61450
62529
84099
54727
84446
76848
54001
72003
60305
83486
81552
67508
62678
62470
66104
54816
80366
73521
61405
75064
54544
82954
61715
56274
59149
81967
60624
66969
84788
83652
80500
68099
82547
61196
83464
53124
55744
69946
84419
73474
69559
58756
82131
56200
64901
72058
63322
57918
67332
53142
56246
75417
54823
81172
62725
57039
75161
55811
74472
54414
73377
55197
68232
77293
52809
53460
54487
82595
62911
59693
74265
53622
80379
52689
54946
76279
63138
52450
74977
73325
79915
63243
63645
53775
74048
65371
75647
79734
81767
52563
68305
54097
70369
62781
59013
71515
52690
68288
82297
59786
69283
65970
70393
76681
72101
69933
59782
54889
54775
52453
61141
65172
70057
59576
60699
54274
53537
55943
80264
62127
77246
52805
75793
71500
67516
73805
60531
68660
69464
53753
68725
58019
59700
76912
83821
85026
61948
67007
71429
75846
58698
56364
77119
72346
60359
80838
70583
81114
54420
74305
53289
82274
65000
54529
78386
72165
78074
56693
77403
63074
62753
73638
59987
77908
73273
81680
56956
63018
72266
83376
77993
84726
82532
82270
76839
77417
78541
84829
64250
65791
61023
77361
66664
63607
53547
73136
70844
80006
71266
79196
78404
58316
62838
78064
82844
80135
72316
70457
60206
69767
64981
77607
80890
52706
57101
83748
76691
72168
59139
79524
58730
63705
79178
55806
58191
69846
56528
75898
61237
78998
70589
79019
62006
67162
72350
67327
79063
83747
73411
67220
62604
75298
72677
58445
62079
74864
65805
80934
57229
57599
72880
57540
84369
57553
70687
66897
60902
75623
59935
80262
70951
78717
55507
60425
56377
78836
66275
59130
69260
67856
81879
64200
62877
58851
67524
84810
82368
75273
82475
62219
61468
76694
64542
61669
53751
55629
84388
70609
71988
64787
54879
55549
69145
81571
59756
61471
53846
59010
57483
55818
54595
69942
59008
54654
56682
74419
59577
69189
84805
69142
69680
82555
63817
83349
82323
53806
56611
59062
59555
60711
52801
63168
70362
54022
71060
82799
73040
55701
76436
80876
63967
77142
82309
54780
53125
65630
69369
54136
64011
72550
58519
64509
77028
66848
68378
73444
81240
78791
64925
61813
55266
64762
59925
73047
74966
79818
72479
70475
73798
83218
77564
63003
76071
61959
81881
78284
68528
59663
57684
70427
68355
74967
71485
62248
77327
72095
76185
84844
54197
67801
63981
83440
53801
78579
81337
73153
75164
56177
82498
58271
61976
54078
73108
64245
56491
64836
61640
58126
65479
65850
73603
73861
65257
73917
73919
56061
64889
58019
85198
66323
64753
67724
85147
70801
58946
66233
69172
84196
82548
54818
57989
85457
59020
75970
75878
54371
71346
59446
75993
68648
58515
81542
67724
56989
85253
84291
62118
65254
55529
83666
57536
74178
83286
77319
74800
61887
63220
58358
70798
70570
81061
66565
67441
53066
75115
60998
62842
77902
60806
69636
61588
78723
83676
72348
53113
54346
65694
72846
78457
69194
53801
78036
83319
75618
85290
79987
58164
54753
80646
53839
64976
71418
59769
66883
61581
84338
76413
53361
73431
57500
68461
71127
66689
82823
67434
70436
72530
76918
80126
56521
80320
72848
52991
69458
52987
79833
84150
76535
73773
73057
81217
85358
60160
69564
78390
81412
69986
65969
83337
65516
78469
56118
77488
57047
54569
68253
56068
76229
67357
79368
76139
69658
71171
74018
67892
54516
83285
72465
65602
85180
75173
67750
56429
55547
61737
57047
70693
54895
70006
74096
72280
78175
78476
80389
76182
70699
67347
80683
84596
58407
74212
58344
71982
65705
67787
63335
69264
63585
58507
81136
53270
76009
61987
80920
84818
64669
72016
67893
73870
80557
85075
79381
73907
73073
70900
80624
57961
74492
62151
60314
78464
84979
61102
85245
58255
81056
67487
57031
82138
62530
56488
77152
75897
69287
79920
81951
69815
82941
57471
79805
64697
72422
53633
78090
74848
65738
82886
81886
54127
81009
74958
71251
82929
61137
58500
76849
63445
71204
80904
64170
54748
83774
53681
73800
69045
69918
56915
65827
67430
81603
79805
79703
57837
60225
58502
59317
83239
72723
72970
85689
68338
54707
56751
72124
66446
56936
61037
57451
55626
74591
66445
53880
55132
62462
56240
60816
71696
67445
65300
53132
56869
65686
66579
63723
73075
58342
64748
70528
63186
78836
62150
69992
76600
75753
70130
79935
84513
77921
60273
60563
73524
81529
61366
53657
74531
65833
67244
69919
62419
68821
59643
57282
71613
74014
73352
69985
69780
65790
83514
53714
65831
69908
68356
54739
60042
77884
59936
71747
83056
65123
77464
63378
62684
66970
83467
83830
60153
63848
53934
76511
57669
65637
73361
84526
68341
80900
54308
80289
77974
66225
73721
74770
65520
65564
73675
69090
70447
77780
82624
82992
62277
58903
65259
85070
72074
56041
65557
59253
79013
60259
78781
65207
79024
66894
54877
68406
58007
61680
58863
85652
67265
60710
73136
61354
58099
53683
57124
53117
66417
76760
76890
76397
76646
67877
71537
55728
57477
58510
84827
84223
55793
59841
70113
62607
54874
66231
64231
66371
73065
58249
67826
53536
77919
67718
67303
65025
60921
55938
60182
54412
77206
60784
60278
73060
71067
68916
75570
78496
78103
68786
67941
59261
67747
68395
84258
71759
82573
74697
76472
63166
69173
80760
58932
58926
57014
57592
55079
64639
80073
62256
55721
64247
71655
65990
63645
54140
77486
72684
53559
69127
67206
65917
53180
74325
82564
59976
76169
72160
67983
55212
79959
69133
56257
74853
72381
54951
55055
83621
81398
64652
77613
63590
79077
83110
56492
80383
65622
59165
83814
58102
76935
83659
61467
79126
59367
81137
56668
75201
63261
85288
85928
53639
76364
54682
65750
85495
79766
69489
62130
85428
73439
62352
69867
84684
64211
55169
76333
76614
58154
54959
66698
70650
82986
56278
69918
56742
85870
57015
66291
57405
59879
76304
85282
67714
80672
81355
85051
60374
82374
74102
73447
85582
69991
80627
61900
85769
73082
64881
82609
77505
79264
66715
57059
58527
71465
61454
73943
62804
79834
70417
78096
82021
77293
85120
85571
79814
55642
72458
57530
79275
78421
82333
56566
58523
57624
69661
80280
60870
66274
74844
64642
57752
81984
79687
74553
69262
71819
84573
60045
80457
67250
84326
80253
61665
58169
62561
78677
56955
75650
75198
79129
59166
63052
84173
82470
61634
68985
70775
74775
70570
66836
56876
82406
74996
65426
71964
62035
85871
77656
54698
85386
77484
54654
54557
82432
73816
73171
66969
61598
81864
64545
64079
70689
81878
61106
78832
63425
71404
84498
85351
82192
78174
61975
57543
69926
73213
74783
80002
82171
59625
79513
73949
81172
71846
61895
60832
83042
65906
58817
67602
69223
58070
57790
71972
72858
66428
61583
74733
80653
81728
65132
74838
62541
80777
68595
67095
64649
79322
70254
67554
55287
73892
64853
57053
82036
66143
56596
77398
69227
84696
79629
75699
76023
70349
71393
59047
82252
63927
83179
56748
56659
71143
83470
59053
62868
76500
67761
84994
76377
72116
58119
56738
54288
81993
83604
59028
62194
80382
85229
71335
82402
79666
65983
78947
61592
57044
69138
76607
84222
60976
75983
84501
82906
68360
61568
83410
53422
64487
70232
54386
54492
80562
57971
62508
75278
71040
84318
78569
66517
53675
76506
68091
54417
66856
76253
74252
76176
72211
60890
70484
85626
77966
85314
62992
59372
53964
65867
55087
58723
77673
83696
58702
84572
85501
69945
59878
70329
61936
78012
58052
79463
73616
70756
85946
69694
63328
67441
67733
76840
56243
69824
77646
82054
70778
55117
70277
54991
58715
77814
70698
59258
84483
80002
59518
60703
85180
74721
82234
78553
76610
72629
80141
57838
81362
56082
70476
70322
54405
59010
74726
58536
65244
66893
62358
57835
61852
57335
62556
78284
65244
59401
55853
57021
54364
60693
60394
78702
62488
66292
57487
62261
72477
73042
72877
61875
68252
66669
58394
85429
59197
67353
54246
54104
74421
69128
80018
84337
74651
62536
70781
77355
73591
84237
60063
75506
56093
57009
74105
75664
83257
84729
70220
70806
73514
81050
71818
58622
75796
84475
79242
67342
65072
73021
72831
68736
76391
74105
80555
57823
68128
70984
69584
70964
68438
75401
60136
61410
61165
64350
57109
59343
66886
85112
66779
76740
71953
62613
56205
85783
64610
72006
57093
55431
60423
86262
75160
79975
81178
59944
72266
59903
67794
79872
75581
82991
84638
67589
58480
81237
74869
75045
73382
75377
81255
68602
84643
74119
61049
78923
80030
55109
78255
70614
72692
77798
67434
81484
80666
70486
83444
83614
56277
62615
67418
83319
81837
76899
76154
76041
83103
59155
70748
78349
65042
76223
80582
82437
55820
78503
67850
57029
75430
80081
79395
69425
68541
85748
76544
62792
85227
60821
62496
84322
59317
59504
61791
72373
57862
54041
79888
63774
56541
71907
56139
60447
81730
84993
69256
56100
68990
61419
54893
84746
82059
82692
80869
70881
78282
84857
79218
63985
61172
76652
80580
80124
68179
65618
79498
67779
80690
86425
84616
72651
58002
53902
72170
69985
83998
64383
69080
63452
74593
81436
84042
82978
83255
55587
80158
57966
62849
69437
67944
83024
55581
83235
86281
69621
62486
84740
84611
54440
72727
54571
63755
59545
61222
59357
62688
54237
74382
80512
86492
60599
81437
54787
54344
67862
71568
62073
59381
59742
74316
55303
69000
82027
59215
83713
78358
64724
80229
76624
74993
79724
63903
73495
73665
60175
65537
65686
70870
55707
64635
73550
79804
82492
58395
83045
62480
85229
81536
72269
83603
85819
59282
79777
76925
85580
72048
86351
72980
57889
53930
55292
82300
56856
60593
66724
57041
58037
63115
71809
75379
81057
75723
54319
57505
79091
65473
59917
75082
79535
58606
61414
71455
60812
55482
70609
54509
82427
70506
71765
70954
54884
72780
56273
73678
59827
78388
61211
72292
82707
71724
65384
55904
68345
72296
71532
78259
79205
57208
64450
59805
57701
55745
75405
57282
86490
60718
75360
63873
58238
72995
58459
57729
74790
54963
71063
82828
61253
76562
56261
64161
78770
69197
55569
58692
83627
60984
80717
54297
59417
79272
66123
83633
56341
69603
66954
60068
81324
65621
64789
69856
61151
74373
70057
68928
84462
75335
79894
78945
63447
56370
56295
60337
69657
58964
73029
65480
58813
57637
75289
79100
75159
71866
55921
83503
76234
73275
59429
83436
75402
86423
63930
71091
70694
78710
69766
59280
64069
70512
84501
65010
65647
61052
70860
73147
59344
70059
71628
59028
86585
54550
86554
66947
64104
66324
79100
62911
82313
81841
81318
82883
79357
66652
86549
67233
63321
66528
58684
66457
72626
68246
75358
77802
64024
77528
81851
66792
65120
58808
59502
55887
59943
86002
85398
80599
75539
54048
71348
59144
69212
54061
67924
64080
84363
73740
69616
58963
77954
60330
75793
80002
84157
56353
64439
56815
84439
69166
76283
55647
84816
72677
66291
73633
65421
64419
80598
69151
73760
84805
55392
77747
61258
56215
57976
82876
62142
69647
69905
80752
84904
59068
66894
74100
85998
81017
85225
73642
84150
74086
79061
71498
64040
86425
77602
65332
55413
75280
86050
64644
69144
70122
75466
59751
79708
65495
62554
81454
63262
74702
67393
69793
84180
70910
81210
73110
78798
82950
61628
69826
82876
74088
54673
65230
60017
67643
67780
83373
77542
82209
55233
83758
85378
78201
66232
78285
77208
68310
65090
84943
86066
69295
63559
62606
72717
80472
74783
86033
76516
61232
70135
86239
64497
60189
71031
70677
77746
75061
65442
82871
78057
58046
77821
62276
61158
71769
82163
76429
68872
60282
54136
70342
76674
59419
81389
63966
77147
81586
74307
73740
73657
73312
77668
66475
75358
65387
70094
73543
70003
61934
55169
85496
65668
83151
84764
84462
79565
71922
68163
63822
66740
79020
56131
64829
60054
76667
67065
79673
55494
77300
78832
80048
78035
71164
72649
86219
60426
66363
64480
76939
68412
72654
75820
81176
78786
83260
77671
55382
73149
59820
56175
83896
79778
73045
69869
80217
74487
79925
86580
83785
61015
79878
59756
67876
78012
65134
65007
58346
59902
81782
71923
68618
85142
78909
56682
60864
54440
58862
63270
61345
86081
74991
66881
82805
81117
65627
66492
80196
73260
86451
63590
84148
78357
78032
59135
83090
75260
58396
86174
60590
78144
73986
82512
86508
80136
77987
79618
82072
57664
85195
86177
75002
77534
84259
76927
73258
73578
56488
55033
78630
55741
73563
74327
56866
56329
69690
58611
57887
84761
79728
58014
73407
83674
80073
58687
54872
59419
60008
84157
72263
84881
82876
65055
86407
85534
80048
84466
68994
56914
54562
82411
74022
67379
76951
85454
77372
71737
61997
77710
72949
69277
85201
54966
78278
74708
80817
66311
79222
75094
73460
64099
58230
63907
80041
54762
70256
63112
80382
76386
84770
60574
78003
69596
82285
68629
59598
85140
58281
67247
71311
75546
62524
70415
56486
74671
57707
79156
66212
78066
85872
61505
61360
67516
67788
83327
81275
82504
84190
74916
63350
61079
70837
78166
55874
73746
71203
66027
75623
83058
77074
80755
57674
81885
76571
77560
66393
70737
60757
56324
68233
71750
84075
64612
57858
65679
64242
64812
67608
82306
72185
67835
65406
68440
76769
67456
57526
58839
58735
79421
73676
77614
81183
81547
55876
66080
84155
60639
82257
83812
71981
60747
62536
63052
67730
78152
57171
84134
77455
58034
62058
58848
61160
67604
83071
84335
54862
81446
63225
59504
80249
76436
60772
55952
84599
68609
77159
68138
71748
68428
64246
77744
76954
78354
66760
72780
80906
76404
79116
71623
72780
76826
64088
54697
62676
80503
72930
83362
56741
71759
62450
82728
57450
70775
69527
59490
69571
70621
76442
67653
75997
64712
63664
70653
62277
59232
74995
61326
86782
79728
70803
63931
82129
66411
82377
84775
72932
60589
82701
61626
69518
85252
86665
75078
60522
56687
59853
85610
84906
80421
83396
82103
85422
59353
59111
69394
81110
81469
57776
59737
65940
56261
70482
85578
72901
67245
69287
70816
72769
73533
54634
69502
81328
67404
78246
86545
78752
74499
82798
54898
82133
55011
71375
68553
73184
75529
54787
69560
56564
56241
60391
71415
81908
85754
76464
84283
79056
83945
84697
70749
60434
67247
54879
80568
81332
58927
87089
73939
86069
79547
83938
73280
79340
79390
55714
54723
62619
84192
80492
55479
76615
55493
71809
72110
84551
64663
79892
62040
70044
85285
66631
82086
84352
68492
76886
57134
59713
64693
74002
64722
73808
73247
67218
71580
62869
71647
60965
73453
61702
69605
60554
65751
66424
82560
57444
75463
73909
66597
64744
75111
81870
69740
60633
74690
79283
84571
74166
81322
73216
86503
74546
58710
83482
70328
62180
67664
85627
77869
55360
64399
63050
62112
75974
62175
83247
72171
57465
67466
67429
80170
73363
70193
86033
65475
55927
56315
62930
70564
58599
60146
81305
57548
67959
60841
75707
66061
58433
68130
70468
75536
81883
70640
76687
72601
69510
60825
87059
87052
55720
71998
67200
74545
75389
81022
55051
64820
83721
72599
70405
60400
67665
85966
77235
71788
75466
81170
61274
69030
71186
68316
72345
71824
61662
74841
64507
59737
75060
66507
71629
55789
78042
85293
59949
64959
66062
64533
60772
57030
86135
75999
55926
68549
66140
76040
55287
56272
61972
69336
68383
68364
75709
85060
81697
70838
56113
64786
71353
61031
86582
72766
64516
67734
61173
75933
82581
79966
66222
64704
77765
61057
80041
56859
56650
57262
77168
67430
76300
66047
67131
78404
77108
66502
72876
58403
57221
73609
70332
66147
61167
61771
58102
61882
61537
78093
82147
83159
58336
63125
56773
81477
81622
60014
58759
76179
61612
67632
83957
85938
71066
54786
74281
68254
84926
79196
56389
80960
56940
78098
85864
76948
80838
60558
67546
70407
59532
71772
63370
85795
58933
69613
76987
70765
81726
66708
57594
69006
77250
55765
62547
80562
69707
71391
75972
69422
73960
69975
78322
70245
74367
79191
60699
67564
63589
69303
87372
58092
56364
63371
67540
67784
75196
69612
60664
75520
55717
58108
55528
73814
61876
56612
80114
87343
70597
63392
73974
84795
76503
81214
85274
63576
71270
68706
60350
79028
58357
80462
82867
71730
83690
64416
68263
83728
82590
79388
65508
61894
80565
73644
73531
68657
56747
85669
65594
65520
73136
73548
79270
56847
76726
70297
82213
87010
75976
68155
61242
59188
65949
67035
77686
81314
75885
83365
81133
62273
73987
62981
76520
83079
70420
84142
76249
69480
54991
73441
71828
61375
77749
76012
79291
64240
76203
73457
66938
57035
85069
63208
81781
59316
71814
80871
55551
78337
66653
60065
65421
68260
59666
63278
71530
82698
71530
57354
70316
64579
67143
62047
78950
77154
85883
74631
70687
59687
61150
74700
62851
75483
63391
69235
84057
70268
78807
56058
58549
75802
57956
62365
55151
73345
67316
70943
86739
58648
65632
56262
71578
80137
55612
74152
59930
71074
67244
70181
59321
66556
67960
71349
86183
69082
75107
65764
72141
55251
74425
71066
56064
75444
85544
56736
60795
87072
76496
57184
85644
63097
68253
75244
72333
81924
65749
80194
78870
55623
58093
60367
60273
80566
84897
74033
80462
84367
87108
62017
59320
80899
63572
86609
75848
67734
55121
72114
69273
58568
84175
72058
57339
71413
63179
72835
74092
73594
62011
63927
61636
64793
62952
72587
65071
69791
84864
73930
80352
58307
67303
64148
68100
55122
68559
76710
72949
64649
70024
68828
76721
73154
71961
80627
82058
80468
67983
70036
87583
63924
59029
55182
57994
55776
87365
65636
74459
72957
58174
75527
80582
80446
82935
75236
64664
87561
63571
61473
60783
66901
70773
69668
55723
57431
71637
61270
69024
75869
68499
84774
67213
66810
56076
64336
77778
72803
72364
60767
65629
68377
78083
63856
68710
65224
71194
62522
57180
63599
72967
74315
78367
63938
64447
61588
86383
74189
66860
71208
84133
64729
84351
66369
74912
68499
69832
82308
58115
83307
58307
76166
57758
72251
71413
70030
57897
79657
68600
55709
63032
70350
72980
63659
59243
66712
59151
61236
61413
60268
58693
82675
87808
75664
70651
59374
83519
60361
68848
80562
60037
76224
86581
61408
79236
73130
80703
72936
86903
81192
79931
81429
76052
68972
57249
56778
60860
74910
64012
82187
79350
55934
65609
81214
66075
60490
81837
72499
75091
71650
71852
76643
71871
61994
68520
61301
69368
64688
67591
64775
56249
81551
78216
64938
66520
58515
69591
61486
67963
76957
56415
69409
84104
73801
57951
65682
63325
58063
75072
78618
73666
71207
82214
68638
74779
72561
80325
84814
74979
78483
76662
83825
55893
81188
70281
59493
79468
75913
72925
66145
58126
82781
80303
63102
61572
66071
56240
81014
84014
63206
74074
80299
79733
65760
87939
67947
75520
63068
68147
72306
86571
85660
71603
83376
70325
69296
63974
82509
70840
64918
80348
72427
67295
58278
82341
67627
72403
55598
65635
87154
59894
59481
70819
77037
70228
67157
61678
66514
73687
75700
77466
59369
71098
62483
66278
62796
76863
56570
68167
82795
71333
72708
56828
62546
58708
56384
75752
84271
55388
70358
75937
57358
79389
84718
58309
65256
64071
59597
59021
69596
61702
75841
56484
78524
70262
55872
59193
67531
78429
75212
59987
71621
55321
86041
83044
64800
86743
86002
74786
78482
56838
77913
61586
76499
59916
67182
63333
71076
56631
65170
87432
62992
57590
83147
85495
60914
69449
85098
66258
58039
70774
80620
83122
57189
71934
64031
60477
88028
67535
79238
61944
78173
66747
83709
79965
78920
75561
87712
80942
84778
85258
78314
73480
78582
72207
73242
81979
65683
63257
76251
88025
73623
75250
82467
83981
77395
81210
69212
71854
56079
73892
88002
86292
75414
84322
65548
74795
77814
62173
84814
74437
60801
65450
65822
59445
63255
76473
76022
62745
83368
55504
58841
76919
68596
73272
79161
75532
68757
85175
70937
86240
69952
73150
87407
66846
59208
85218
71884
72739
66915
79504
84030
73685
81585
85757
65142
72246
75514
66909
77350
78393
68664
59221
67501
68308
76117
71858
57846
71766
63029
62299
76445
57339
80119
58244
74068
87485
81016
87077
57990
85102
86041
81835
66874
76804
62659
80109
86073
57908
56104
65633
84595
82242
71499
63888
76447
82199
77122
70855
59938
87700
56122
65808
65330
87334
83133
80480
66107
69274
58160
83986
82561
75059
57248
81812
69128
82938
80318
57185
78001
78166
57383
87599
61093
61404
73193
68201
65014
57704
65859
62943
82820
73837
73645
59837
87838
66441
56088
85689
70378
65373
68727
79249
78343
55963
79742
84917
82544
59488
76714
67648
60964
81093
79489
75053
57220
69553
84763
80072
83196
82417
82657
66402
79845
80010
72597
83273
68266
66125
87699
78072
82474
64429
56662
85386
81502
58574
69437
56693
87612
73182
56463
73076
60123
64936
70334
61381
79319
63078
81384
83861
87799
64727
82851
59577
58637
58770
72442
85918
67102
76954
83379
87427
86723
56114
61140
58597
67791
65523
86629
86587
86322
60699
86646
77028
72990
78120
56676
72798
56936
64934
67929
73144
73520
61509
67858
79178
81092
61998
56805
59555
84418
74135
60162
70851
56189
63893
85497
62603
83618
76850
73852
60273
69404
58048
67430
59512
69428
88173
78589
62816
72189
66327
78964
83481
72943
81505
85173
56446
66770
77062
71773
70720
59870
83053
81159
76576
83744
79486
64461
72034
82207
77237
85260
85630
81856
69492
59752
75288
57191
80030
58384
76082
64863
59489
80451
61345
58236
85331
64532
79293
87806
59585
62058
64093
69305
80963
58954
80131
87155
62868
60761
70739
87438
68769
57244
66762
59111
67552
55939
57260
81917
56035
62758
84542
61782
70445
68046
60726
72222
83780
80055
64624
74002
64520
67604
59106
62620
62530
83284
82642
71231
73344
68516
84550
62774
70945
70581
64445
56408
58540
78015
78620
63295
68710
73414
85739
78505
60707
67100
79297
64542
72284
88103
86013
74964
82306
59748
84407
60367
72594
60588
78071
62284
72938
78774
82980
75104
87899
88286
66751
84957
82559
79396
57937
57205
56908
85368
70049
86562
58346
67125
58411
88261
63682
58347
78798
63501
71640
72289
79557
88218
75098
74458
85976
75362
57465
79512
77523
65364
75639
86687
87352
79164
82433
75963
86833
59111
75200
74180
86216
78983
59691
87329
79706
70488
88223
72075
69449
66692
57777
70419
58866
78661
84163
57959
85983
81481
56533
88401
56125
77914
73118
88192
67216
60478
67547
80523
69541
69596
64488
61491
77512
70305
62093
78313
70200
74530
62490
60048
77272
67587
66998
81795
78631
67607
65780
88538
83314
73160
68007
87273
81481
63930
71160
62986
71215
71851
81077
70045
83349
61598
81388
82252
78346
63800
63929
85908
64428
70506
84316
64640
81634
70736
61070
65464
73293
63321
68886
60347
76027
64425
58007
87657
61662
78011
77996
60100
58749
79435
68918
83959
83690
78707
68853
86424
83188
84244
64598
87338
73373
66423
72332
76006
87503
69428
68322
75707
84810
79187
61520
77459
87777
58034
59212
65240
77798
81574
86498
76342
80355
70885
76295
60323
67978
71332
85547
70045
79343
79612
64525
56755
84469
75410
60883
64839
59910
78455
85338
65426
66056
68173
61899
60649
69516
78252
72559
58174
56392
73924
74180
56297
81095
88131
83920
65193
75615
60537
76469
75237
79716
84921
65158
63544
61595
82947
68953
80685
87793
68577
76957
82759
77421
86671
72878
75077
63332
72542
67239
68771
64236
59482
68728
56164
64402
63531
73528
63247
56912
72505
69564
59128
57273
58388
68968
75712
76151
79634
67397
88095
56311
64826
74580
74465
57443
65120
81954
68143
71377
75410
79005
63504
79034
80563
82470
79920
59309
82022
60647
81631
69700
73006
77415
57692
76120
78035
79451
58196
77681
61191
77248
64934
72832
80969
77862
82537
84945
70154
61263
66096
88635
77326
79096
71308
87706
86294
79607
79315
87679
86204
61830
78880
82725
65694
64479
87451
62119
79550
68361
71163
57713
61225
71409
67913
73716
86743
87484
80358
84127
75219
65884
75727
70154
57499
72545
85280
86388
63690
74514
84951
65903
72948
61885
75995
73946
59346
78155
79933
65040
85663
74007
73405
82527
85697
72961
68752
86460
73388
72382
71008
86708
58884
70002
84373
62118
82177
65408
62675
80432
70424
66208
75203
67047
60632
79411
58135
63307
67858
84948
78280
61946
75068
70192
86178
63779
80151
56855
85251
65854
86416
68051
87264
68090
70372
65208
59912
70775
75272
64764
88749
84406
70984
71113
74528
58702
56366
68497
72924
79968
77477
68770
73414
88268
80734
64506
62131
86181
60787
80988
82987
57827
61771
78243
60525
78424
65725
60503
81842
62438
80504
78718
81846
56558
67746
57524
87925
66827
88767
82558
66610
64001
79573
63708
69566
73968
58829
65565
81911
79822
81693
56823
73615
68371
87972
74967
82959
78774
71637
82294
79131
61785
64792
83629
88311
62657
68205
76682
68170
77448
76883
77731
80674
62998
70632
88490
84281
72909
85329
83010
59255
82308
71004
77073
82103
63543
78436
64023
79822
72188
87158
76094
59593
86329
82097
56882
85879
79381
84979
66162
79656
69420
59570
76712
87987
68231
85031
80950
82878
66251
61106
61969
68665
74928
60282
88018
81196
67765
66388
85002
71603
70931
83686
70358
77126
80879
76812
75188
81982
59859
70266
79253
69013
79967
64419
70452
58350
80188
63962
61861
76757
60754
72375
79665
83271
80955
86205
86113
56949
65527
73785
80217
75717
63713
70509
78183
67866
81377
80366
85212
80981
64740
79691
88347
61724
73609
74991
83695
56794
75805
84809
69410
57862
88778
63018
83275
73129
67339
59502
85223
74266
66915
78558
58539
73740
81231
62037
64537
79563
83833
80162
67410
84163
65582
75694
83243
63810
73234
63583
76674
79743
74003
66235
60883
64218
77211
63953
86534
70757
75786
59860
83851
80292
74851
80138
62633
76945
65093
77796
77331
74979
77086
85103
68797
56976
75931
58603
71149
61841
61795
56760
76181
87781
70148
63098
76512
81624
76845
62069
71435
72837
58911
73785
65142
68250
85086
66692
70651
60763
64428
76900
83582
62954
75575
60060
71877
60101
85778
66633
76682
88464
80610
69829
77263
71189
68826
69836
75634
76425
65769
65757
86529
72976
76849
60131
62415
77444
86204
80661
61768
63090
72042
89115
67713
65638
86574
56946
60180
85609
61562
77585
76330
58567
65528
74061
75993
82710
83835
86010
67761
61043
80437
72147
83089
61711
67882
81180
60863
62187
59620
87685
81720
85983
57193
83794
64325
85729
77418
83641
83791
56964
77245
74379
63988
64191
76302
62231
69467
73712
72657
83532
79812
61216
84602
67101
78947
59273
77809
73258
63086
88405
77888
74908
78965
62889
63887
68176
59890
73698
73811
71225
62753
58399
84930
77823
83729
79615
67210
81388
88571
58028
67522
72201
57812
83224
67617
57988
60190
82822
63342
76117
89091
71501
75319
83745
68516
88024
79814
87391
58287
58866
61521
70585
81967
72768
78705
81077
65961
59663
83669
69012
66916
79185
77112
66939
63496
81121
77200
73680
79467
80911
88713
69095
77991
71256
77361
78814
66416
88693
69109
60613
80804
83864
84684
88578
63524
79858
61874
82420
56803
70776
65624
82391
70204
79335
86554
87784
77705
87813
88369
66249
59377
64554
63530
69414
84609
62464
69526
79001
56958
87431
70660
75979
67834
73564
81964
88029
61606
89146
79725
85254
87015
61633
76922
69245
66860
63094
57424
61593
65918
83980
68971
74806
87385
74466
70457
66652
82874
65996
62927
59163
58233
70934
67035
62905
75481
64454
83161
86032
65886
74274
88458
65329
73694
59762
75938
64333
59099
64775
58817
84182
76560
63612
77989
61665
88138
82748
70302
88271
64121
83268
61506
81196
89351
88363
82785
86999
78952
73567
78140
88419
67059
71345
86257
69054
82416
73236
79418
58384
82930
82849
70743
59878
77159
66783
68937
76176
85613
58434
65857
68551
69863
63473
62040
64660
72144
87500
86144
87917
70864
65710
82363
56992
56845
80623
80523
82421
65092
57902
64169
63630
77080
79949
82425
61971
85418
81340
86462
58124
72041
65787
69131
77966
60716
67418
86906
81690
60542
78596
87327
75970
61240
84539
71359
73357
60758
66533
87870
63773
89347
81224
65367
81039
79606
81170
59536
70563
70913
75676
69740
67101
73447
67695
68578
61035
80239
70920
85774
62087
76726
68824
72999
66591
77513
88719
79025
76788
72563
88730
68595
74880
76372
60138
78252
67547
64051
75768
75266
70879
86166
64262
81851
85899
84111
56743
61871
65701
58328
63105
66685
88227
78370
62290
71806
80332
66219
82993
66551
60827
87055
72727
57747
84324
63072
88733
58128
67129
70520
82695
80952
86031
70030
74882
80403
86045
66568
87978
88667
79493
73360
79183
63280
67382
56938
60025
88845
77329
56837
85417
86267
73291
67280
72034
66820
65810
70990
77800
84203
79731
74605
85064
69914
78715
77076
83096
81372
60572
82683
82304
66764
62291
57279
69370
69262
59400
70454
59989
72892
88374
63488
61824
85027
85195
75614
71557
83760
63698
73543
82516
64677
61263
85689
62914
77456
82282
80974
77777
60798
89552
64271
88626
87020
77399
57740
62728
71166
80097
79661
57071
80244
83842
84931
56893
68057
89061
77154
85896
72957
61931
61555
73064
64422
87446
81413
58749
82563
69670
72804
61108
85857
77953
75245
87239
85665
62168
74272
68867
81130
68488
79095
75854
78107
71998
71798
63080
66180
66143
70788
61041
73557
82343
76025
65708
75606
58896
73208
79234
73433
84469
61055
81354
85486
83319
82236
88135
73685
57376
58275
77938
71353
83398
64317
72314
75675
66226
57667
86154
70284
84738
89195
70986
68383
86348
77058
57256
83230
61572
73531
62424
80252
77088
71623
69017
79755
86393
85669
65467
71279
76149
76860
60638
72403
74083
64679
64892
58586
85030
60752
79658
64088
70806
67776
88346
82243
73251
74933
57829
65124
71868
63093
74375
76882
68591
82275
66219
81569
89425
86992
88618
75095
71200
83475
66510
74911
76839
77788
68955
87234
86498
83909
75984
89682
70115
74026
82666
83625
80244
64571
58090
57490
87678
89167
79768
79173
85161
88188
62856
63897
83397
88676
60060
58229
65897
81745
60106
62343
83929
69509
64031
67385
66605
81867
88068
83681
84400
78162
85953
83000
84103
58299
62015
89358
62867
68977
72978
79420
59800
69177
62134
58073
80798
61450
75801
68529
88727
59934
84826
76530
76355
72265
59345
77865
59217
59530
76623
73837
71367
84192
61607
67290
66723
85854
86893
84290
71106
84610
78077
79134
61698
88003
80575
88267
82852
75369
64938
64755
74996
89249
66311
86601
89387
86737
61048
75641
70548
71977
81208
80734
75758
64379
68260
65398
80658
63308
65019
89748
76501
88107
83298
89045
66864
60993
82475
73173
79518
70442
84566
80419
63430
61699
74584
87282
81498
81860
72220
59665
79167
60624
89160
85021
65518
57547
63169
82677
85274
87980
73073
80494
64659
65299
73800
63560
89194
85724
78208
88161
82262
86004
57638
59945
65110
83307
61910
66134
65432
60363
60102
70873
68762
82601
68357
60176
62863
70777
66053
68157
77828
77991
69976
89655
75459
68579
64439
64607
82167
80572
58696
70358
58514
64112
67873
88045
63468
80898
59400
69085
75436
58766
87164
61113
60908
81370
65530
70816
78744
79405
60793
78391
60695
67172
60727
77654
71982
85826
66999
65026
69921
79624
60938
80796
62747
78917
64847
62039
79823
64240
78710
69360
68960
81844
81737
89753
82302
83339
75180
76086
80083
59790
60963
80843
74141
73996
63638
63285
71580
73177
57425
79641
81710
68840
69711
75035
72633
74524
60600
85072
75081
60508
79272
65781
57722
69862
67378
61537
66457
66789
72357
60728
88070
87621
77069
84962
65244
68806
77565
58171
80340
86095
74124
66956
86375
84358
83102
67003
87347
61597
64101
72894
80800
81518
66599
82773
74947
62411
64577
87033
83075
60175
78188
67855
79866
75769
83775
76642
84510
72123
81909
66768
60320
82765
86897
60228
57876
81415
79743
63460
62035
84591
81245
81547
68125
58192
59514
72057
77059
67340
57981
89417
75908
76594
61577
67876
86903
69203
85439
83765
89257
89106
69381
86364
60614
87931
62470
69159
73597
65430
84346
63998
71647
57915
82088
77981
78856
69927
57385
76488
74754
60752
61934
66617
59366
81014
70277
89566
63812
81147
83351
77889
74693
76788
78774
74312
86287
61824
62805
79902
84969
59225
69400
61041
81568
60840
66383
71134
61609
82462
72893
66217
67463
85312
87709
58546
85744
88578
67047
88996
85035
60312
75727
72560
73916
75145
63886
79098
65603
64005
81254
87825
81314
70264
86240
72613
78686
75359
63577
79156
68424
78939
66492
69766
76124
86403
77969
81562
81385
66303
60727
80608
82674
87507
57709
57769
59604
76024
90136
76507
79402
89521
75328
64745
89838
57884
68443
76802
71393
84487
67278
63881
58156
59910
77489
75718
77639
75970
70610
62939
76058
64148
73469
71673
75874
80723
86907
65491
75095
88682
72409
67923
66188
68909
65003
89996
77334
64365
61199
77297
89584
72265
68022
61892
60318
76104
60193
65489
70417
66981
67689
70235
71883
83946
75202
62295
72515
90048
86784
71384
70539
74246
69979
80331
84272
64800
67183
88292
81250
83858
57479
70616
86356
89293
86042
86221
76774
64584
80534
78862
74370
73427
68189
81924
76099
79401
81933
78178
69213
68292
76037
60319
66745
76789
89893
68009
82399
75315
62932
59096
78617
62388
63560
78880
69077
88890
72962
60812
81740
78128
86679
82919
65377
77557
68022
85692
68300
87160
90215
72322
84087
67589
70289
59152
89640
59486
86975
76375
63585
66830
63011
76623
84357
61690
66268
84274
66619
58169
75636
82665
87319
88613
72877
70339
73592
62642
60029
78445
65964
62975
77143
88863
58459
75563
82092
71187
71970
68458
62130
78139
85118
72280
75108
60467
85740
62605
65738
61813
63822
83569
72314
61388
77969
85329
79455
59403
85133
78515
66745
66302
58924
78311
65893
66465
86223
80863
88159
76176
82669
68929
62341
71615
61949
60089
71069
70507
75159
63380
75418
77648
67030
88715
70939
79645
76032
74972
61749
61221
74857
77728
74866
64599
74900
58200
60185
67696
86172
73161
62128
63087
64722
76298
82368
80713
61608
65243
85208
77535
82894
79672
89300
59693
71322
63790
76383
65476
76205
81646
86711
79738
71892
79392
68017
65120
81196
76153
77052
82420
64138
75920
72873
62872
64537
57837
64747
89411
74821
58211
83228
61559
78808
79009
81921
59763
60515
65539
57679
87209
78304
81326
70766
78962
61333
70875
59516
68865
83004
59251
81301
60565
80224
80861
87890
82931
68106
63763
63631
74516
81053
76028
60530
77339
70655
79094
73897
89738
72697
86193
79090
58548
87265
67396
74721
81270
82550
73338
59614
86050
57867
83053
83821
75964
84968
80727
71602
74345
66541
63396
80948
71204
81272
58444
74977
57779
71305
82271
66386
88793
69156
86242
70737
66254
80375
83417
74392
69100
65341
76197
75484
70571
86754
76688
76042
64207
83176
69287
83665
62944
88841
76232
66400
74715
65182
77307
83057
76071
65983
75525
73862
87242
65452
59963
57970
75229
72811
59285
58908
83261
59315
69891
78464
83844
59145
84996
62710
84792
68393
74100
82359
83778
70823
73637
81309
73121
76758
74418
70954
83551
77801
63248
58572
75460
65880
68198
63071
59595
84870
73375
63476
59090
70048
78653
69585
65429
66248
71920
61881
58973
88435
58215
88429
82805
84495
77158
69234
80094
83178
58137
87317
73539
69455
67240
61613
69423
63474
74507
72480
68222
76429
90400
71080
88594
59084
62202
79575
62407
73319
84348
72153
64680
81549
84007
86778
80739
75913
60209
85351
69370
73120
70615
79417
81340
74296
61172
71855
77940
72768
76241
69563
60896
78027
59711
78017
60004
75006
79587
70555
65536
83501
88274
72672
74368
73025
83806
59238
74738
61789
79151
67077
73053
89537
89493
89758
85936
65262
68892
58716
69881
64266
71777
67386
72151
59783
79141
61126
83762
89600
59808
67108
74793
72291
67095
88661
86092
76885
89265
82874
71180
63954
76679
63443
83311
65812
60666
59469
75529
85943
66121
70460
72487
62746
60515
75941
80205
62472
67321
76095
66531
63384
63960
57978
66603
85841
87158
60353
57974
63122
67530
67836
85656
76593
78433
71258
85145
87907
62127
90445
80301
86748
78755
70358
73062
81719
75646
69378
72489
66455
58596
60853
71647
76687
88627
61606
59372
77119
68373
72363
72037
88768
85073
85047
77437
66243
61927
67872
89153
66676
74587
84902
74118
88741
84561
67762
84511
90664
85850
84315
78419
89980
71950
64942
89742
67501
65883
60591
80726
69749
79132
58779
72065
68519
78317
71280
80549
70093
87614
76719
66001
65552
79783
73057
72826
85337
78715
85336
79800
80566
60832
88759
71091
58111
78238
85685
71511
60857
59893
67229
69200
59706
74164
65305
60210
69646
83015
58545
72695
64922
69521
69007
77487
71167
60475
82053
68723
75074
73803
60753
90267
63913
69624
80415
65585
64872
65724
68175
58789
70524
70316
90745
70849
80856
58373
85422
64224
82623
70407
75777
73563
65393
70150
62022
79941
58889
65982
70426
63320
61606
67047
76068
74542
74697
83977
86682
86197
78334
72850
69126
86237
66239
65062
71754
75411
73877
86838
60385
71923
86656
78292
83305
79289
58521
71109
86366
88057
58358
81112
59177
67345
86478
73079
62809
82395
70109
76668
66352
68135
71690
89926
60257
83048
72008
78603
78872
81837
82874
68207
75835
63955
82458
79958
71151
62457
69211
71415
87647
76597
87949
58931
66233
67973
65282
58404
64120
58121
61615
87032
73449
86895
88788
59136
59368
69550
67808
80900
79339
65527
58767
59610
66883
79336
59477
82486
59038
70404
61951
87492
90319
78688
89240
84596
73682
61598
82569
72470
70922
69919
82181
89894
60622
63349
80292
71145
64804
58903
87886
75705
70092
76633
88667
70044
80257
84379
61432
61212
63611
61376
71885
87635
66616
87522
90845
80454
60540
86595
64173
83828
87447
80519
87976
61102
75750
58657
67522
70184
88220
89868
89692
67793
77762
76219
68199
60384
77693
70994
88013
90799
65680
68374
73740
90317
67617
89122
77348
68175
68288
59485
72116
78438
65701
78248
89440
75831
65337
77660
76917
83430
89049
62963
84944
62964
60374
67333
61948
74444
67008
89463
62106
83096
75748
68079
80134
65881
59411
62346
87607
70455
69797
69842
75239
59669
69310
77034
85748
79209
71120
68876
74503
89931
72801
68150
74099
68044
71183
62239
74080
75144
69329
84592
59176
82047
68479
79153
76033
67616
86933
77185
83677
78247
67636
85387
80270
81065
76905
83637
64814
82925
66226
88346
64190
86142
58302
89915
79117
90878
62069
82417
81115
75581
86328
59559
77887
67083
81002
63941
84294
67914
77359
65391
81885
83527
61299
83056
66289
82506
80431
64881
68820
66923
86247
70255
87779
85928
77688
72812
77926
74805
80144
60260
64695
73491
67454
75906
72871
84196
81836
59540
67357
89342
69481
82621
87296
79294
79980
81769
83031
86814
85142
78726
63151
77706
65400
89074
61117
87792
78101
85295
69957
62487
71145
68446
77115
84017
73770
89707
85799
82099
69197
79493
91086
73572
82636
79057
60942
59572
84263
76895
87050
68688
76841
77661
67463
64499
65900
64650
69014
74879
85535
90350
76148
64844
76039
90569
77486
74176
81348
82633
81544
76064
70998
81023
62624
77989
83935
63252
83663
84947
64426
73016
72784
85766
87405
72540
90148
75854
81355
89889
70324
80508
73757
76560
73401
61053
67186
86667
62809
61159
79572
61955
79250
82386
79310
63340
90844
79081
86571
69358
61194
85953
73215
83934
72562
82025
63724
67052
62797
63042
69534
70302
61793
89872
62616
90877
60125
64082
79411
58766
67972
79567
71139
60547
86797
85618
83133
67635
60362
70743
84278
58824
84617
59686
61998
67127
91064
84384
64301
90486
69580
76663
83436
84457
78051
72803
85271
74781
88999
87922
78929
83640
67446
83104
72057
71344
68033
71335
68395
78780
90290
64280
84106
84232
69906
69803
77373
87597
72553
71635
62648
66656
85095
70038
74685
89065
60546
82076
89890
60888
70369
82054
61652
83443
73593
75649
78876
80114
73846
58906
83489
90863
75484
88404
73647
59928
85614
82679
64566
88487
64719
72748
78358
76052
72679
63047
90137
82824
86920
89572
70721
74646
67153
62517
85957
87846
71123
78490
68694
65457
78323
68722
75430
74420
79759
90930
86571
89694
90725
65716
64033
87692
87600
68561
78798
60920
82707
76593
75273
73645
76091
84578
68093
68799
65473
79144
76075
70200
82637
64788
64686
64341
77057
89432
86467
74739
73749
69850
71560
73540
65726
85639
80388
79558
68053
90090
77416
87414
88757
67069
70804
78657
83173
73791
70109
87227
72951
84486
84238
78611
70319
90647
70572
73799
87144
77940
90239
80788
65972
73333
88909
68145
78147
79130
82409
67644
69126
87456
68205
83445
85907
90194
81603
58666
70092
81314
78186
68338
85947
64888
61302
72094
67009
65738
70617
83693
81648
90477
90082
90751
70069
68651
81155
90252
85946
82197
68567
64726
60682
60954
91235
68060
90743
71641
76701
82001
69433
83124
74282
74444
89559
73254
86124
84417
77899
80982
62396
76720
87905
85996
86260
79260
72032
73251
69681
83903
68588
66335
67031
60028
83243
61058
68821
85909
75815
69178
87594
62366
86131
72604
86440
62386
90386
65207
70647
60260
80532
80866
89566
61176
89218
90008
75966
62932
62972
89222
89183
84273
59809
69601
70127
84758
84143
90109
67656
76167
67947
76060
77170
86522
64708
60548
90473
80138
83763
62932
87584
84591
90341
60055
78021
70958
90396
63514
86087
67597
71891
70523
89366
86602
82081
65539
67114
81036
81375
69557
69446
69146
82701
86567
70782
86603
85874
75153
75511
70206
86531
89636
75502
87754
62342
63389
65275
67256
84983
66841
74903
62768
67371
86827
66013
78962
81075
61484
76941
65735
65283
69330
69206
87990
58836
63236
90709
69498
71622
63725
76761
66228
71498
71248
68201
74846
87743
87579
69384
69632
88027
63038
63159
59942
88653
61373
60988
75025
89504
65796
82722
64941
64099
78460
75265
83139
87687
67931
90623
84080
80136
89280
77207
61910
65744
65791
63641
60177
66264
81209
88946
90476
70544
81713
68526
79829
81793
65882
63931
81295
63280
87861
64496
81191
78406
70617
76493
63401
85487
65235
86661
90131
76416
68401
73145
76554
85084
66778
89479
67276
66584
75809
70339
69478
90589
87961
72836
86823
63502
91178
77795
64340
78123
72548
64767
60701
81142
69652
75077
63184
88276
86293
59118
89421
63349
66153
74184
89530
68535
68744
71994
63352
64200
87544
71554
70229
63883
80670
87618
87299
88382
79956
86075
81865
67417
64060
90200
89976
83129
84051
86510
76961
88061
64969
83522
60165
81713
66704
70476
73037
74922
67251
65466
90363
72496
84457
65592
83617
91491
59754
88559
64080
85079
90625
85579
86100
84354
74850
78850
68126
67544
74175
74066
59266
65588
67222
68490
88099
79098
71629
65483
90411
86266
91648
88336
68415
77208
84762
71532
60594
66602
91682
81043
74744
85666
67928
86428
87646
72557
85633
64005
67321
88219
83327
79864
88540
88639
61732
83404
71566
73753
67144
75983
66748
73330
74009
90435
90666
69192
91315
88998
76015
67755
80113
67383
87778
61799
72322
79285
89936
62691
78143
75882
70640
73033
73915
61032
72216
82663
83740
63507
81968
89046
89642
66527
83816
61145
78502
84059
62886
77191
91613
65391
66498
63917
60797
79585
80886
88558
83366
68126
89232
74156
67908
76088
70378
86060
91293
86315
74396
60148
71206
72036
68848
87928
61851
80516
85143
63478
72014
78433
63898
69535
90560
59725
59795
78327
70510
81052
73756
82302
65261
70240
74632
82320
71481
88695
68049
65418
67147
73928
86482
87854
61417
70857
89270
71241
87746
76357
72625
82834
87994
79708
83438
85206
77699
78795
76488
90194
81517
64877
62524
62817
65151
83458
60830
84055
73670
69168
74380
85420
81645
86471
59937
90205
59918
84297
78442
77711
59336
91306
73758
77685
62610
90964
87689
70005
59982
77166
64458
67462
67106
86622
85310
87773
82051
86156
88124
64968
60306
68201
76547
61658
68524
68785
70128
78664
73276
68077
79093
85651
82644
77627
76102
60775
64125
79441
84821
73156
61771
88256
62721
65115
67124
67702
91146
88891
66849
70023
91337
64940
83782
67885
70942
78683
77231
77325
86953
86200
76316
73147
77629
78493
84495
66433
60049
66352
63523
74844
59449
83466
59295
60488
70357
61337
89675
90301
71049
68546
86147
72826
63661
79819
66441
80001
63173
62329
76320
83555
73139
68981
77654
81853
69675
77556
74657
69379
64360
84631
65581
71036
70941
62096
78965
86670
79279
88583
78353
69692
90785
67004
60110
80109
89424
61421
62724
80495
68064
74618
84516
72251
82550
70215
86929
73467
60071
76514
80305
78665
87857
61798
76099
91578
89577
73631
66291
76315
74229
69742
76075
81914
61499
64111
90157
90729
81945
81370
62559
75006
76887
84391
72421
74270
63578
89078
82037
89723
62874
74157
80487
67036
89430
63843
69132
91421
62086
89469
82497
83318
65553
80278
61252
68864
67392
77605
65734
84084
78450
68953
89665
66102
90130
65608
60811
68243
88519
80713
74668
70983
68586
74398
71661
86083
86333
79959
85297
87981
75482
86130
75144
76583
89193
86087
78850
67668
70806
64804
90305
85656
76227
73268
70482
86048
84729
62885
87870
78883
91429
87305
77531
85607
76929
86269
67688
69638
88656
88073
67929
62834
62158
78024
74736
71095
75623
74569
76557
79616
76071
86452
88135
68701
65394
66609
63547
65731
79605
60421
78116
78677
64732
74238
71597
67809
64069
91154
67075
63150
66549
87619
59693
60021
62026
84678
63648
62381
79217
87395
68622
70155
63961
77343
66432
85322
61672
75545
62884
64040
70124
80306
71784
86193
91988
61168
71623
79807
80928
75557
85731
59842
81302
66763
71509
87741
91447
65203
74433
92049
81649
89439
70317
67198
90006
75692
82579
69863
73613
82611
63540
71253
60872
84210
60976
67775
85749
89255
60628
82441
89337
63869
91443
66250
88730
67946
82552
85586
77691
82136
91514
83948
90190
67075
65169
62816
87877
92066
80297
68284
69833
91849
61588
74580
65647
71694
87973
68616
82472
90091
88186
66245
60344
85603
69401
69455
70249
89576
73023
88381
88320
72061
83956
73541
72176
60952
70499
78777
65998
76618
86249
74322
77317
63265
86892
90925
74699
80206
81390
81683
78675
82307
73825
84221
72516
77087
87741
69847
65643
86029
89681
62341
69036
74985
70998
76836
86079
67685
71882
68242
74777
82924
78972
62256
83111
76677
72035
68582
87490
86777
85555
80488
63712
73272
69170
87992
82567
78073
68168
81133
74760
65953
82006
68914
73065
70502
89289
90385
84899
72628
88687
79602
75534
71375
87177
85214
67097
69563
81697
83849
79934
73561
63902
84624
85301
91858
61333
91647
89192
67896
80866
64790
90280
92267
66040
68173
64542
76090
61813
91285
80004
82635
75770
59873
71573
73021
91449
78565
67521
66443
83279
78877
69926
60596
62805
61458
85692
90137
71217
73433
67535
63782
82354
61148
64947
85556
91613
82653
82355
81582
60033
69943
75594
60531
87314
84071
75414
91260
89779
89292
82697
80575
77973
91051
84578
73043
80512
89974
65499
74452
87983
74062
67492
88073
79329
91078
75409
86212
78509
66282
76304
81930
74518
62848
68701
88948
80223
60301
76025
69077
64801
79387
71000
81181
67994
89146
61913
75646
67144
65861
83708
72653
69046
65638
82640
69930
63127
90460
60074
90595
78609
68220
70940
77206
80475
87030
81957
75414
77962
90202
71590
85648
82088
89691
81941
91759
89351
71634
80245
71036
88532
61958
61062
68554
71151
82730
83001
74705
75258
74023
81254
83801
79281
69020
67265
72602
70521
74531
65291
80033
72251
75735
69509
61429
60786
76051
92330
91771
80771
66684
63261
66967
64078
66113
74977
67476
86530
91297
80584
74566
76341
69806
63022
72429
68916
78929
75494
78429
87447
69007
59765
86108
88601
79626
86398
85836
68519
73163
71806
82186
80311
66622
74938
76309
61659
79486
64629
63475
75670
86995
63845
79568
77166
86394
86120
84585
69698
72356
82292
77352
60382
61888
66508
65680
88013
63229
82554
89564
92014
63499
81145
85475
61515
60706
90162
84287
68261
83782
60330
72110
65620
62409
63225
72120
73166
80145
60286
71571
72069
86172
83537
89923
66934
90688
79481
77829
65278
83128
60255
73966
69872
75612
75651
80080
64486
67888
60270
81245
88276
74016
85224
64911
84451
72586
85610
72519
77180
86269
84694
71732
67490
88641
84326
76278
71046
75159
85474
72067
81749
61761
63767
78282
89173
85829
68996
65943
64816
71279
76886
62647
77968
91285
89751
67676
62955
71198
81570
73411
86689
87749
87514
79379
81220
77723
66203
67209
86838
79435
64113
84946
68730
82338
81032
81336
90564
83791
67684
64513
71890
83687
77010
61844
76543
91692
82719
62174
64022
74382
76423
72564
83812
80882
88048
77562
74001
81075
85465
65859
80304
82662
86157
76217
89620
61155
76444
67072
64869
72449
71051
85974
63348
82080
72395
84542
75084
77421
65768
84445
86026
62433
71939
72868
68078
75275
65666
70831
73137
90512
76550
80493
67609
77296
84125
92674
77772
75274
89146
90089
85858
68067
71266
63710
83389
73123
84007
76027
82077
63968
66138
60961
62831
78111
79101
82329
89190
61080
90871
85243
74189
62010
81419
91727
82332
69103
81675
71539
65865
67617
69193
79037
80864
67453
86095
83680
78934
60407
76496
85012
90651
80142
71134
70769
60398
62801
85340
81308
83189
74530
63159
70054
73741
79546
85713
85297
77151
77165
62526
69845
87604
76335
74163
65986
60170
80728
60603
89510
63462
77220
89260
67025
78573
69758
60890
83351
80174
85886
87306
88053
69059
66864
71466
61560
69400
60183
84287
84827
87690
68337
68766
67823
79412
70973
72543
88128
84229
65787
63759
79094
84246
88243
72613
81017
73787
88248
73911
89689
91865
82606
90862
60396
83191
68170
66488
84793
92567
81753
81212
86292
68678
88324
69779
67211
77042
83538
74805
89473
67068
92142
91825
71833
91278
87851
84386
92758
88879
73285
75998
69504
66196
83434
78320
92361
81081
89080
90057
87984
77361
87945
89778
90790
90555
65069
60549
91247
84501
77430
67869
84684
71189
78778
68363
75863
68341
67348
60554
73134
88303
74156
91318
89555
73225
83000
73976
86483
68403
88003
78533
73638
89999
84909
66952
71767
77328
70900
61660
86373
74054
78513
80639
60776
78200
89062
73603
88055
65780
80502
77383
63690
86691
87925
71334
74268
85728
72866
78574
81491
68234
69426
92180
65763
66648
75728
77222
73328
68717
60385
86528
86067
84525
76812
85699
75422
87118
68602
82307
61251
69426
79706
89280
78322
83316
92201
91416
67873
77505
74288
69306
88465
88297
83918
85790
77103
75573
60407
63220
79161
89084
66941
75866
79777
90225
92046
64849
60342
81599
74623
62066
68097
66136
79815
92637
70509
62089
77903
88691
70572
88915
72681
65349
90837
88182
64285
72523
76370
87758
68652
75098
78073
81890
71759
61520
78457
66491
75328
74642
83448
62706
79355
71608
71674
76557
92614
60294
64389
89868
82031
91422
71299
63038
83157
62325
77159
77657
87721
91140
86547
75210
61558
73920
63993
73546
69343
68171
81793
87986
73001
82540
86699
81680
68345
64189
89334
89594
61278
72611
89216
87074
89361
87939
80494
75051
84988
65075
73870
83899
80890
74927
86587
76498
62686
62734
68738
75098
67510
80564
78211
66559
62801
65224
82713
76096
73214
84201
61629
62406
89751
88092
81063
89845
65214
92169
64567
70082
87143
87656
79764
85956
82071
81078
76947
65677
92522
86572
63706
82234
87387
76273
77637
78921
84928
74127
89224
66475
73364
70564
81686
84250
82297
74458
79426
86189
86525
78104
76964
92586
62749
87802
65983
80283
77320
61311
79584
83364
70181
68610
90953
75283
65110
91244
78735
71737
78207
71591
63553
90745
61506
86102
67530
81566
71181
74179
63385
81521
79703
78104
61567
89740
80166
65235
74328
80745
66005
91252
72429
72894
75540
72312
66585
84749
81200
88715
68907
90998
76693
61946
66444
73169
76433
88167
89762
80121
85594
73408
82675
65898
82771
84594
82062
75279
73611
61657
86183
85845
60806
75515
87681
76932
87105
72055
75665
93007
65648
90296
89824
85418
78602
91502
65457
86491
71943
92479
76644
73940
86121
67513
61082
79552
81529
82828
92570
63964
72531
62454
88051
78728
87716
75390
80739
73630
80307
84197
77304
67074
92830
77658
73589
70266
79078
84717
66039
89792
80686
74822
76248
90838
63040
61079
91348
81818
75089
83663
68714
71578
70534
62225
71557
92713
87735
79460
61276
74931
93042
68780
68503
89677
86595
90841
72115
61840
70194
73566
78759
92328
83086
69348
92616
61352
69097
67904
74730
82208
75876
90787
73160
82162
90925
64785
66214
80225
80709
69141
93236
61035
61831
60594
84150
64345
82406
64412
60514
77460
73718
66473
86537
87994
72878
70274
85754
80881
88428
78238
81444
74876
76857
67953
91770
80780
88398
83168
73884
76632
67032
84217
65459
78703
83961
70881
65948
75853
63503
89613
68170
69933
75576
81077
77413
88095
89878
64646
69943
82010
69327
91544
88521
71379
84312
70047
66377
86287
80116
74085
68783
69173
93175
91768
84897
77415
89808
87327
91795
62546
91974
86675
80434
91396
91394
78700
77315
88574
88910
65114
80967
63883
88092
83733
78115
67920
85066
79255
91389
85795
80164
69000
63017
62497
87851
84474
83397
73210
72213
74070
80865
78480
79380
66966
71396
63937
68187
62645
84522
70016
70879
77156
77810
92203
86874
72703
70264
78104
79254
70591
86110
67442
66792
75825
73808
78659
91386
80615
79848
83153
86478
69997
88527
64046
81664
67454
69414
74507
80972
78200
69668
63181
82767
66318
73728
69859
70290
85565
90129
67414
80324
77441
89652
85921
80711
78920
90734
91588
91887
91303
81874
92564
86534
90444
76965
75349
69779
85172
91585
80010
70619
81566
74039
83468
86569
89279
70712
64602
72651
93111
69686
84272
82269
93252
64326
65883
61258
71861
75721
92619
90767
87714
85835
87786
88770
61659
79019
87596
60755
77214
78204
71143
73235
70925
78508
65382
90354
64478
92259
79673
92429
75349
77102
63438
92392
71535
92253
64070
75767
90209
61354
90497
69988
66624
76827
88955
73740
82946
67113
93404
84939
91813
89377
72394
89081
86446
69067
91906
82740
67029
85066
86567
92256
87039
87363
88153
65773
89708
80449
72714
90200
80434
85336
78605
90357
83178
61449
84464
84459
66217
84326
70028
87680
71730
75638
76506
82583
79209
69595
66825
65654
66571
82866
90573
64461
61085
80571
62457
69108
86946
88506
85072
67445
63761
92189
67736
62154
87046
67806
63729
62568
63672
80555
77669
93180
83627
74565
77248
80628
75047
76326
75170
87105
91112
75366
65234
63835
70679
74719
71637
84102
93561
66448
62656
65621
70631
64319
86090
72812
86270
79970
82725
77705
71191
76352
62863
73414
88697
79700
69412
74264
76238
90610
88310
77340
63188
73773
83423
76563
67157
92919
87318
73002
67161
84106
66305
74240
75162
87559
80970
92002
81720
70749
67381
65369
61102
64621
87857
79206
73733
73324
81581
84236
61512
86152
62252
78223
62007
78030
87964
85756
76607
65099
65763
76905
89258
68977
92348
79742
93460
89021
82625
69940
67102
67223
75720
89053
80486
76154
68467
76389
83894
91988
77827
62679
84347
74544
68717
79394
61305
76818
88240
71454
68798
90146
78949
84682
70356
68365
72600
65496
85307
66473
73174
68459
61718
85208
68487
78111
87333
81326
68991
76874
91635
62678
88783
89729
76369
72497
65761
83806
93186
80321
61892
76161
88248
75462
85188
65749
77632
85542
70974
77332
85241
88338
84914
64398
77706
63719
72986
89894
81620
88402
72826
73117
62246
64952
80569
78611
76720
69077
61615
74954
84283
87459
85887
73774
90391
64637
92967
68370
72788
79748
86869
92477
71477
64322
69245
80677
87265
61581
84776
80378
72540
77998
80783
70886
84918
68803
85864
70548
68226
91234
81920
82415
85130
85887
74378
67884
72641
73616
62646
88586
75897
64494
87942
85080
64214
73087
93278
87992
88195
93586
67674
68004
78499
68618
78307
89262
77835
65727
72837
70924
75694
72737
71419
83539
73560
84767
73612
91779
74400
90695
70299
70212
67096
74798
75641
91759
92870
67346
77693
70352
71128
64958
84823
68139
61587
83886
68257
62332
83085
68724
76215
82051
67612
83546
90569
68992
85774
81993
65326
77372
78746
76521
78331
68680
84887
68874
85205
80521
65004
70467
91651
90613
85064
66264
69319
93079
91411
87009
70895
68569
70052
79529
66215
70402
87220
67669
86161
75518
85266
64198
65048
84574
77977
62400
66561
87199
62304
91979
87362
81839
61232
78169
90648
61101
73531
78506
86356
86512
82954
79085
91125
68684
66488
88616
79612
64912
88670
72537
87932
87635
61134
72286
89329
71921
73604
84754
64978
76752
89049
79801
86634
90344
73082
91294
80355
71298
71193
71418
71076
87359
91490
66328
85725
69469
92977
75191
88671
91446
68098
85168
77490
70409
93609
70360
90209
93181
76355
86824
88217
67171
83820
87835
88562
64828
68530
83032
83853
92923
72778
69009
90719
65932
83202
92843
61644
91028
64631
72735
66680
74491
63624
64928
86618
67752
91914
76798
86290
67979
73405
82506
70012
68833
89215
62011
66949
92083
90304
64464
76093
78240
65846
84023
82478
87773
66258
76782
76013
68474
86002
70696
86254
66535
89816
74610
66204
71350
89179
65942
64425
76706
93916
90815
92579
72657
75132
68063
62153
91990
92044
84558
82204
91130
63558
85172
82873
84284
90810
72488
72293
81302
90634
80025
89962
84226
72154
83821
82850
86205
78595
66409
78033
65611
77959
70353
91703
82875
69834
62160
82790
79660
69375
66329
79186
77712
71904
62671
63911
82096
85154
73891
76895
91249
70440
67644
86931
75605
76407
67291
89489
65092
78954
62783
83248
76173
73126
83142
86112
84264
61649
87510
72965
67134
92671
68987
61446
62954
89709
93777
64160
72002
85106
80037
68097
73361
75698
87511
87314
83943
79253
70402
89236
72404
69112
93919
69998
81264
70690
65255
79173
74910
64505
77752
76110
63378
77685
91322
73568
85137
75862
80642
90446
74488
70162
62327
74355
81536
83986
84019
69518
83904
66589
78124
69841
87540
86293
89107
62004
83452
71137
88956
91663
66216
85162
86336
71144
74290
80458
71711
79241
64780
80385
77994
85078
74204
61802
62817
75998
84678
65710
88600
78512
79849
66296
80543
69232
70444
62249
64673
84010
82234
84172
67789
63461
82891
90444
89908
70780
69926
67940
84722
92329
66787
80600
63761
89699
85494
90723
63146
70762
65001
82416
88653
61984
73065
82701
72867
77210
92676
85404
91218
63479
74033
63179
84257
82928
64657
72775
86621
88753
82804
81837
78971
78567
71071
79426
70142
81435
86861
65763
82844
73790
83571
90175
93084
66949
61768
63811
88194
68215
75269
73174
64238
92740
84969
69063
62146
91992
62849
82947
63363
74288
76838
74764
73730
86636
70855
72614
85307
71206
86505
68820
81021
84867
83691
70658
66763
75911
73871
65156
66435
66862
83638
66879
64573
68536
72555
73638
94198
82756
76579
66281
94062
75936
78403
74088
93390
84320
72675
81518
86158
70957
89554
92700
87446
88416
87514
63907
61603
72400
68677
85943
83693
82407
65439
67904
63495
85244
89534
90706
81670
64732
85504
91999
77541
77738
78036
83627
69160
89578
63612
87553
71104
93656
65297
73893
71471
86270
64967
70025
85484
73733
67954
69059
90121
75980
79945
70463
86547
74423
87274
77745
62010
64842
82591
91086
65201
64758
63200
83644
68440
72242
76825
64967
92825
87758
78253
89173
73103
64900
64826
81948
69486
65489
90399
64914
73759
91651
68667
61605
82474
66962
79608
66989
77785
61875
74120
85663
64411
88619
83823
63619
65446
85089
93250
79144
61664
68280
91566
93462
71936
93723
83643
85444
64496
67034
86098
67595
93302
92596
84734
86747
87060
62005
77295
67117
78381
84802
79684
90680
71272
70898
88458
87784
72282
67231
74367
89996
73311
84029
65308
83663
85448
62955
65747
91881
77372
65992
67606
80406
81496
92168
63512
85831
92057
92487
88023
63256
83836
81692
66650
81155
70627
65266
88119
65747
73403
73491
93273
83035
81116
86534
87552
65895
70704
76827
67081
72691
70936
83780
77168
83099
74507
88358
84755
89939
77953
94064
83641
82520
86543
83564
81234
90471
68819
93652
90753
80172
91154
77798
72535
69373
92704
93882
79458
88264
88192
93140
91366
90442
62285
77302
88426
64642
80856
63799
77686
90214
79507
68953
65692
62932
84014
73304
84661
79307
93695
80703
68461
91867
87463
71487
79106
85722
71667
92418
90184
77017
72448
87101
90097
69462
90019
70021
71947
88756
81415
84067
83146
70632
87448
85930
65416
82804
78880
83976
84234
66713
63536
83164
88581
70856
62146
63303
62176
63323
68636
69510
67516
65922
94200
84095
93618
90752
83169
86425
93531
64535
62176
68305
89750
73536
81240
83723
78213
65824
78895
67749
67801
64568
81966
93266
84304
61916
85675
79398
82555
90086
90213
79085
87237
65195
65455
94145
80049
64302
90577
86492
84835
74132
79787
84138
66658
68568
61851
67618
63644
75968
64161
92503
69291
77584
77505
71498
84054
86269
69801
65027
83291
82916
66196
77792
90988
94268
67182
79148
73591
89546
84281
63987
72746
77843
64943
85525
61879
83735
84521
76698
76500
88124
85439
79685
70406
70537
65713
77676
80416
76052
62470
81159
86278
82622
78962
88838
82871
83485
87165
83944
78987
62138
90594
79241
81081
77949
84533
76603
71195
74341
62153
85529
70198
86396
67537
66456
66165
66571
83653
74335
62901
70922
83976
75097
93958
90074
68551
70920
63920
70711
85540
72476
81525
67176
91796
62532
65046
85944
79493
78916
70937
86826
92997
69704
93384
64105
71455
74615
64893
81662
91591
90572
83485
86981
94200
77089
89315
66210
62043
82061
64863
70256
93099
91632
79806
84282
91671
76236
75083
89774
94183
65879
83510
62158
67427
71374
93332
89321
65008
77835
88232
91850
71293
90970
92769
84015
90909
69257
68643
63101
75253
83006
80587
72881
80217
74637
85741
85914
82738
85450
93023
86598
79779
93852
79100
65210
93932
68179
79778
75493
86670
67196
72829
66007
91568
73906
71048
63791
76993
83895
74320
92882
79967
68291
70140
78563
87927
70427
91786
70127
79022
89062
64859
82791
90880
72764
73970
88148
73127
71553
92153
76358
81727
83953
66948
64141
78887
71547
93850
70060
93226
72403
63730
62219
69471
66243
87802
63724
64077
79810
70941
93344
83283
86983
64582
93947
88904
93791
64928
83205
90974
93950
68513
89330
66124
88466
66630
73557
79532
84318
69792
90256
87201
69126
73103
67215
91326
73446
86478
79542
92707
88232
75055
73751
87017
80150
64808
79337
73153
68908
62095
93749
91095
83314
74914
88275
93693
91273
81226
74389
62981
80899
68257
88258
77166
93048
86449
65734
83524
87509
81535
88103
66369
65784
70984
86203
70456
70522
67850
72985
80820
91340
88902
90445
71388
86918
76036
89040
92313
87547
67865
72375
85755
63761
90021
69930
86489
82256
68319
74008
71096
74296
85269
93481
79342
65496
71662
67316
68104
93852
72947
85363
88680
75111
83789
69555
84019
87521
66256
83920
93290
89875
62521
66081
94806
69169
67252
83120
78122
90550
94882
68333
67812
66230
74136
76195
67188
92272
70571
77610
70432
88612
76267
70623
78631
82724
64045
85713
71588
68908
69646
74429
67510
62710
81716
79677
91358
68874
92887
86588
85672
90836
91776
83373
76174
63992
87057
91516
68889
70122
74502
72133
89417
92601
70906
90437
70455
63019
93037
88078
63737
81423
74436
71294
89286
86223
89745
64625
65370
68421
92949
81078
82332
73423
63492
81088
87423
69286
94343
72862
63014
71531
70791
64302
93003
79107
79657
84621
89057
80549
83605
84177
78840
78129
65788
94459
74210
94148
64217
63527
93844
74377
88695
76550
79182
78802
93363
81806
81535
84839
63235
93936
66019
88093
92855
93131
70638
87979
89471
67743
66157
86202
92974
74372
91243
78651
91325
74780
74065
70397
94355
79046
78674
94335
65539
92180
92422
66563
81431
65920
92757
81635
88972
73818
66711
63272
89117
92165
66041
94553
84229
63587
69667
81041
93375
84622
64024
70868
64528
83401
80221
81827
86087
73910
74333
71374
71364
90825
77836
79242
72119
72188
78539
64451
67114
71876
91788
89012
86850
86084
78902
75188
77505
72385
74315
83539
70352
68183
80072
76453
92412
69610
89164
81630
89726
69215
91261
80671
85439
77323
94631
78480
90395
66667
83367
71855
86757
91158
74760
78056
93868
92401
64875
72805
79805
70818
92716
64039
88297
69447
79938
85334
82313
90215
69735
73173
70591
78888
63098
67354
83966
65731
76065
76093
76236
73782
74930
77902
70086
78393
85332
91628
65765
88690
66657
65811
65793
77548
77071
75830
93843
92870
91216
88462
69567
80168
94198
77233
72850
76923
76059
75878
72840
79322
91584
68536
81233
78019
75188
90441
67284
87827
67256
77289
69749
78129
82912
66407
72595
87689
83004
91303
79701
70204
64696
77813
86439
81941
76097
66457
88447
62912
74025
86188
87653
85046
84685
69674
71986
89468
94837
85576
92696
84621
67707
65543
88034
89493
68272
87817
68733
72799
72955
67491
84664
89873
70979
79157
63816
81687
65167
63670
89871
94813
87916
79251
62622
91841
69520
78010
93944
78280
67772
73201
92056
75919
73447
71533
83382
78853
64408
78752
85191
79192
80020
77138
62531
69293
71097
86515
93354
74772
83498
76336
62921
92347
71852
69828
92730
85090
65360
76689
74794
72974
80467
64239
73566
78082
76354
95044
64632
93419
68961
87253
84343
64091
76878
79323
78718
82552
80354
94938
67030
65782
92760
63790
72245
66370
66993
73702
73281
92160
63830
66262
86608
94904
77056
70632
75122
83916
73429
87731
86705
74926
68308
64079
91031
92239
74098
83303
80881
65499
70021
67727
70355
68515
92514
68312
64732
86107
70466
74914
93115
84101
94443
64690
83698
92717
88716
72581
66010
62679
66792
84195
86760
89014
70326
92087
94254
73758
87368
82973
62757
77884
65644
67517
87465
73221
87440
84056
66117
82540
68137
91296
74161
73944
93525
74573
66457
73429
69822
84077
77984
91145
63682
70907
80805
63083
71634
91316
79941
91823
71960
89638
64161
73988
81501
92426
66657
79362
87337
89811
82681
77790
67372
76167
66346
83937
68060
83150
81356
69656
94560
87369
74188
91468
76461
84516
65393
81204
90351
81135
63715
74986
86570
66473
72685
66460
87841
76062
84226
62852
74359
81780
68478
86810
64276
82176
83759
80008
62922
95070
89876
74078
94776
65728
80228
93319
89839
80774
83154
89212
67796
81935
90896
92087
63942
92367
89234
93547
76416
84130
82324
74354
68544
73568
89182
84614
76457
64690
71879
70069
95333
66852
66808
72207
89360
68987
85874
70050
93649
65608
91731
91304
65098
82365
72660
90110
73011
67008
95255
88024
93249
85054
65568
75444
95053
63426
92705
71820
77490
78406
71418
71248
89335
70729
65792
75155
85934
82465
77821
69765
82843
95123
94841
84513
66585
72097
80952
90791
89530
71331
85508
73805
74798
81049
68269
69681
85862
67008
73037
74643
95224
80739
87248
77121
72390
65268
88244
86866
80859
92507
72462
84247
90261
78990
76750
91471
78089
74594
86339
92314
94371
72609
68066
67633
77325
75356
88899
69843
76370
84610
70252
79363
80708
62898
88402
90480
77083
91982
83357
71349
91998
86481
83116
81730
88327
75362
67801
94874
94178
81577
89086
69312
73526
88289
64312
79083
80295
72238
90090
65153
74331
68401
72197
65091
72028
82650
73607
90565
75581
78718
79170
83746
93185
85546
87263
72429
87352
94262
78882
70251
65387
85789
86384
71167
83642
87692
76174
77797
84676
76984
64171
86819
92615
86261
80033
69309
63240
67717
71288
65833
77942
69037
84267
73730
79754
79118
92079
75777
70001
64819
68658
84264
94829
80999
72353
90944
88185
90313
86124
91782
80172
63138
65933
76962
83679
92405
75463
89560
69906
77912
74027
79490
66572
91139
87777
82110
68546
90407
68901
87652
89594
64641
74640
65339
77744
94766
70809
65388
88505
67521
89947
76342
77990
70803
81561
85220
70635
91226
86271
83452
63553
75773
71338
72890
94536
92327
92139
76988
65137
78107
84296
80383
73499
90439
82116
65802
94716
90139
69729
71529
91075
73627
63970
77917
78075
75571
94165
72146
81715
71755
88017
66961
69980
90396
82429
94903
88946
70082
80337
84838
63839
67474
70689
68282
85276
90797
89687
65279
83993
63957
86784
64545
74719
82048
63370
70243
69108
86827
83787
73044
84734
73201
69574
81664
70956
86364
90666
72547
80338
72059
81436
92195
80467
84789
88502
74878
95300
64476
76496
68992
70862
79622
71038
74362
88916
83608
91097
85425
94038
82211
92931
66899
85398
86644
65893
63663
69753
94822
76347
73124
71599
65019
72275
78426
86806
91819
64017
67377
79068
93180
67767
74999
69349
70483
66787
74590
89964
86538
65114
82861
86252
73154
95491
74677
94529
87803
92471
72967
91146
82402
82232
74852
70739
65897
75774
81269
76145
84125
84282
87740
82732
79413
69269
74187
82212
69222
82488
80820
72045
83711
80530
80320
66173
72113
95061
93796
95304
69806
79810
64112
83113
82295
82471
65162
90884
76270
95398
65755
63274
91059
69431
88840
92028
74157
67312
83044
68180
76775
90757
85092
67232
85406
81931
88403
75728
92568
92161
65350
76019
75959
70032
82771
80668
63181
80914
73470
84747
82354
82386
88052
84489
77460
67602
65532
65044
80271
94291
78122
73020
95101
93904
88661
79949
86544
92748
77772
80046
83486
84237
70725
95625
68667
85801
69142
74796
93069
78336
72872
75696
87772
66826
66088
66520
74729
91091
87423
63291
85249
64835
94341
65702
94417
91171
69233
86972
66684
84189
77461
65759
93163
65667
69448
87124
93285
64787
87331
77985
77151
72442
78448
92218
80789
92118
74463
88669
82521
83584
69499
87867
93995
70730
93917
69464
78731
78725
79263
70196
88331
73543
76564
73771
72616
93291
95798
86938
81498
89048
63200
91459
85482
90631
81726
69619
67076
83903
82305
87906
68749
84003
67031
79450
63286
85999
64666
63515
85842
82431
82119
82175
67557
91409
89779
68186
72189
89803
94969
71076
80709
90112
79287
72410
90839
91695
83450
79393
69714
79436
84342
88237
67884
95427
78971
82145
65610
65211
85540
81335
89038
92311
83154
82275
68913
83395
91864
67379
77713
73133
86904
86202
90188
78353
79887
65069
67021
64122
93580
67085
63654
63750
68134
69638
82655
85097
80719
79640
92558
74548
64483
79604
95400
95320
64166
67753
76055
73957
83181
78463
76045
90904
67995
85795
93847
77461
67663
69637
87157
91633
65756
81663
74025
67955
79610
66359
84046
82716
89659
93510
87595
95204
66112
69274
80264
75335
81708
73752
90048
68096
89689
64518
87832
89365
76618
93993
93007
91667
70881
75050
94327
91035
93906
78911
77827
70941
91992
68615
76832
82148
66855
84917
77129
88915
82337
82800
85525
78702
70476
75002
63828
84124
64644
75664
69211
77226
94829
74514
73628
72980
77868
91748
65402
74368
84567
85268
69467
64908
71337
88125
66814
74185
80891
85675
72207
63495
65135
75839
88568
83156
72687
84117
66043
88127
85206
85221
75645
92898
81132
94503
71845
85023
69784
86139
76582
83369
84561
66759
93529
88134
74838
92578
93583
79316
78495
67185
68517
72842
90387
91087
67801
96129
74235
86067
84443
92275
90295
88012
65320
73410
68783
95152
75667
73660
86157
78902
74020
91165
84394
92832
80934
93909
86981
71166
66684
82188
81147
71503
79156
85860
95731
94440
68191
89214
70234
70938
91423
89279
77199
67599
95745
83796
67487
88309
90509
63603
93811
79454
70428
67812
83784
74215
78314
81601
85088
67352
93292
64378
86775
80268
69092
84763
77177
73298
70194
63698
65010
66706
76781
85164
68806
94580
94386
87711
96162
90941
73660
92877
85170
85948
79541
78599
91669
90596
84172
63888
72078
80570
85000
69924
69756
80242
86236
65081
89100
69332
88059
83333
72109
73701
80493
66496
80836
64452
88035
78507
84641
92370
65352
81745
78258
85269
83352
87437
93431
95711
81653
66764
76470
66218
85496
74260
79216
96071
64837
68422
80403
80184
71522
77728
81521
64602
94409
65925
89073
90823
71739
79233
70277
87034
90456
94856
83932
85812
64877
87934
83672
81183
71309
63997
86850
66737
73955
82514
75197
91988
87622
84168
91128
92228
69646
71722
92456
82744
95014
63875
94902
79428
74339
77096
66868
74494
92948
79096
73110
84704
73691
70627
66207
76525
71099
75433
84633
80535
96113
63972
92489
70113
90888
82249
88610
80577
66984
87083
80569
78280
76207
86848
92537
88580
92930
89000
64664
92198
66982
92971
75081
67808
94858
88515
86836
83601
83623
68698
76835
94756
67659
83156
76798
70453
93874
78672
65785
74614
81879
76971
96268
72018
82057
76358
69028
67024
92865
96010
95896
84409
89651
77225
79198
75261
81699
93222
69503
76627
96122
90263
96072
85280
69145
70442
81346
72602
67693
69990
73957
92461
68164
89779
68105
89886
75743
85533
69789
83310
73288
76117
70939
66049
91622
84216
67643
70399
86862
66068
78440
67707
80476
68841
69488
82258
83843
84204
70271
94038
66401
66066
91726
75436
78998
72522
64920
64627
70615
82507
67534
96422
67134
69777
73227
89924
86500
81314
80970
70830
65714
83606
88791
74064
91508
77526
80899
71811
96047
81444
82460
91826
95925
90076
90524
84668
70262
67449
66465
65178
64665
81498
93341
86850
75596
81607
64335
82891
72536
81967
87026
82897
72952
88243
84916
85275
70379
71657
75881
94331
91080
81625
67713
93686
81298
80204
67383
71717
64396
80967
94476
67291
73294
77266
72820
89353
68121
80381
80591
75230
65384
80165
79258
68914
65991
84852
93159
96036
73960
85415
91146
80642
88052
68372
83350
66922
96031
86251
77704
75183
84863
83644
81601
84606
63774
77881
88250
94658
80718
64574
69235
69572
65340
83214
76716
78231
68808
75232
83544
73395
78228
67994
90703
81376
74331
87772
64835
82262
67205
73024
71413
89634
90616
75744
68008
70347
86320
71961
83670
82230
84882
95119
85027
73671
90109
78961
91279
83401
73635
90879
68079
87824
76567
80201
64158
70364
71078
84537
87920
84481
70379
84179
89575
65605
74398
87228
70314
81162
77485
94201
94258
85805
85902
66042
93639
67629
76499
68567
94891
78480
73727
94681
67989
83842
79768
65084
92256
75712
67709
65843
73733
89012
67450
78381
67783
73441
95514
79447
81581
80514
89532
94306
82485
95086
90089
64902
69959
69439
77029
66503
85096
79027
96132
79223
80944
76627
83263
77308
84734
81490
87431
68563
83690
83639
70490
93141
65531
73919
83219
76217
71323
69756
93830
68059
69191
88515
72012
77883
96395
69445
96092
67785
85038
89340
70619
66784
81066
86473
67126
86544
75230
93275
88941
93728
90119
94034
76210
80979
69613
82084
66098
65515
83802
88128
79155
90092
68048
66034
72799
88098
67963
95879
89951
80741
77925
69681
91820
76572
84457
73261
94370
75776
90218
72610
64727
73763
74565
85453
65962
73264
92419
68955
73759
65012
74196
81686
84458
84509
85561
81860
69065
75586
85504
83788
65047
94244
72565
67355
91551
91956
83671
67526
81582
74069
83465
68081
73836
69090
93322
93807
71275
81907
73639
92587
71297
89308
72431
67142
67795
87031
88296
80641
71219
82852
95232
71646
77996
77709
70598
85634
68186
93231
80474
72158
93823
91030
67106
84238
78036
71527
80831
94593
75549
66596
76864
68699
90368
84396
84885
66327
70167
81153
68422
94065
90692
83790
85349
70275
71749
79401
66497
83758
86664
90389
85852
95163
82496
84043
78879
81602
72888
69818
79053
68427
79591
65868
92982
65588
65350
91499
94381
73427
84446
96452
76475
77019
74405
81994
86037
95620
72202
95358
80332
75238
81871
90350
87236
84134
81943
89340
83815
74965
87744
82401
73626
66581
68850
66034
72944
74750
95480
83233
92958
87744
88143
77510
90288
71433
68605
77984
71162
70441
89892
69398
92240
95092
88023
64195
81274
90087
78380
90930
72546
67855
87443
91878
92176
79911
78950
66718
91608
76417
84417
94679
81874
80935
76179
80529
80523
75201
87797
69206
89338
86457
87227
89721
75190
68766
74825
78236
73830
70854
75433
86132
94072
85304
70618
77777
73238
71624
64618
80856
85589
72324
67911
92307
71600
95311
93650
76717
76214
74956
81973
82806
67327
76670
76790
93997
93284
74285
78541
64639
79983
87691
94131
85579
91921
75543
69692
82088
95635
75586
96294
69161
82639
85712
82738
72288
81824
80002
71986
83360
66455
78834
67684
77319
72176
77502
88574
65980
72388
80104
70922
83574
91264
75901
74612
80446
67989
73845
85346
78197
83569
65243
65219
71192
70575
95790
68395
93251
75914
87558
91102
65524
65944
83706
95275
73746
81845
64962
71675
68270
95036
76185
90281
93832
75646
74213
72724
75221
82540
71450
86515
69183
68759
84700
76649
74286
95579
70500
96474
79686
91990
77348
84476
67121
82207
75182
85041
90014
83509
85714
90900
78473
72758
73990
77649
83901
75858
93708
96187
87704
90366
81102
75928
87823
92141
84877
89407
79089
65596
64826
75750
84080
79085
79396
68533
79837
82838
93140
89375
75443
73562
93237
64625
87511
73753
73721
73387
71966
78308
85047
71824
83472
71860
71513
90105
65516
72795
87349
79726
66796
78010
89722
79863
90313
93749
96078
77104
75906
93796
67893
96156
74586
90379
78901
92475
66847
93517
97080
86111
73138
78620
69553
74939
74180
65780
65666
68285
94430
70089
86046
74014
64676
91966
79338
85175
79194
70679
69354
95894
73639
68337
82329
94289
96153
83248
71960
94874
66794
87610
88971
92692
66690
81635
73665
67173
84796
70951
75283
81805
67053
87071
80014
83318
80547
92206
87636
69067
93994
84860
77375
95246
71893
83621
77000
73701
80250
76210
74023
75189
85439
69960
81340
71026
94356
68639
96174
93110
88065
79030
68050
71952
69410
70469
73422
70558
70000
89076
91774
75486
76609
89418
72342
95681
82835
78568
79497
90881
94981
69751
91818
86965
68646
80095
94865
65571
96498
95673
75457
83669
70042
74504
65928
79343
86148
74531
75558
81599
67475
85750
90417
83862
96936
79466
77111
69590
66409
83234
73382
72269
74305
73576
71657
70081
73895
84839
73428
89036
75940
96922
86082
85483
95631
67460
79612
80081
66076
97186
68061
81409
87957
78238
70964
74651
90726
92101
86890
72310
94175
87739
96485
76400
80182
73837
96043
80130
73675
76616
80715
89624
65200
81321
76665
97055
79209
93588
75768
84063
86000
80040
70461
85131
94205
88146
75089
94870
88963
75330
69239
78281
87166
75035
77071
64531
73196
65903
88762
91808
86553
73450
70847
82092
93728
67021
66477
68762
79535
83102
75330
69440
88586
72222
74636
92550
95059
97148
67662
94255
86792
84680
95141
79350
78029
86442
95979
97245
76396
87124
77020
97218
78874
86197
84983
82227
89596
81392
79911
66691
70377
90124
87971
80925
78962
66541
77587
88089
79903
79747
67828
89101
76284
86593
76861
84774
79956
90577
91715
72311
76989
85766
93146
73104
95828
85778
87485
74067
76106
95481
80944
76035
71584
96069
79331
65950
91950
65020
81434
73581
84202
68815
83467
96729
79207
89492
95623
88448
86684
81654
89821
85128
91879
84843
76284
79155
64850
68711
96983
75444
73492
89552
71438
66626
83547
75185
69322
71274
93768
78898
93416
68265
91195
90056
78427
69946
81490
78249
73931
68909
72492
79491
71810
68281
69363
83821
69001
94163
90521
89886
88078
72447
66145
85852
91145
91239
87202
92856
66592
79146
80328
95865
93127
76022
64667
96470
70827
93657
65988
79720
70481
87636
90508
96734
73466
86450
85736
91379
86219
81559
94131
65949
89642
84956
68154
83079
86635
88986
76797
76226
68524
72837
77236
80056
65277
85372
80017
66657
67525
89950
78021
97209
83553
92446
76101
73329
86541
74266
83150
92644
82440
87720
75814
70222
86515
68338
90534
89144
75130
81925
92661
76343
94007
69412
74262
70358
65235
69474
94885
70353
96879
80240
94301
77700
83778
81331
76254
73122
91523
65689
66221
81962
82825
78126
81789
70551
85041
77290
75693
88408
78976
76749
90129
71551
85129
86959
90869
82109
87953
84433
80223
71822
77682
86967
88469
75697
79677
69690
85727
87259
90403
95705
69262
95660
84886
68432
73277
93154
80299
69228
94039
74445
92867
64797
70618
65795
71018
79053
77914
74324
67967
72688
85832
93696
81302
68060
96628
89384
84890
90331
79825
66947
73911
69247
90744
80978
91254
91702
90352
91542
88874
68126
81837
82816
83852
87579
81622
88617
69538
65830
81484
80771
76005
92392
76519
85904
69538
80775
86275
93393
85409
95168
79931
87298
87045
88886
93300
92676
76915
67337
88094
77595
83318
66219
70582
92761
89634
72943
85647
96858
87288
68451
79059
78898
89610
88032
95940
89508
91232
85087
87368
71573
72345
86286
87973
85183
65237
94372
69257
96426
87507
95985
67661
88792
90455
89529
88698
92736
87503
97218
91277
72959
86837
76332
77815
88137
91447
87041
69992
72869
85654
74765
94029
82522
74700
83184
86424
88612
96497
92017
73407
67116
75487
66325
76295
89911
93077
66801
96002
80414
92633
90300
87638
90494
85026
79912
81857
71600
69300
68722
68954
95484
79117
77368
97306
95753
93824
89996
71066
85656
93728
89158
91934
87154
96735
81054
76243
71327
95479
91642
82005
95449
92553
65028
77172
84801
87428
70656
92216
67152
81609
95325
78115
78607
86669
88713
85173
89995
70654
95498
83766
89987
89641
94155
75183
84325
81179
96435
75834
81785
90694
94844
65915
88411
79911
84419
75631
82350
88358
73819
74084
89103
93630
82663
96073
67400
79325
72872
75304
85958
82318
73107
81393
75342
72917
83623
68729
93931
94938
86141
96706
97323
93258
73761
96637
84618
85243
65056
79309
69679
70863
82914
87886
95446
75738
95034
69206
67086
82375
93244
82299
80804
79991
79183
66901
73823
86508
67971
82309
94957
78182
74020
75509
86814
73675
92303
88930
85840
78668
72004
65048
91691
72262
92477
92669
86158
68966
83070
88273
75720
77073
83182
84916
80908
85507
89189
89321
77599
96566
91398
89817
75604
74501
68559
93275
77498
89489
84334
85554
70292
68196
89430
88535
87817
85844
65299
77178
70429
86698
80346
93507
84192
66180
75365
91613
69093
93048
95998
79925
71670
90746
68057
94847
66054
67072
95654
80507
89447
88676
83047
93430
90942
66953
86143
87699
88627
93633
96268
92619
66669
81902
72311
71219
76221
73960
70730
75005
70169
69151
77121
81602
66637
78210
76963
65151
72941
76959
67538
79325
70030
73483
89889
83637
78901
93188
81127
79315
84752
66389
84690
88826
69732
78202
94589
86569
93895
80645
71236
70173
85391
83776
93015
85015
65930
89620
67085
96479
79344
97577
77691
79625
90517
67663
74566
89719
72803
71965
78005
93471
92424
94679
94730
78094
83692
71573
69139
86957
73830
87970
79868
76356
92463
80931
90471
94140
65815
78841
86718
84905
77558
94696
73160
84616
83942
83704
73339
76612
87727
97307
97810
75264
87939
93969
93279
69648
89068
95881
66401
65864
76546
86409
67865
89722
78305
75279
66458
93498
88154
86777
86880
87268
69097
71970
83938
78049
74471
90062
90730
71717
82433
71752
80677
81404
73193
66761
81014
69639
75595
91804
75920
95617
89859
87936
73028
70599
71821
86606
68119
80920
82109
77531
85144
91801
97456
70944
91889
89756
79106
76696
66747
66593
90433
66794
82455
83613
75682
69832
92410
81147
74995
70679
71880
98017
94417
93264
68645
74548
78363
74278
94472
67550
87975
69481
67344
83663
84275
72746
96284
97345
74910
87840
73494
82497
88920
93514
78095
66923
82967
83158
97425
71413
95435
81730
78640
73711
96469
91841
94563
88520
79731
68320
96402
77845
73343
69737
85872
77710
91482
96391
81035
91737
97315
90924
85794
72076
97068
69808
92726
95213
75438
75451
67043
70140
88763
80996
72433
69427
95093
94618
93351
96396
66942
71107
74975
84036
96943
74148
95840
85726
91917
67713
80231
77164
76280
74885
79495
83210
77734
82532
70579
81835
91856
69694
71578
71192
81579
95175
79667
79669
82202
68517
74136
78982
72994
90137
81431
71667
79262
67298
86150
83656
67636
81502
79832
71168
65671
82931
97006
95171
68526
92589
71599
84525
65510
77608
84059
98129
76931
90545
78620
79486
75309
67496
79839
79553
74568
72488
86113
72362
97460
88043
79501
77139
75447
73831
83205
71839
79415
81469
83455
84160
83501
66004
74834
76028
86358
66881
78544
73136
87084
71275
97751
90005
84756
68716
88867
72770
90329
68666
76774
65522
90457
65670
66843
68744
83070
84196
78359
90576
91504
91181
83297
88840
80393
72225
76739
75167
73354
92241
95649
79164
67980
79421
84618
80130
80953
70841
80653
95763
82619
68757
91342
76626
88309
82044
72921
90734
67441
91677
70709
86556
68762
88713
76477
79267
91692
87516
91179
81310
69352
66080
78710
97789
83084
96622
69726
97614
92674
94038
68420
84283
88536
67970
86848
78931
81136
76693
90734
73997
80249
80473
83080
97801
69149
72218
76730
87962
93564
93261
83889
74370
77274
86134
70390
74748
74004
76872
68218
72448
75993
81677
66418
69314
88854
66632
70500
91772
84658
76185
81538
77421
84092
72674
90168
77345
77922
94120
66049
78836
71395
75964
70782
80338
92871
75034
81609
83776
89869
77585
79879
79008
78117
96932
89916
78768
73567
70193
66916
82261
74660
95824
73151
91287
83556
95486
84076
89836
73167
97275
92985
78265
85320
92784
85178
72982
71958
75221
91544
97234
90717
95762
89132
73910
73549
93412
89676
71950
74650
89219
85349
96358
85292
74114
94410
70034
92439
82934
74316
82161
91341
78810
76043
76786
73619
74930
79500
72150
94257
85103
80395
84408
78574
67987
97810
92619
95163
78997
83018
70628
67759
73863
86930
95032
78003
69366
76878
96102
68223
72466
87809
80056
96197
90126
65823
94629
82091
89802
89116
78235
68479
91824
94921
77052
97446
67036
92384
85607
70358
83071
88285
93496
70534
77701
82960
85330
72610
95861
84209
85020
75906
73881
70579
89801
77085
73056
81180
83421
67450
78848
68499
72172
92776
71263
84603
71077
69487
72500
76735
82192
83206
90985
92078
90644
77062
93893
69386
87612
81759
91079
82779
80315
91402
69333
84361
98221
81727
89238
76458
90015
93927
86940
87833
80978
94292
86342
98248
92092
89904
69092
72151
92240
79539
76829
82021
74623
90649
87950
92326
70015
78164
79540
72757
89675
67070
78860
77228
72683
85137
90744
72563
92661
71130
65765
70869
79444
91307
90411
87385
97096
66513
79412
84559
73390
96325
68961
79529
87682
91047
96041
84236
79522
92903
74500
88103
84948
95558
94855
80196
92171
87933
83920
91420
66534
81723
70436
89840
88442
94933
91095
70101
72785
80185
98412
71760
94898
97829
84478
74274
70691
67222
93919
93285
78125
84354
77950
98264
67679
82121
82062
76152
85142
83562
96612
90448
82043
86514
95649
70545
76620
76347
84754
98277
68320
89938
93396
74497
75493
73913
96444
89721
92525
82895
95221
86745
73897
69260
80619
73713
69107
72305
75880
98160
91666
91071
79869
93621
75450
88296
75684
87265
91475
97859
89251
93745
97019
96771
69556
85387
78286
72810
66658
84822
87909
79930
85942
82063
88220
89965
94739
84249
84633
88101
84063
98389
66826
89574
71779
93171
78253
66307
81013
67848
95510
83542
78420
77664
70829
78132
69971
81685
81398
70048
76730
85088
86805
74943
89961
81328
90257
83341
88510
69625
73816
95181
86713
79183
77315
83782
66398
82355
86108
74540
88923
88621
97309
81373
80363
72219
95227
86222
77306
90824
76259
66756
65930
84288
83332
93767
70741
71267
95245
77395
84404
68921
91448
68434
69055
93061
72071
71239
79286
88221
91597
77900
81824
79480
86001
66622
79153
67849
76015
84151
79345
92107
67615
89660
93339
77214
68538
73144
95171
88785
66202
92969
93628
89472
90945
90266
86969
78880
78877
75089
81970
73304
84235
83273
80010
86034
96793
72931
80366
88787
79760
77016
68992
82247
73522
92786
75701
92449
95936
90108
71419
89890
77759
78199
83360
74102
88188
88462
70383
91207
73294
78540
67484
66701
83227
73997
76130
72995
79901
94002
78314
94752
71654
79129
77039
75364
92578
88525
82336
94065
84893
67065
76613
80765
86789
72355
75046
97733
95984
98326
85416
70947
76960
90400
83130
98531
71942
75390
67951
88019
97158
83605
88812
79257
79354
81251
73861
70217
71161
82100
72995
79927
82777
66713
94697
85002
96242
74774
78871
72466
91301
66075
72238
74716
92062
79541
66645
68867
96213
89222
91131
97864
92635
86643
83646
69605
94675
83356
67723
82975
67262
71569
94471
81691
68349
95427
81966
78066
89616
77624
93754
75271
80804
78211
74439
78233
68557
73204
75572
75412
67728
93708
88140
86701
89252
75315
88870
94125
73593
94637
72009
81677
86650
80587
83988
66500
82832
70494
98142
85597
96487
98673
74585
85836
68084
66616
75196
74626
68023
91459
90657
85823
91709
76279
72107
88872
90474
80191
86509
83865
67317
67967
72455
84540
82868
92874
98578
68059
98842
82260
76991
85106
94206
82986
96058
84873
86429
70688
95573
74432
67043
81675
81378
68780
73702
66353
94048
90593
80308
91902
80091
69200
91214
96505
92685
94420
88308
84982
85705
88327
85923
66444
88474
71514
73437
66761
90535
86885
67752
73509
96217
72827
88281
82357
71488
92290
80018
69793
79027
95489
88842
93912
94647
81531
92044
86018
95907
98812
83139
91831
79873
97521
76084
66286
76598
89916
70924
79032
77414
74632
71964
67374
75666
82394
69410
92071
73475
94313
75594
68911
88300
91824
93940
95285
78411
87745
79032
82564
83216
69852
93607
75637
71553
66880
98260
68706
88797
71745
71188
76125
97599
97435
90369
86562
70342
67590
92485
69451
88563
79371
87829
88003
89938
85269
86779
97917
66653
88523
91097
75878
93597
95389
93739
89752
72722
66973
80012
69840
79317
96913
72060
72738
82428
74566
78432
76267
89022
75815
89034
97032
73944
85773
75515
95045
89902
98905
71846
96536
83382
85569
98551
97680
72850
84071
70868
82056
84092
71088
76899
75040
73063
98899
84684
76398
83043
90160
86848
89200
80066
73572
69434
86341
73849
87322
92676
67229
66505
74915
66942
78703
75806
81610
68635
90602
70199
93025
91180
91565
95111
86304
75873
98874
67291
94128
67980
87464
73790
98306
97705
88985
95257
77541
90140
72812
88479
91608
91961
89268
68712
71196
70409
90344
78172
80398
96587
72028
74451
98484
70330
84591
83963
87958
93582
66822
97145
83663
92485
66362
83283
86883
90019
81230
93197
89043
89848
84708
74002
74479
88481
91248
85078
97516
93905
71916
80698
86710
77970
68558
79536
94087
68358
85815
83103
85177
78067
77421
71817
85977
78206
97419
96107
77564
72503
80759
70372
94038
86102
77589
73626
78344
94276
78010
76506
82746
96862
87780
95102
73578
69109
83240
84500
90883
93081
79979
80956
88114
72599
74581
69458
71413
89536
93955
85581
93045
83564
78844
93927
95893
76991
98151
86527
81099
85547
96379
74555
71471
84790
96822
89073
80593
90494
95570
93512
84560
67322
77429
87450
75176
84610
76968
75037
93260
73106
93194
79299
91509
93003
75973
72286
82617
73914
87618
67848
94431
68189
71321
83138
92914
76515
83532
84571
82836
94004
94260
83092
88213
91057
81339
68481
91332
85693
79692
78642
91141
87164
92424
93587
97700
67546
81851
82833
92393
68816
78350
92542
98285
77795
68094
78519
95403
71405
90764
92292
89178
93983
77238
67647
66811
80967
87719
76985
84270
77135
87083
75481
87625
72198
81765
67974
71851
69156
82628
76999
82510
66952
95539
93225
73628
81347
95632
74850
77444
82138
88672
78899
76748
68936
84417
66707
68265
98115
85407
89097
68237
89920
79915
98650
89920
80313
76937
94564
73522
91182
73673
76874
93200
86890
91673
89553
67989
75527
73785
91402
87715
69172
73007
98098
89234
92598
66619
72150
92360
85805
88845
69690
91273
86425
80950
88060
89873
78620
86493
90357
97760
91138
92339
76896
83798
94974
77609
89918
97151
86710
95456
87033
94000
71810
97888
94023
73043
71793
82190
80977
90751
98958
72536
70677
71372
91489
89395
87048
96741
80312
79047
92160
75102
88999
86888
76626
96584
70861
89801
91447
79619
72665
98924
91253
81492
77133
79197
97851
73911
74114
67616
95308
98039
74732
69352
67167
91387
94112
80906
78534
71651
79123
81584
92751
68180
68901
80338
80744
92943
73054
92002
80006
98761
86391
97223
73159
85559
85532
89485
96726
73064
98544
66907
89615
67927
94674
72229
88547
71361
80223
73122
83326
91444
82103
81153
73640
75113
77444
72152
99049
84435
75065
73565
95729
75128
79512
79832
72502
93440
77943
95832
99295
85515
75459
67749
76257
69832
89797
66935
87400
96196
98212
92901
94584
86527
76844
90400
70612
95045
92621
71009
80927
67259
96487
82208
69185
94137
98885
78215
68620
77015
81383
90918
70176
94539
96004
67048
72715
92274
69967
97606
70581
87980
95098
78010
77820
70253
97016
82039
75419
95377
89352
94807
79184
87792
71919
92949
83518
78387
89988
67516
78736
91110
70642
93023
93791
84430
84410
70923
68821
75644
91127
70138
99219
68130
80358
73737
69201
73382
91301
87148
68548
77301
72251
72353
86213
78746
80345
73634
79535
82575
93536
97631
92425
76882
99362
80491
79461
73276
92909
94710
92295
76047
91462
79867
92106
91854
93170
69050
77248
78545
87227
96873
84761
75800
75632
72743
99526
88544
82990
83249
85086
96884
81630
96600
71616
91206
70655
90035
89082
80190
72358
97425
77673
68690
88002
83889
87842
84311
71333
94902
82833
85782
92864
95189
82016
94115
97966
75985
88986
84714
87157
75305
83985
79755
88840
67216
81661
77288
97552
85661
74981
92539
68843
80068
95683
78958
78325
97669
80995
69989
80647
93155
71948
79775
96830
91672
72546
70973
69118
71303
95115
84961
80694
94450
81553
88955
81125
87021
94727
94048
77021
89746
76528
98717
92615
85623
91100
84106
73319
96733
87636
74402
85537
80426
68472
95377
68284
88730
90087
77199
79719
89905
98015
91629
97529
79860
71846
84973
86909
78936
88104
86743
83182
84731
89057
88137
85311
67986
79357
78799
97182
82210
79806
91315
80122
82548
68639
86551
88003
81603
91575
86336
86257
73911
82911
91701
86599
94615
70423
94857
98777
73402
76966
83573
72396
78654
96641
84010
83805
88573
81006
75108
89124
80829
83817
82755
88218
69031
73799
90199
86234
91131
88217
72953
74916
72961
72915
89570
75687
96323
81582
81142
73472
77305
81610
97377
79870
72389
72088
77797
89128
86944
88951
69746
67201
79380
81949
77304
97802
84141
90425
95097
72073
98218
79958
78178
94345
80375
96259
74267
73122
68192
98353
72925
95738
73983
94684
92868
88588
92406
75246
94757
99240
77412
68448
76833
95547
90257
77986
71802
93777
83052
97341
74662
67928
76600
88247
78626
91815
98690
87990
85001
67775
84566
69737
67557
83408
88754
81188
84933
94847
92475
89162
95632
76262
83503
88176
95128
87772
85915
97215
96882
90743
95694
78490
85254
76752
91149
90497
84706
77062
74120
86582
80084
94598
81549
97310
96183
82313
90620
76777
73101
75486
84731
85622
74958
77545
72426
90864
75264
69100
97178
88126
85896
67461
95673
88474
69568
82040
68497
85631
75081
89519
93171
70089
68003
70783
86381
74776
92666
69677
90563
89461
74307
86193
74141
90680
93832
91833
86142
89896
83584
78065
82165
86245
71523
97922
98583
88707
86012
80600
91948
94072
94976
67241
87721
87224
74654
90675
86367
81182
90199
85189
76017
99598
90128
97664
91275
86361
83302
72031
77521
71008
72769
68213
90134
83069
87468
89206
96463
78494
79332
82553
73799
92211
92334
76284
97172
93515
77806
98089
94409
86009
90230
99928
76397
92669
74012
93908
93996
76192
73743
99042
74189
90592
78443
71935
97636
91597
70154
76394
90569
95027
77214
78562
83016
77945
81660
81329
71834
82377
72635
82921
83476
80242
95230
81902
97567
92042
95118
72244
98536
85207
96556
86858
80217
79088
88101
69400
74055
80799
88102
91493
91373
82314
91986
72604
83097
70674
78482
76751
69541
85116
71724
81148
84905
76366
75928
94351
89071
93436
76175
76073
81191
94404
85860
77472
76124
70359
73879
86855
79911
73913
79784
97903
85795
87786
87849
81965
95904
78534
99351
86622
91804
72618
72298
76521
90095
75608
69611
99140
75205
97693
88390
96570
76625
73521
75104
77035
84416
70622
90858
98324
70252
82916
82999
88720
69971
98461
79178
71711
70599
98397
96308
99175
83815
86428
88989
98872
83277
67927
81824
87828
89481
78003
89308
72687
79566
79332
98759
88627
71276
91213
80454
91143
91262
75752
71035
86737
82021
73705
97758
85753
80245
83102
87952
99569
98285
74906
88300
93042
74285
97554
86366
81672
76323
78215
86648
87760
77575
91813
94018
79488
77640
83052
99794
98729
83654
74637
83741
78905
70977
76311
94477
83012
92433
72530
93908
69892
98840
89835
86911
82718
98550
99154
90830
98854
87675
81761
72771
74598
83810
79678
97401
79323
88124
67714
92343
69505
79274
90523
96453
81873
93391
75887
70398
68487
67589
95297
69287
87464
91087
89817
86143
72132
86032
94431
71063
88952
86394
77193
90212
77624
71496
98678
80915
81995
96560
71897
84508
96279
70035
90329
85530
76447
83960
79928
76762
93258
90040
70451
68530
95462
89850
71338
71956
78828
90594
93825
69474
96774
77318
90950
67844
89038
72226
94996
83129
78297
73228
94647
87338
88564
73450
95248
93893
73133
84898
68283
83912
90646
73106
69616
81564
99525
86402
68775
80485
68127
93398
96512
96727
98519
74504
89057
83019
81585
77654
69089
78098
88716
95928
74597
96521
67487
99861
82440
99949
79363
82102
91457
79601
72817
86779
87616
99342
69454
81229
88856
99739
84196
68435
90403
98973
100083
68457
75426
99424
74088
72270
75685
73671
97900
87836
86571
92384
100256
86910
83337
83131
99495
70685
74000
68989
98022
95579
75242
81072
70279
84036
77893
69597
86212
80833
84916
88925
71522
91663
91857
98156
98683
98928
92712
78719
87425
79649
79440
72664
70784
96139
85339
89431
69283
87741
76657
74643
73978
89626
70327
85289
98426
80975
85621
78420
79430
90249
78201
80318
78125
87524
86966
77718
69747
95014
86833
70371
68564
78509
72734
85272
72902
83622
97349
100328
85247
81280
99755
71003
85559
84640
99439
73250
81711
100183
68594
68136
82418
81937
89914
87913
83802
74191
80025
86791
78807
89047
78985
92314
82284
68009
91099
97224
82682
96566
84241
98327
76993
74061
83208
82686
99876
89174
79578
72770
75948
80706
86786
96384
94288
99522
95681
94725
82164
79031
95425
93158
99631
69610
78841
90958
68177
73726
98768
92946
89509
76707
97925
99723
69363
98060
70350
86180
97353
71842
80319
79922
68347
69114
74222
74372
94697
81156
92629
84795
96512
73094
97143
82012
86532
83657
84807
79268
93836
97683
97861
74268
96078
89684
80746
89069
84124
96164
76870
75380
71727
92397
94440
91801
75812
88421
68350
94557
76612
88896
99389
75955
81544
69411
87043
88721
72668
72667
84027
71238
92708
85583
95618
93198
85629
95667
94855
84708
74437
86015
90808
94359
95581
72352
70683
73760
79405
72557
78969
70195
79081
79324
90562
87060
87187
90230
72109
67756
71746
69256
85151
81884
93473
90652
71630
88081
87482
80423
92838
73241
88693
94468
72556
73525
90971
89889
77601
90479
89888
95737
88233
95789
88929
100162
95020
72455
94762
68711
97213
89302
78011
98872
85561
94477
88972
77025
76146
80205
78734
88088
81549
75059
73908
92059
85929
91765
91570
84954
74178
76589
82181
77552
83412
86644
73523
93656
97603
85811
82516
78302
81274
77110
99025
81491
71378
93314
68972
83589
98998
75497
82560
90095
89350
78811
72330
91308
68792
81535
78825
88626
73669
98818
93666
77884
89667
73776
79079
93192
71886
83521
91161
70595
79405
70645
90123
93762
82995
96483
85705
92914
69602
97293
69913
83474
100567
74169
90368
81183
95202
91004
80264
92048
78068
93848
93121
100292
71742
72840
99590
92217
78487
88536
92801
71934
86302
94010
85490
74091
84001
90327
90027
96783
86334
88035
90591
90858
88264
84596
98589
92636
80493
87444
71192
79198
78101
97684
79017
92016
97804
84132
76823
77010
68452
92065
89237
85111
69013
90414
99852
84791
92263
94982
95259
96196
88850
73105
76637
94943
79779
69045
97258
100300
76193
88302
72992
92419
86001
81825
79523
75048
77303
92589
96930
92221
79870
86340
79196
89367
98010
86009
95715
82702
81611
98841
78880
68601
87461
95295
71704
71258
91182
85795
83565
88021
73416
95667
87592
68583
69968
84325
86965
80596
88645
100555
95535
77025
74029
97384
91103
73156
85044
91586
81663
83033
80151
91320
80835
98966
97600
83734
99994
86465
94515
95847
84401
81632
68392
96266
97464
68466
85241
78728
90602
83548
84287
95013
87111
94502
99256
86709
84772
99687
78061
69809
79590
93822
71953
95626
72459
84867
74283
83261
100714
68990
83320
93992
90811
83414
95242
94236
98393
80140
77494
72371
76615
68008
87341
80356
99441
69492
94313
82388
82485
77545
97355
99055
91938
83175
95362
70456
87552
96937
75950
90589
91920
71159
72645
76047
90773
72093
94902
78352
99474
84509
79437
73614
93654
92833
93271
78383
75318
83507
84998
80749
70682
88368
70039
78500
68923
77562
79153
73833
91306
83950
100625
87070
72213
72598
99044
71619
69190
68383
78964
87567
90348
88077
79751
91840
88990
95021
69892
95535
69149
79819
85848
79143
98265
91942
92184
88567
72375
96289
71912
99270
78610
69435
85915
71463
86272
78529
89500
78574
73430
69443
96908
79937
73966
90180
88620
71922
72359
86325
88446
90124
83118
92837
100135
75947
79996
90034
68376
96017
79136
85955
78189
75767
74047
86137
72853
92705
93785
87010
90804
95797
82253
81648
72261
96461
99360
82986
72196
90827
83194
87714
94219
70637
99953
84263
87099
70561
91402
93627
72157
85018
79357
84296
91273
97187
99129
77710
74823
86067
100520
88928
72949
90434
71348
87824
97513
97244
97802
84264
83671
95476
92318
96602
70388
95738
82927
74170
93019
96176
73868
90155
83888
89913
76503
89111
93188
94578
73993
95332
77561
69766
92790
100771
92967
96189
78867
80010
73662
92565
79413
71844
99436
99348
100251
86855
70785
77660
74159
75463
87377
88704
96777
76265
89049
96918
87349
91034
87462
98318
79542
68321
71923
79426
70218
99091
98322
82253
74352
92230
70669
77345
100392
81927
84620
84180
71674
74320
88825
77115
96313
93876
93923
83386
95369
90589
78240
76890
76447
73528
99127
74268
95304
99055
86653
69774
78509
86040
90749
84379
89813
69420
98077
96679
99179
78010
91391
98268
99266
84060
90278
73918
87062
95211
92378
83718
100117
82671
79949
83629
87197
78425
76414
87623
97736
69749
90078
78482
78374
89370
93490
73807
88649
96804
72248
82000
93063
81955
95117
92627
76027
84821
78798
98062
95693
70866
83965
94219
72883
76807
95015
90038
78008
74853
87364
73525
92989
68442
88415
95095
76605
96897
85751
88336
96725
72214
78500
80452
79875
75692
92670
84833
88494
87330
95930
98643
86502
70611
91414
87666
70766
73741
96632
86430
86135
90309
90449
99214
84143
94088
93000
93797
93306
89269
101013
68486
71295
99306
76202
91050
70759
99516
69657
93488
89057
78763
90034
74932
69866
71508
93419
70626
82251
83433
95878
80524
96611
79583
98413
69115
71206
89318
87521
98947
96358
72734
95955
86874
97618
94344
95378
97451
90172
88251
98727
72677
92575
88280
80125
76377
69472
76223
90182
83460
92756
92291
76185
97449
75011
88604
79968
85284
83883
71516
93553
86778
99720
79141
81531
86068
94035
81112
72868
100718
77577
100624
77424
75819
78061
88721
90341
71531
89552
80251
70637
69248
84624
95940
91643
81437
98527
90596
90865
86960
83269
100050
72258
83697
97896
100400
90195
75195
74124
92610
81704
86556
84054
89893
88636
91816
86997
94910
84400
79122
82115
71920
77992
70397
69895
99218
70387
92431
93823
84384
77290
79943
92925
79664
88218
100753
98703
88488
77605
97176
81156
72751
68965
90844
75691
100449
72915
77828
92254
98119
96679
69749
78015
97926
78657
97571
90306
83414
76744
76711
99180
94390
72465
71059
100570
88159
80066
100866
90500
86518
86455
97651
89795
72965
85156
68567
97425
71212
90620
90344
96400
98836
101138
96957
88655
99493
93311
96923
86216
71801
81859
96271
100653
72336
98351
100921
90852
81477
89858
97131
74960
97664
82642
88819
71634
88366
87597
90420
76431
97774
92545
88572
98932
73997
76857
100625
73208
76213
98601
81165
93217
96865
94764
99436
97610
93844
100107
80100
78115
90315
99233
87285
99833
85168
86333
83904
93496
90512
71496
80668
84270
71951
83752
98279
96273
75291
73571
70810
69700
86046
92680
96800
78294
69240
96843
84713
69964
96300
77167
84026
73632
89049
94953
86471
95113
70637
73666
97155
88061
92949
69949
79287
74740
75000
90810
80721
81776
98084
80602
80511
96698
81480
95204
93053
70894
72613
74599
100780
76473
75455
83233
90851
85602
94040
68896
94473
69639
101278
75047
78308
83242
85668
88403
78124
80492
82703
96254
96484
78487
81426
92388
89066
87778
73372
81796
85708
97393
68815
85194
82653
90908
85429
95210
79752
86385
98094
83599
95717
78332
86061
76853
76426
71110
100644
71891
86436
81947
96445
71358
76102
73616
71883
75722
73216
88133
98176
82354
91572
82792
94432
92602
81061
100346
74869
78738
96465
78038
70469
75646
92033
91119
90625
86964
76062
73433
80767
68869
98118
72843
77674
74432
82207
84067
92473
100820
92651
90730
86877
82740
95709
80090
96959
98688
98603
72413
83561
86497
89445
92312
87939
85045
69893
91240
75138
69228
95559
76139
76444
100145
91707
92995
78975
86989
80152
90902
77122
79177
93395
69081
94364
90323
84208
73679
98644
77668
89753
86348
78584
94367
73709
92351
72658
91387
98714
75247
90904
74532
88750
94853
81763
93343
95914
97227
80226
79277
69080
72115
100048
91251
71647
75547
70051
101207
76949
77647
98183
74413
91924
70864
85386
99731
98064
70996
87065
79385
101480
85773
83755
76966
76026
76590
100028
79511
91324
86444
86909
75816
81929
100929
80842
91544
73784
77495
87260
100232
94835
70243
70720
73381
94406
99056
89479
88710
81271
83550
71744
71639
84118
80457
90659
72120
78804
96367
78223
94816
75929
74861
97335
89862
87120
83657
79384
72449
98054
88373
81070
93742
94259
92178
98919
96914
71127
93492
69208
68928
74185
83941
74798
95869
69964
95788
75880
77091
86756
95055
70852
82243
97896
90006
69879
90638
86871
87378
99233
97014
94575
69406
77696
76816
98172
82789
78052
74173
78959
88356
94051
69513
95919
88561
88013
86611
99764
83261
94819
97711
90577
75990
76099
88200
91729
74415
86823
101642
84422
77796
87631
69566
96414
93433
96188
98807
97783
76643
76447
70510
93877
98377
95249
75561
101073
77963
79620
81825
100595
73220
97402
95779
81988
72204
101365
98679
74877
82241
92206
69568
84037
83080
99337
96163
88505
82766
82889
99499
85324
72468
73344
90860
76497
86058
95178
93671
78038
95162
92603
91822
82484
76553
91926
87369
86500
80890
97728
72023
82196
82644
88436
93688
91002
95556
100023
91371
73193
71334
75279
72948
86818
98688
89968
79745
70380
92751
76279
86412
81767
81799
80859
99267
72861
84693
79520
77287
97882
96167
91021
70002
100414
90862
70753
98172
78864
71714
97346
73183
70229
73607
70902
100250
96545
82352
91221
85107
70958
74817
79358
70625
69931
74745
73034
91944
83798
69615
86910
91846
78157
76315
83525
93966
100897
69913
92765
94227
87725
96042
75408
97479
84006
84604
92902
87396
77043
78507
83993
94475
91070
100231
72521
84651
99531
75032
74225
95525
79240
82143
100890
80558
88678
74847
86734
84852
72424
94428
69840
81796
93177
86115
93066
94187
70787
79882
91719
92955
90173
73593
84386
100497
95429
86441
82238
90037
97518
80620
98744
75266
73307
88110
101082
79974
93517
76666
88594
87020
86713
88512
74018
82328
71838
87509
87320
96658
69781
81083
76161
98696
100522
83747
84954
100941
98922
95280
95047
69830
90173
86398
71816
99846
97526
99427
92712
82616
90537
96372
86263
84413
101820
87883
71867
73239
99649
77192
69923
77830
72067
90390
80636
75120
73695
89264
87463
98694
101078
70819
90315
94117
72032
84181
91719
79226
69762
75782
73835
69738
78626
79958
86119
98865
93211
76039
88323
86217
89741
94597
94609
81293
86134
90531
99616
79774
74631
100136
70131
101766
86064
101514
73010
90651
71422
95481
69342
92326
89126
88479
100874
76869
90466
101415
70985
91790
86523
82556
75619
76149
87335
77779
93260
90224
72342
77547
87638
93401
70984
90515
85925
90515
88225
92526
73699
74224
84927
73203
88630
92114
75531
91063
92015
95505
94222
100591
98437
95261
92039
84784
77121
84965
73146
92794
72506
92919
73994
93557
90372
85480
96970
97018
98725
83190
93777
93397
83016
81132
77388
98250
78902
69446
97369
83158
89345
73110
91857
79798
71426
80934
71908
73390
96262
77791
94444
71555
80965
82793
86267
95689
80788
79764
89526
87653
81627
70391
73575
101450
84424
70871
80205
84614
76997
85834
76599
77698
95016
76955
86353
71045
98730
91121
71229
85115
96539
74028
101221
73973
78164
91152
88976
87152
90220
88741
84916
92890
82479
80605
81419
94546
86987
89976
93033
74288
96205
76837
83661
100933
71244
97514
81718
70500
101732
74949
86968
71712
99815
81812
77262
91352
98382
88882
79346
84465
77302
80867
87659
74595
92809
81906
90215
96631
92601
75416
83785
73423
93493
81440
75332
94118
71381
81225
82985
71257
76568
84972
100733
96550
88017
98014
72911
79156
86813
84760
72008
84692
91800
78869
70532
89863
80593
80252
90272
79424
95995
83967
86933
85099
100581
78211
91332
77357
76076
94337
96210
96110
94127
80556
78773
72469
101443
75476
73999
88082
96168
92682
99003
98210
78012
94213
72870
94414
88559
86724
89313
93493
84727
95605
72436
76556
92869
83606
90484
84067
91575
93530
95704
99242
70671
91726
70280
89459
74916
86844
100151
100218
90071
98895
78707
83170
71369
94329
69498
73665
70347
84754
79696
71647
71958
79042
76814
77499
87741
86432
81789
95439
84191
89755
89571
97301
95521
88090
76317
86986
99931
95199
73710
94578
74130
94769
77975
76572
100135
100922
101800
75495
87117
95662
71189
91077
96448
90029
72076
81791
79029
80619
91654
73210
78604
82702
86941
71096
70605
77143
82589
83361
96978
85125
81885
79876
95937
76790
82768
95961
87102
91664
81111
79177
78174
80351
90969
78448
91486
74751
96790
80225
69781
97981
98360
90730
92327
93561
97963
96666
70908
71503
92207
77441
77680
95478
81836
94519
81228
79335
96453
73888
78966
98498
83631
93677
90340
70382
85316
72038
81494
99200
92243
93287
72261
77151
97595
70825
70166
99493
101048
83139
82324
88904
92924
81393
79261
88313
97282
75539
96027
76364
74271
87289
82487
76570
88282
92125
81353
69668
83453
90673
83730
87032
99052
72860
75181
92953
69686
80703
80835
99162
75626
100412
99967
86667
89900
87929
99009
79959
87431
87969
84503
79725
87173
95340
97257
100830
75005
77345
83699
87238
99245
100953
75512
81711
93320
98821
76469
94258
77905
69810
87573
79967
100457
84236
95395
92768
72934
70305
94276
75480
78052
95464
98342
73617
92448
70530
82932
71127
90307
81855
73548
71711
98427
82788
92530
82669
84944
84140
83270
100596
71862
99212
79219
83582
91486
98363
82154
74766
82002
80626
80783
101444
95937
91377
100145
80130
97559
96962
90304
72653
83409
102337
101818
75126
96912
94940
97767
78073
84844
69784
79174
71077
84106
79444
70215
74877
96753
72402
83002
70879
76185
86003
99848
74851
70597
98754
94497
93702
94611
75444
97461
81032
70098
99631
97575
89106
95251
78408
79807
77596
72195
93649
89759
101006
99064
98195
100600
72997
99785
96728
97149
91673
97507
99629
87320
98045
96409
72037
95196
81126
93116
83937
75324
93391
99948
97039
97402
77628
78637
85809
85602
79646
92734
92256
84279
94199
85798
92624
72174
85822
85135
94805
100250
87301
74327
82470
70184
98265
72165
93666
92492
79850
87225
82640
85947
95596
92487
82027
81563
75324
82438
84766
89399
71367
94916
97356
73976
90664
96316
78739
76177
77200
71146
85330
77177
78571
83486
74344
101022
89792
94288
79167
85848
99673
88499
77834
85915
95013
99340
71754
72306
89178
93893
88983
91048
94174
93757
72093
79304
69992
101731
85861
98377
98019
77187
83926
87554
91411
88160
95611
94180
75642
96386
72070
83943
89981
93137
89109
90181
87747
74851
80309
101095
98526
84883
92708
83228
79917
72531
74844
97169
82432
90563
91084
84606
89598
90882
70377
101917
91332
101699
81637
87904
80335
78628
80062
71907
70812
81980
83835
73760
91405
72691
85939
77538
87823
77463
70734
84220
80250
81068
95375
100922
85049
101507
84819
71832
80298
100878
86931
100018
81735
89330
79408
80508
84359
74974
74992
76851
100095
86043
75459
70035
79565
82021
96588
84299
79414
78330
76700
72366
70030
71920
87617
73131
72792
92363
70783
89855
87215
96847
74461
70825
71141
99219
83684
95902
89705
87639
91171
102335
77038
88215
90742
72456
80073
93025
84360
82186
100763
78819
79255
84379
78385
96968
100727
71116
78504
71109
98778
95771
83413
102254
101838
78058
73188
98639
102535
85296
87102
87096
94303
95599
102577
88792
71451
100070
76747
96909
83824
73991
86150
87675
93126
84267
90411
78044
82491
95877
74608
95894
100843
72276
96227
76051
71023
96349
73868
72269
91811
91033
88782
77608
79788
78635
86159
72709
70970
99220
74905
85908
93707
71722
73279
98281
80817
94407
79939
101843
75924
92094
71415
78441
87866
93203
76195
76517
77510
76779
97063
87734
86207
82753
95713
97232
72723
82651
73425
75079
90460
74620
101371
86044
76897
96604
72205
88663
83680
97237
75074
92245
88203
79199
84358
78948
84048
94142
93659
97421
82653
77946
73467
98993
100964
88464
97599
86744
95131
82535
82367
82885
78856
89349
73403
91598
91515
80771
98106
87018
90844
100798
92656
72460
90662
85840
101221
76719
94132
101823
76628
100786
77500
102131
102737
77415
99097
96238
72879
86247
100429
95159
70561
100520
96710
101015
93599
97873
94304
96648
72972
73420
71980
73195
72725
99485
84336
84345
82140
101235
70638
70268
72918
82429
82793
95295
93041
77311
89702
86979
87035
71333
71728
81075
99007
84247
86814
92826
89457
101197
71704
94804
87756
78117
75608
73667
75129
100275
99950
89027
90675
101080
77703
77407
86313
71958
83438
78149
88739
72098
95187
99959
95977
84155
87372
75588
102753
73275
70809
73591
75511
98924
72620
100558
74689
83228
98025
88749
82915
101108
99626
90644
97201
75013
94470
95695
76564
100004
94035
80620
73775
85368
85737
101746
77122
102353
91561
90448
87502
91451
83646
77716
87802
89428
77347
82909
102197
88282
83301
97811
100637
96520
75179
89173
77215
71971
80627
90419
90464
99920
93342
76318
102748
92584
77615
84508
94926
71822
90960
81089
96847
81728
75286
99674
85569
72109
95877
85611
79982
77447
87127
73052
88813
82072
80889
93807
76870
92761
74711
85237
98005
71617
89817
80834
71540
86619
100397
98782
71508
70555
89160
77693
81196
102770
74535
94001
82326
80160
102363
96095
86709
85066
80196
77808
95004
87116
102429
90184
81899
90064
95800
96636
90683
81568
88843
86207
77757
77752
98668
89630
81565
79264
86681
86894
94381
99576
90747
73602
80319
82260
100652
78241
75090
97355
79286
102710
89970
76491
89630
73162
83161
99503
77985
101168
81498
98964
92733
93695
93056
93672
95859
93254
90226
79683
80972
91770
97049
100091
81050
76979
70533
80883
91520
70680
101261
85171
81716
98456
98742
81598
87556
79580
76631
75807
99735
100985
72186
94022
100726
81001
94212
81170
95946
73148
84121
87343
99176
84619
87738
84130
81418
102702
98224
79522
72671
88494
95406
102314
98119
74109
102322
102092
72663
89957
96172
89416
88996
91071
85986
70749
76222
100581
95891
102751
83450
83946
71386
86026
99829
99720
102870
81686
75605
76633
99080
82699
71506
90442
91132
88919
86902
97102
70444
73118
83872
94031
82465
97105
85327
92010
102107
99714
77853
83035
85107
74487
88970
74806
81663
93309
71163
82265
85686
74622
93443
81310
95829
95958
79584
77269
94401
100835
85321
96625
92653
94683
91495
90753
79614
73059
76065
84450
88493
88669
95644
99251
86765
93697
90882
86026
100558
95023
96643
84965
82850
94979
79770
93796
99934
93099
85394
91701
83523
80245
78408
93007
83389
71212
95538
88291
71307
74405
94624
74639
100128
77461
83778
98262
98121
78501
80875
85197
102417
78025
92820
71446
80610
93901
91044
83986
78828
81713
74351
87379
74698
85046
97276
99408
76899
71993
92939
71261
79119
77376
89430
94426
82428
74195
91672
71082
88783
95501
96716
98279
83086
95730
71479
80083
103101
72707
98728
80146
86983
103184
94335
92695
89248
92238
88044
89053
96169
101801
77561
99031
96980
75611
87755
102953
100616
87998
100132
83480
99015
97630
91181
78527
92686
71507
74099
92932
81276
82894
87599
70603
102071
101617
91850
79722
88076
96228
75680
93532
87381
100901
72965
76345
91168
80159
97413
84965
77581
96255
86896
79368
75896
88003
95895
103103
71768
93587
73552
101266
82279
95061
88512
102053
90500
87676
75865
95282
102741
76064
98465
71734
83760
76116
99637
81003
98620
86708
73998
83575
88787
77373
92164
77411
102699
87138
90256
78158
80694
87387
72406
72803
80070
97217
80099
82952
72949
73048
85043
97112
71620
93740
76918
73684
74498
100831
76691
101717
95856
75585
84718
101958
100130
76321
87527
72719
71208
100195
99747
99284
103022
77651
102926
82784
86497
94777
87072
78428
91603
103214
89440
84933
102049
97581
75943
76701
103059
85613
84007
70880
97283
77294
79019
103353
99010
73554
74272
102390
74935
84207
97621
91066
78281
90146
95999
84593
85760
77798
81920
80905
79078
93605
88809
100448
77108
86094
75453
83704
103338
73127
100088
93938
89663
74213
85199
76602
94330
83322
83386
81663
81440
79150
103216
101990
98575
86129
77745
73599
99946
86511
83210
75640
87798
91750
79829
96272
81604
75188
101439
90447
96273
74293
100366
88948
97642
98891
79330
101680
83732
88126
77242
98833
96170
76871
83643
75073
80904
93415
71213
87152
90728
80253
90055
73487
93387
80664
88876
99775
74395
98186
94901
85513
91534
101054
89969
81487
85453
102987
83562
87554
86358
71496
80682
87574
96926
86627
84862
77235
94843
75309
96378
73518
90434
101304
82109
78135
92972
77156
73719
82004
84991
74742
75688
83086
87530
100842
70954
73577
87984
88331
100593
99866
77321
83520
82706
89077
99397
102313
100610
102693
100402
94442
71840
88479
70976
78279
85110
86105
72419
99058
87356
88758
82489
72992
76958
90181
71405
87650
75072
76460
79707
74163
80894
98783
86004
77005
102008
88214
91620
102466
72398
72957
79091
83399
76968
98733
74921
88275
72570
86747
71862
99689
81414
76751
73873
80177
79650
73880
84574
76494
98235
77823
72981
97132
86554
102841
97761
71320
88678
79073
99526
83029
86122
98981
99463
74092
89753
80191
84423
94723
96847
95015
87406
98929
102746
77446
71246
100945
78009
92398
91655
83413
100515
74569
85287
80222
94668
90640
86678
86857
88035
97726
88626
90123
77151
87939
87734
99456
85115
83516
86752
78464
92543
85923
71123
84916
96834
98755
91834
91815
79597
98480
78766
92704
71681
72820
73690
94896
95644
99148
81116
79495
76792
91157
95087
88971
92468
70913
89927
95148
100439
103054
74301
103281
73106
92857
94892
79575
71621
92270
92443
92252
72517
103236
86300
89687
96733
87911
98675
98954
93202
92629
98171
71674
94123
81102
94662
94975
94065
71813
75268
96151
71732
76828
77350
86527
98062
76495
88259
73093
97516
84336
100538
93592
90953
77843
77849
93473
93757
78858
94781
100374
71607
93716
78139
86859
77830
98513
100991
75404
90015
74617
100019
72938
95770
83150
98531
94034
76413
88655
100574
89444
78013
77743
83167
71809
84098
84613
71276
91430
76075
79429
99967
91769
93970
85103
81124
84002
93713
85254
100066
80476
101701
88900
78109
95308
102417
78476
80059
77969
94310
75680
71622
88092
77378
84500
78033
85826
79991
80387
73183
71951
86702
99840
91776
83166
72875
75087
90429
88614
73427
90710
82998
79511
98283
84302
76042
103014
84002
94014
100343
73445
87378
75050
93763
95062
91267
93063
95194
80897
87217
80371
78904
89988
100047
93987
85641
101995
98059
97565
78095
94464
76628
75175
78789
92004
95001
88831
83522
102367
95316
71884
79071
100213
102856
84309
84252
71866
79494
101105
84288
85223
94902
92606
72512
103212
87444
90518
102114
94792
75961
80959
103202
96344
94364
73698
88789
89324
87640
90559
78988
100704
89776
94494
72123
97130
102992
93833
80155
79343
97109
82744
98380
78875
72720
85197
92351
103088
82695
94530
101331
91038
90173
77599
82494
90069
81844
97776
86703
93015
85295
103158
95154
73617
83260
89629
74963
85995
96114
86830
74502
81054
97784
86854
97350
92101
101959
84615
99965
82104
83760
87565
81316
72085
73760
99875
85291
72479
89507
102583
84123
76492
77607
100364
87930
96025
88579
92591
88175
73249
103863
72108
81830
74350
97653
73217
78966
74255
80609
77395
78401
99306
85526
93152
77980
102228
71401
87477
71344
74207
99185
85281
97760
96115
100295
81513
100269
80033
82698
82365
84694
82739
95654
84075
72643
90376
77014
76371
78883
90399
83816
75675
97749
83697
79809
78500
99588
99332
75552
71228
87447
94141
89639
85013
83912
94582
71319
71541
98322
102608
72283
79920
75345
90186
86984
84436
71717
95763
78627
74531
72343
91933
101731
84422
85759
96371
88121
85567
93989
96972
91982
74784
103590
99424
102092
84602
102297
97530
85791
88217
102515
77903
93693
82670
76072
88718
73891
93261
92563
90936
76642
87897
72472
80434
72283
101436
89992
101145
96135
99995
79684
80597
74234
81864
78502
90993
76392
76090
86684
82473
88296
76603
89238
84933
81912
97249
75171
88870
98497
90687
71894
77343
74909
80348
97519
74886
77783
84581
81207
95626
86450
83870
80300
85830
87468
101790
90718
103575
80387
93500
74265
77099
102265
72901
89156
72667
99924
73968
98825
85819
85162
82451
98999
90223
74203
90518
72548
78912
82783
82856
84438
78447
71362
74034
91812
100168
79084
103945
76440
74619
80550
81768
74584
93736
98906
73373
88901
89401
76570
103426
80036
92148
102628
99887
88060
100304
72229
100718
91582
80776
97915
72560
80683
82031
92863
83774
82547
95747
75331
83313
91674
73668
73048
93350
102304
96583
95508
99885
96609
86150
101458
88833
87994
72314
101881
101629
73069
79340
96386
102476
89927
86152
81588
88354
72448
74291
91570
102825
91490
94878
83000
93247
82861
72987
83746
91614
78907
100016
89902
101595
76384
80490
97282
73684
98708
73716
79985
71908
76756
98408
72698
96536
73541
85349
103825
92199
83739
89698
103331
97373
97209
71746
89428
81625
83481
78632
102667
81912
94831
103052
93232
86033
79369
91023
81972
77923
93306
95627
80082
86091
77815
98543
87957
92859
86273
86090
84123
71655
94533
98213
95384
75585
83392
83478
95261
87464
82982
97682
83995
78812
81797
89347
97187
86326
79909
71834
103151
97942
90804
89191
93094
81308
76447
87335
94812
77851
78787
80733
86360
72650
73541
103588
97435
87613
71614
73539
81694
77076
92316
72706
77146
73331
74949
92732
73997
95666
73853
76342
74300
73813
82569
88495
90484
85822
94356
73400
75606
79905
72403
79046
89427
101177
76517
77830
103347
94521
88573
101104
75996
75142
78402
78367
95697
98467
81782
98912
74745
100076
78550
93449
102434
85896
97858
79500
89797
87961
76446
99147
75147
103861
93560
75438
85521
90522
82411
92275
103912
99357
100547
78918
85985
99172
95201
92050
84615
98133
82146
78230
98284
78414
100091
80315
94889
92695
72743
98341
89120
101653
87429
76936
102404
98240
75515
81725
80156
97879
91680
88213
86851
81618
78937
100973
100020
93976
87106
92162
84100
90994
93775
83975
91248
100671
100531
93429
87001
94698
79488
100259
99853
100890
82448
83990
97736
86312
87717
94362
92155
74966
93516
73489
102347
95550
98567
82060
87005
95496
85546
90904
98513
72160
73990
88539
79116
98599
96197
91999
78267
101609
97173
90669
81172
85264
103689
100254
96735
100567
73659
94446
88118
97409
98615
89746
99209
73546
75540
85451
94693
99742
77924
101500
96373
78729
83535
81721
100681
95087
92154
101792
97878
99581
77230
92396
103870
79967
83766
73927
99154
84403
80264
80480
80725
102590
73640
81342
88707
88286
94922
93524
85842
95552
73143
72661
75896
91475
89969
103497
76973
73085
82202
84065
73650
83980
74514
80135
88210
103023
75104
85306
101672
88742
94035
101145
95969
86263
72296
91965
79044
90595
83055
73292
102063
97368
101610
85195
97763
100392
98742
80180
73410
73914
81645
99401
94168
92160
83466
78759
98841
99752
86094
84638
97897
75415
73827
91456
74850
102547
104256
100792
75345
73279
102476
74718
99969
79693
84166
89864
88509
71919
87652
86562
103184
98958
94522
78337
81103
72383
103646
97780
82649
73843
81098
88732
78366
81005
81921
102142
102750
100090
102390
88023
79667
103900
89769
99631
82258
75399
94227
103985
102670
80016
72388
83770
94494
76898
80843
83504
84127
80435
74198
98581
98141
87350
78746
82652
96078
85778
87413
103035
81759
85908
86610
100417
90995
95392
84942
101738
97705
77422
95641
80369
93406
76787
73758
83109
87156
93084
87654
80255
84305
83010
103225
92723
86058
96859
86407
85253
102657
79213
97287
81374
91116
92617
98334
87455
72473
100981
100354
84917
77327
104298
73759
103918
76342
89087
84922
80522
101530
94630
85204
100502
92396
88790
74577
76405
98762
84552
100185
83648
79423
92774
90879
74576
92302
80129
102176
97944
82475
84802
87950
103224
96523
101859
100974
96720
96797
87454
104159
89362
72985
87014
98013
78876
83320
82902
73828
96004
103619
90983
72152
98740
102929
101605
85412
71928
92876
99492
84258
83413
78003
85743
103099
97053
80165
74305
74575
80192
98716
84408
102102
74853
81272
101318
73800
82105
94462
92458
93371
84231
81312
83998
74187
86922
82814
90066
103231
80127
80942
96282
84970
94717
78520
86371
75214
89737
97509
84204
77192
76774
88506
101683
87272
85162
88383
95917
80095
79639
94597
88249
97950
89511
91366
89815
101372
103913
89487
84501
73496
90508
90684
74443
100672
85433
100419
78472
102674
89255
100052
88652
81889
77161
102271
104696
73307
87562
102390
87554
74856
74715
82197
83053
90197
79372
75551
94713
71985
75386
91979
87703
94327
79048
104063
96287
83694
75697
91483
95813
92366
88220
85369
103114
83236
73073
74739
100847
78967
99500
79142
85807
103084
104368
85430
98861
77863
104285
87251
77804
89651
91876
89018
78910
72356
104666
83582
85887
73403
86668
94728
83074
87369
96659
97116
103116
97303
90024
101407
73984
95366
90297
86102
93083
100211
75580
96625
101345
73821
101059
94856
76568
82890
81104
76260
79347
83174
79851
103361
91217
97902
74995
84562
92456
103116
76466
93958
89787
96132
89011
78090
82708
85966
79448
72975
104622
88708
92967
72269
98162
96063
89445
80072
88548
100030
102886
79058
86687
76423
98339
86993
87551
75728
96653
97858
87069
94623
72481
80638
89856
73265
97597
94140
96529
84889
103858
101080
75728
79785
98330
96851
73414
102165
73836
103450
104122
79830
86989
86923
75048
72397
74665
102453
75759
77993
77571
102879
104778
87562
81417
75212
90113
76518
78828
104766
94177
98605
86766
81209
85609
73384
100029
87945
85958
87591
76031
75015
73730
80859
95278
86295
93304
96513
104614
99957
82315
99008
75772
97586
94359
79957
84626
76281
102952
76909
95080
94871
96362
73170
99893
101306
75233
90954
74679
91129
72794
85693
102471
81941
104482
84885
92336
93311
101237
81002
104769
75802
93753
89055
84769
76865
79341
74951
80867
95756
100828
99725
78682
79055
100246
90834
101295
98788
76704
77143
98224
83371
78443
102174
78699
93646
99715
95180
76540
88266
100617
94290
74659
72363
89443
85452
99098
98070
92466
80809
86309
93325
81796
93453
94058
101615
79436
75123
99203
89918
82191
96407
83794
104101
91103
82323
78740
92858
86669
103752
80057
81152
102427
78847
96756
79792
74352
81488
81550
84409
77391
78148
101759
74757
102282
93622
75583
72702
82291
85759
86490
104273
76692
103634
76611
91377
75424
74852
95722
75616
85417
91344
103312
78890
94098
80571
74330
101554
79048
91955
94245
87088
85293
85469
79898
91899
80469
91728
89730
96004
100853
89276
73435
86435
103576
75215
90155
78487
103572
100825
74644
84040
76093
92974
82217
85326
105048
84940
91904
88887
94163
87613
102024
88709
78259
93631
89117
78839
91213
100771
72922
75530
103609
90099
87727
92606
100740
74583
73395
95645
93093
88121
76219
75258
97202
99624
84779
101239
75604
82554
87564
104650
103161
93494
103519
101568
93128
98609
84145
81281
103898
89718
93680
76055
101031
97771
76157
93994
97214
88370
74626
104461
101818
100814
80262
85247
81777
91015
81727
91562
86382
101903
82343
93936
82338
90597
98386
102119
77654
101498
102654
92706
80740
81811
90476
93747
80039
94190
101230
75117
82096
91944
77634
96239
98490
77022
83998
97758
86752
101139
77580
83697
96142
78289
81912
80691
99126
81427
87303
96516
87108
75747
101419
87137
75091
89024
101109
88934
102305
99138
79018
99345
102848
82177
99992
91977
93839
91058
102058
77087
96361
87187
77883
101971
72860
83210
76584
102170
82717
89992
104745
87838
87674
98228
87393
84679
100367
79302
98867
84409
74877
104752
74072
79518
101464
77444
94766
76837
75040
91282
100947
99146
87667
93392
89203
102105
92032
94976
74078
77869
86207
96268
87902
76094
87520
87093
84935
85979
97281
74860
90831
99891
77859
75520
102816
72858
78303
84858
81580
98442
104021
96710
97345
89320
96102
87187
86365
102281
74531
97019
99523
104437
89988
101735
73294
90987
104030
96685
103046
104997
97679
86652
85105
86492
102267
79354
100780
84367
92093
100267
81081
103041
88086
98709
92571
84609
84393
90274
77984
84845
81515
77893
97151
95225
100053
96608
98466
93613
98268
88166
102597
103469
93474
81597
90816
90557
82798
90982
86433
99588
96090
75487
82174
99344
74827
93768
72586
102555
73638
80326
73701
94605
85057
96805
94137
75202
82456
92609
103682
74764
73282
93350
94637
89212
102179
80886
85349
89821
94434
90251
95658
84610
101917
82142
74787
92994
88284
83495
73525
75712
77764
89286
84180
74992
99214
87010
102297
82646
94391
90192
95765
87697
74104
83638
74854
83353
101368
94448
79879
91717
90305
94898
83437
84368
81264
82287
82639
86556
96177
74618
83397
81015
103531
105068
88340
97438
81720
85189
85320
103615
87576
78550
82564
84291
89446
101086
89111
87564
94219
88179
86607
100603
98289
95011
87698
91574
96955
92252
97706
79528
75443
78985
74849
77641
84995
104318
98894
99231
97833
100374
89838
104709
104869
101146
72951
78891
84468
94565
102376
84062
76738
82246
85989
85001
89948
85798
98242
79484
73572
84331
80222
101101
77768
80796
103474
103612
80116
85189
96809
80124
90951
81181
81586
98606
83652
91878
76820
82767
99083
83605
97027
101142
103303
85555
92272
75895
78824
100355
89509
100203
92372
85093
89744
79091
98521
102138
78431
79194
74151
100105
96846
102331
79228
79649
76477
78532
85215
104448
105094
104121
84113
92852
72845
82108
90049
95744
87961
101195
87679
78593
86114
88074
96371
77073
88555
102083
76751
104684
90129
101803
77954
91922
82020
93927
90031
87404
75063
83790
98141
82993
104179
82545
97904
86539
79793
81880
77016
99190
89351
87439
82952
96617
97313
89058
86953
97081
105492
91748
91792
87994
82544
85558
95214
90535
101908
78213
94407
101188
95303
101461
103846
91457
87044
85629
76942
99554
86932
103155
97075
103773
80995
89162
73066
104580
84236
96889
91103
105123
104886
97758
101126
89516
82595
88963
89684
81809
76038
75423
105390
90098
74261
99168
76578
84216
100448
79591
98005
73601
80737
96405
77628
73341
81236
92293
75663
90519
90953
85849
95867
82713
84855
101178
104216
86281
101843
85530
83482
73112
88801
102716
79691
93886
97482
90615
81721
102686
93872
93111
83243
86575
97854
90948
102746
91549
76675
79687
84830
80365
80640
76298
81127
98401
77311
79999
76973
93211
103719
94852
91562
93316
94542
75877
81542
91887
104078
102818
79187
78714
83355
86259
95098
90421
94035
96650
85493
99719
87703
96664
103871
105165
99418
101906
85129
78403
82423
74677
102831
97576
101832
84296
88938
94493
81396
104225
86087
101327
83336
77802
87256
96725
85962
81573
74153
74972
75210
103918
95605
93441
102969
87168
79770
102782
79742
78587
73419
101513
101383
89829
77829
91769
94429
100078
76228
82987
104060
97400
77686
79012
74721
101974
84272
98807
87012
98516
101280
100713
97480
83704
97347
89812
79377
90376
99799
81737
102549
99404
102676
104185
103638
94229
103831
73302
97167
103423
79647
86645
87181
93042
82683
85175
102336
78447
74179
81320
105618
87945
102727
102183
103287
85809
80581
94664
73158
76855
96607
88438
102343
74126
91339
77149
92429
86352
95309
77575
77574
101633
85474
89284
87504
92952
103870
86864
76622
87483
86521
94896
96380
95947
79494
84573
85247
75040
93540
102564
76033
79638
77592
76109
96571
89672
81754
98171
104787
94363
74255
79571
86121
82559
105591
96224
97261
95857
87720
89014
89267
91588
78139
80598
80457
100002
74565
90962
86152
95054
78985
96818
80745
95915
92139
101397
87322
82434
76328
102684
80465
77824
104645
92163
92385
80126
79173
101521
76939
97414
88223
101683
85526
99346
97007
99300
80033
74518
74604
104015
100665
104513
103578
82232
81063
87040
100545
95000
94091
100421
103069
80391
91311
91526
95831
100575
83349
76040
102068
87967
86354
90205
103053
74509
93599
99884
85631
102304
85550
89136
75491
78748
75322
75395
95744
85119
104546
76829
105088
91036
88247
73879
84513
75270
79124
88885
97453
95151
96174
98084
99116
92625
88043
96512
73560
93325
93560
95642
77649
95187
88470
79351
82322
73601
105140
91292
75044
87759
81475
86024
84497
95978
91334
77443
99868
87263
85032
85782
102831
104123
87123
89051
86293
75760
78334
102775
81385
85243
82886
102372
99535
105028
81281
75892
76642
86598
105935
85266
86637
93935
74225
99531
92253
88650
76767
100750
90102
105051
85652
95024
81734
95307
95405
103347
105175
84677
87346
92360
86313
80799
76468
83602
105055
82109
90264
73645
81977
88114
76466
101999
102978
96169
80662
99182
92747
85764
100906
81218
87319
73282
91392
93580
78680
74406
79331
77623
91866
89877
80688
78333
90111
82881
73832
81709
73579
96516
77186
97196
98304
86414
98438
101178
89357
75715
99671
96503
92354
76383
73680
100646
83688
89180
80915
88112
81871
85013
80158
92908
73607
83371
90528
103453
103762
99496
91914
86845
75610
76002
103144
102521
102048
94883
74354
88572
102197
100870
98398
99952
73900
87460
86265
90306
96975
74864
99446
82214
88721
77536
91014
79708
103236
78670
84521
76337
81932
78237
99523
102472
76180
100895
99186
75290
78847
99254
87967
83260
92450
97594
77779
82145
94960
85531
83404
93087
105013
105032
94929
76406
105864
105807
89666
80142
95354
78021
96883
99136
86804
102888
82874
79832
98689
76419
95687
96409
89095
90386
76596
84866
102204
78887
105309
78160
91254
75020
92786
99652
78467
79274
81867
100902
83610
97705
104059
84106
88466
105177
97319
74322
91474
98513
78361
81780
93833
93142
91280
79870
104095
97022
93274
73559
100843
79252
85669
87239
106022
98239
93971
81209
79135
82527
75788
84544
79793
84536
81240
94809
81138
74322
89325
97904
78254
93599
74245
86181
103444
99295
85620
100431
104366
87489
77369
75585
83351
89163
88403
105549
93416
104315
83926
87815
96115
90159
93245
84171
95924
102722
83970
96002
97540
84984
77420
98976
104208
88988
76201
84209
96650
97383
79388
98710
79646
100772
83960
97739
103080
87826
85774
93419
82340
80266
77027
84533
78565
99041
86278
88016
77195
95504
94112
84749
89135
94354
99917
101869
104544
90638
74538
80355
100947
78646
74288
77786
94422
82671
87232
94586
75142
75954
83838
73639
78146
83762
105059
82507
99551
94783
73486
81238
76317
76778
78171
104195
98522
81130
97847
95068
89222
76862
76979
92416
103895
88596
105815
103204
91326
82410
78776
99544
104089
75763
89676
98699
95402
79292
86142
106194
93896
84495
74494
78693
89684
98328
85595
79722
95599
78278
78803
96759
77418
96628
75882
85970
85886
95945
79417
73595
87742
88796
100361
93804
90697
98204
78624
86943
92356
102000
86875
95057
87560
96794
77181
92166
90135
85985
84935
81101
75861
74735
84169
89285
97525
105720
81015
105440
85681
90908
98175
81127
77502
95759
80090
104638
92415
77431
92577
84714
102009
93845
92963
100176
99335
83496
103220
97599
92494
101774
94920
93105
93172
80941
90816
84686
88845
97809
86787
77490
102102
85206
102353
83824
96422
102345
94548
74327
93985
100170
76152
102516
101039
100213
74749
87639
75309
83457
77003
100634
88034
81767
86149
81056
95924
96071
76640
91931
98203
104456
105014
105937
94039
79296
98774
102175
91230
79955
73887
89534
105753
78046
106061
82245
75343
106070
85522
102383
85474
91500
87785
103839
77241
98228
79399
89121
90877
75271
86098
84147
83336
96806
99383
78532
78746
95135
95287
88059
83406
103413
96738
86395
98125
75259
96199
93798
85570
101505
97673
104351
94350
91186
94774
73941
102588
97469
80085
76477
77623
93491
99134
96926
76730
83888
83759
92947
99081
77886
100763
88589
103647
88822
95301
79895
99879
79209
92558
105694
103278
81726
101003
99568
92057
87580
90971
105668
84691
96458
78264
81147
81354
83348
96715
97253
87323
79857
89413
96327
92426
92516
92331
82267
93559
88480
84721
98329
99854
98799
76619
83381
76477
79828
102720
74601
94315
74479
103168
94068
84455
84514
81399
88931
87326
97266
93602
81807
100498
103984
99490
81895
87303
94424
80911
77295
102271
94265
97550
85001
79721
98902
96422
87540
93462
101261
94671
94866
76908
99958
93644
94958
106462
88846
81595
98941
106396
78101
105579
76964
78086
82356
81773
88955
105063
93283
78446
78801
89824
103178
85444
94832
79522
98662
102726
77473
87904
91055
86113
75251
73989
102520
91240
95545
98978
76246
88364
90834
76714
88516
83917
106029
89441
77254
86991
104587
94354
87501
97904
88839
91008
84571
83001
97748
99360
105959
80084
74951
100997
97667
103709
75029
79772
74940
93051
79965
85017
84162
95857
90345
93105
81609
79216
90929
82058
90542
84976
96416
94960
96990
87743
106395
84297
78452
76696
76992
99403
84641
79607
98667
84844
76369
93228
101247
81306
97035
97198
94819
96813
89625
82867
103754
79386
97514
77565
81592
78185
96436
95735
78146
73961
97629
95744
94613
90146
97180
103175
94649
98187
85596
87896
98711
99069
85857
83381
75961
91240
106285
102825
85330
77509
74789
78361
85118
83275
99568
98844
92106
76518
74272
91149
76791
89573
86804
105182
79099
105458
92700
85422
95049
74312
82911
92574
87634
81440
91642
87521
98380
82284
94442
77331
91954
77768
92460
95948
100108
79790
105378
98420
100720
84969
74041
93273
99913
94540
83401
100350
82391
103587
87613
94903
101367
97514
104947
82290
74917
77245
97126
103640
84415
85520
74762
87445
86539
91936
102263
101107
96636
102313
88522
98222
82609
87898
85320
76036
102847
99974
95045
99339
91184
99868
76869
89415
84556
99289
103264
79484
99735
75452
78059
81601
94362
92091
82004
102614
103398
90804
101710
76727
101463
78758
76846
88433
75414
78881
102805
96309
87009
77051
85328
88491
89103
86085
93308
76936
94414
102269
83694
74851
99888
74245
80850
86981
103526
85972
74129
93311
75467
87148
93433
88640
89124
93708
86936
93030
80933
93478
93544
97301
99896
88083
104882
87942
89467
96006
76588
82850
95751
89151
106340
92880
75640
81025
91490
104459
100522
76741
96137
96567
96448
102960
85183
89013
80235
93507
91342
104245
97897
78162
95241
105163
104011
89911
94770
86086
102524
74311
102555
84413
99455
100997
88972
93546
89720
79638
101093
103355
87278
99573
83460
84903
93135
103912
89833
80191
75956
82867
84120
82565
89191
86923
85183
97920
75171
97741
83097
105104
102682
105968
88338
76288
96956
106169
101932
103386
103479
95917
105889
103167
79034
84172
91338
97398
87551
97660
92607
81925
90760
92100
80832
87806
80169
84666
78548
103772
100806
86847
86703
102670
94046
88553
87257
103315
93000
98625
105997
84423
75197
99375
74464
75261
104343
84146
98211
75853
98648
101076
83849
98608
86894
78814
85773
82506
93110
78280
95630
102790
85054
90867
78396
103016
77647
92699
92216
96671
105643
97927
83447
98010
91155
101506
78824
106717
106764
80399
104022
94164
76771
74713
91791
86503
105455
91753
91974
95758
81686
83867
96310
92455
76434
103507
85256
98630
84213
99948
101239
103244
100715
83697
103602
75451
103488
90256
97793
105416
75938
79435
97452
96178
100263
86641
84249
84819
102546
106957
81204
92149
94802
93981
78355
87654
104011
78534
90331
83023
75865
101061
84701
89025
90130
93929
93445
80145
94028
95551
82549
94950
80352
80590
88685
92304
80557
83077
99694
84635
80351
93298
89503
102820
79985
77621
77423
87916
79088
93619
98172
83499
77186
96015
83636
102951
99112
93910
99769
78212
74304
91001
87690
83550
103502
76033
76641
93973
89851
84990
83415
94440
87134
78016
76110
94406
79995
78538
101520
77408
90121
88196
102068
95619
76921
94000
78658
80293
100659
74527
92567
102334
85539
92197
74634
96857
76660
83530
81743
80874
98971
89794
84124
74594
86168
81184
87307
100097
101752
84166
98240
90475
75039
92832
84043
83199
93508
80658
88271
104804
81085
85038
96100
87908
100349
91179
75451
79614
75483
80914
80385
99254
75669
104123
90117
101168
86804
82936
92572
88573
83569
91152
85829
80565
83385
98159
80393
76614
76781
83611
103333
81035
105549
101994
90603
102433
88278
89203
94566
92278
90634
104386
103229
98082
82927
78288
94809
103803
78938
89010
82890
95075
91757
105360
87655
84069
79711
87641
83381
74497
104571
106933
87051
94787
88684
94779
77811
83355
81335
96741
75986
81640
93321
84672
104140
92886
82355
102888
96738
95082
98547
97972
103517
90331
91253
76334
99440
89252
74649
103110
106777
76503
87799
98375
106056
85428
89505
91145
80963
100218
75687
100713
99913
77437
100833
76406
91253
100217
98024
81133
99558
104998
96614
101224
90141
78860
76688
93906
89254
101785
92144
80926
87547
83313
98152
80440
101029
75269
82036
78908
79268
92519
97199
97255
87825
94045
78233
94283
94210
104884
85399
89286
79278
82646
102971
82996
98258
98975
105158
93284
95827
79213
103915
81353
82468
96630
105942
84850
83306
104031
86381
104252
106206
99082
103126
91719
97395
97711
102201
80294
98618
92718
95175
81755
82562
92835
95227
85890
106563
91707
99615
84428
97469
94791
94995
91951
104284
86415
78410
87004
102111
97769
103189
75122
85689
94218
80420
98673
93111
104859
98889
100337
78820
83344
76672
87700
95658
86709
97069
79801
82489
97417
78244
86514
77613
75344
96494
93113
88938
89188
78027
104286
80715
98252
80883
88900
94205
86031
78497
76365
77349
83786
106066
82067
96201
97409
107210
79961
77165
98355
79961
92993
80508
91953
88924
95167
90346
96176
87302
90829
92184
76956
98657
97760
78584
99119
79503
104731
98673
83651
78166
90563
90373
85732
76508
77044
102577
91050
97198
106130
89108
80965
94215
81025
78292
84954
78160
82457
96574
86158
92387
83924
92972
88288
98324
103242
94764
78651
106866
107360
87518
97227
89930
85180
79262
81041
107373
96892
104035
86962
85043
91943
100327
103445
105152
90595
75017
87084
87686
95209
95087
89874
84491
96823
91759
97239
97517
100228
100656
98072
85795
107129
103436
105170
88453
78878
94521
90231
79759
80531
95401
76098
106082
103424
84782
88264
91403
95694
91362
77265
90632
91160
89798
103781
82440
81244
77737
78890
80883
77431
105548
104941
83498
107216
79555
86910
78096
99539
93470
85697
84681
90785
93001
83202
94274
84741
87089
106377
77681
95915
103976
100974
89822
102796
89739
76207
85602
80045
94370
74880
95534
98313
91079
96994
82192
103627
101579
88439
92914
85953
104085
90005
95396
85006
101900
101273
78811
87583
91448
82302
102009
83680
78243
106414
85006
106287
76294
103959
106655
96145
75553
95106
87207
104483
76779
89376
77404
85204
80107
91238
98355
84434
93926
77595
98470
78914
83130
91568
85813
107316
87178
89039
84651
77014
99355
75574
105634
87015
101502
104646
106057
92527
74992
84951
96869
79534
87294
81871
77974
99154
78317
77811
89564
84973
101208
105853
93785
81061
84763
81902
105561
82990
101488
85925
90255
86773
77400
89777
79777
105118
91453
78820
90344
90545
102357
89128
96881
81808
86857
91670
106055
87213
82583
97221
91380
86777
103733
85728
94533
92832
78071
101116
92494
93939
101170
82472
98478
83877
75042
100293
96276
98875
75657
77208
79362
104382
90521
87837
89297
80563
77588
87838
98806
82253
100786
101253
92803
98272
84419
76655
94449
75673
88597
80769
96284
97645
90904
105599
102287
97615
78144
92186
77058
81318
88747
102410
106273
75518
92164
95069
105871
87037
99495
89615
105003
77209
96773
75482
79762
104329
96842
89935
100581
82169
97854
84518
97996
93570
80489
101331
75194
84569
94075
84314
104819
107463
104939
76131
86476
102105
83165
93073
76978
88920
99401
100880
88430
90619
88666
104813
100647
99036
101396
88747
100521
92201
76090
78739
75621
90396
84847
98635
102328
92461
86171
96554
95344
77702
103568
101323
79756
78519
93678
97888
93763
83115
94787
77385
91720
101082
83319
78566
102477
85697
96360
86441
95174
78479
80593
96367
102383
106018
91248
78352
85520
96305
104808
84276
92415
98251
101860
101737
93671
88576
77053
93811
80457
75742
75486
90595
105280
80031
76325
83692
94729
76832
85133
81009
98754
104853
91850
105826
84594
102012
92085
104265
103754
96719
90793
102176
103979
87934
89389
84070
83560
77852
106451
98930
89292
82136
101984
98310
100063
90032
84780
77095
83813
94177
76236
87852
106024
96930
79087
76566
89335
81937
84870
93727
85487
87150
104744
107670
102137
105863
93620
105193
83604
83059
79928
99588
103893
94083
76049
75737
93099
88182
81748
82240
105832
103148
83309
107010
92285
104222
98566
77360
82309
91339
105003
79802
103558
86646
97707
91964
88691
89294
81601
75547
75765
100974
80883
83153
104810
79814
101179
81029
81967
89945
94565
90847
95514
78378
92344
90394
78923
103536
96984
79707
91685
86673
94699
80193
80279
107086
107771
80061
95136
83003
91035
86820
88082
88435
83150
103554
102294
82313
89380
91442
77552
103618
106534
95659
82820
102017
94452
105629
100633
97282
75309
88893
77022
99147
99599
97244
82346
87648
96224
97983
84360
75447
99212
84267
96371
93419
82063
84671
103518
88244
88853
101639
104056
97559
89696
90445
94637
101594
85867
106674
107120
80699
88781
78462
93112
103650
104927
85173
91464
91411
78625
107243
81716
97064
88538
96088
89761
91199
94463
82479
79820
93488
87382
90924
100686
98498
103131
102764
89246
79390
100707
97666
94167
107395
83071
88519
93371
84284
101027
81137
102648
75983
92040
103144
76715
89208
79310
102357
103459
82645
93158
88443
97767
103139
77871
88778
85498
93225
96351
95665
87389
79667
79909
100149
103638
92738
90893
94656
93680
99906
83363
106939
91459
90108
96731
82014
88565
100749
96944
100551
87681
94231
105228
95050
89783
98742
91112
76553
89861
94134
105908
98756
106740
90371
100601
87538
92405
76000
100925
106256
106846
87516
85287
103481
79536
77058
107235
106743
100635
91473
106440
105561
104260
79724
80952
95813
83525
103826
97480
85776
92917
106447
91553
77132
96363
75892
81191
83425
96189
89286
90584
100960
77069
91635
79734
94611
101831
104010
94056
77401
93220
95914
77918
84144
97267
84027
90420
85268
103576
85597
105241
99848
87125
95454
100080
95218
100552
75376
76278
96043
98485
91994
91557
90199
76550
100461
77529
88818
75536
99898
81970
91692
76312
92290
84921
86007
89622
79342
94150
91742
105912
86016
95009
86808
78250
84810
101479
87389
94997
104414
80047
85496
96102
101893
91502
86430
76112
78644
94616
79230
94996
84795
84488
84505
89600
100800
107810
79956
84789
96236
106935
79051
76206
90724
85288
97641
85374
91003
87247
87350
85081
89510
91802
94831
99158
96816
99577
103132
76275
98350
86523
76382
104026
104374
103860
90056
104163
85324
99297
84975
99545
92573
99535
77573
95361
94576
99704
102434
108120
90585
103151
97060
105885
97455
83199
86201
98319
80193
80911
89274
107256
77125
79433
75451
92522
98833
98300
78048
88009
84494
82750
104690
98441
84585
96981
85937
77369
101643
101464
88684
93889
85708
85393
86736
91112
105955
96550
104702
97561
81057
87672
93152
97894
105568
104652
89020
96461
99510
80297
84745
104378
80622
86656
94594
92110
81336
80275
103802
96991
92447
91663
94063
101696
104124
89979
93153
102466
101929
80982
81764
81402
88505
95228
98549
105029
86886
100298
81546
99594
97803
83842
81901
82367
98004
79089
93129
104495
84722
84687
99077
94842
89491
76518
108114
105565
100881
96119
88576
100275
81513
89049
97302
80444
84464
100451
90273
84126
97345
107916
100428
98985
77946
98897
107825
79071
104616
98775
90607
107316
89471
101458
106237
106770
91727
100133
105022
92832
89395
104523
79061
107332
82828
80117
84794
105831
76461
88948
86925
85880
91352
75866
79403
105011
82538
104156
103552
82979
77650
91259
94748
85605
83143
77796
95240
100016
107323
80660
76378
96914
75914
104639
104455
77820
87672
84211
93433
83713
97626
100601
108129
92379
98067
88700
100687
75823
81474
99820
76672
79506
101818
105509
97910
103243
78899
80716
102606
104282
88127
105210
96719
99002
92287
107421
107327
93924
87062
103707
91514
84628
75614
98488
76229
82639
90330
105017
100063
81189
103020
107593
101337
83764
107208
97309
77096
106349
82729
100436
100345
80667
93507
102177
94148
93600
97656
79787
96804
103682
81230
80564
97510
94119
94753
99961
78431
98141
82965
88538
96259
105886
102735
105147
88884
107793
98661
93098
92248
87123
93458
83138
94254
85496
93743
103375
79714
88525
76766
75699
83039
84832
79625
92936
81764
78275
101131
78342
104666
78988
100012
106407
92645
82464
94547
91658
82745
95026
90231
91669
89647
83846
102743
94815
91159
106491
101099
80205
81872
104904
105498
105083
77207
77574
100909
93021
97565
82031
99204
93990
80348
93285
76423
99816
77226
87862
85216
87805
94607
84126
105192
96935
98516
82573
95070
91891
98908
95531
104287
107491
80952
78873
88722
101067
91509
86266
107428
103676
84536
98099
86260
97696
95758
107758
87439
80613
88189
81253
107102
103006
104415
77917
77726
85158
99952
82672
80529
85062
93605
99728
101235
101336
107455
90953
87984
83821
106401
79430
103508
87341
98014
99735
85187
94525
78359
86066
86442
98534
82820
100663
87093
102643
93136
76152
82307
103258
92458
96824
94807
106527
85145
97587
99088
81270
78223
103903
92123
95016
103362
88050
102695
77111
79671
106276
78937
78277
87711
87094
101569
77362
101351
99123
75981
106373
108299
108278
104317
104973
91947
85484
100887
78920
84448
97307
81436
104707
91344
93795
82810
99523
97664
107268
94979
78436
86890
84833
76062
97024
86096
101124
104637
77074
103119
108513
84623
89819
100151
102367
105590
81925
98970
87956
87355
77447
103459
104016
106625
103112
98473
82782
100087
83719
105604
96390
79570
101882
96160
81366
77947
89269
102352
82595
76676
97230
97636
108490
83937
82879
85501
81723
89941
96395
98720
91321
101162
100517
89610
87003
78373
78605
101443
106327
78521
88252
78966
77183
97659
97602
101376
89612
78806
80558
100807
81179
106240
76974
79053
92021
103212
104183
82181
99347
103170
84711
93797
95970
83788
102505
89660
78019
106226
103962
86726
82134
76584
76970
101629
101112
101350
86404
81075
83850
98456
85169
79582
77941
94488
91641
91699
98154
99033
95564
76278
106863
101989
86625
104208
82839
100617
92061
85858
105744
79566
93238
90969
105059
80044
100760
94658
85496
84731
94216
96736
84441
84010
106119
103356
83639
82867
90617
99005
80946
86350
85894
87672
85589
85094
81473
101833
78944
78793
99335
94243
97483
93603
96682
102692
86663
100269
100943
78445
108423
83874
86549
96176
92287
106483
102392
106762
105964
89275
93940
81812
106068
105717
92781
104501
79311
93165
86478
108730
91846
102132
77681
99112
108539
88920
104127
95056
82889
108691
105880
107173
81070
78531
99573
77387
88838
98650
87243
90992
83993
108055
94003
103903
88664
92213
89801
83154
95972
77794
91217
98824
76880
83442
100257
85784
92840
80853
77755
91397
97458
102342
99897
104978
108147
90438
76270
88536
101621
84425
95434
91029
84808
77231
88318
82631
88263
104821
104801
79354
107676
98093
90386
96222
100999
92203
97887
106140
99547
93954
83174
99690
81865
103855
88826
95326
94688
85011
95817
96895
105941
80551
84923
77346
106880
107883
79517
83828
79400
97055
88830
84307
83456
91318
83801
76898
80625
92424
88437
82012
76442
96455
92810
79784
99222
95924
100005
102702
106493
102418
78669
87146
90413
96603
100711
86974
80074
90931
108119
92429
82691
80794
79976
90245
87575
102245
76398
99772
76568
106479
78506
100095
99312
98572
84205
107239
94881
86846
83968
87084
107985
93740
81476
94142
89733
102223
78230
92434
95021
90351
88693
78010
99297
93518
105063
90425
82922
86563
78232
77333
97412
84041
96197
84270
77026
86969
105560
78413
93043
77750
78293
107776
93284
84807
100468
104614
86374
92650
105488
100038
108209
81031
104767
93093
78152
100003
81347
79127
94847
107478
104481
103317
99515
98687
92815
90512
79226
90294
79123
103685
98451
95362
76522
94034
86206
77900
104231
89928
108886
88724
95388
84353
105822
79843
81149
76531
79811
90625
78659
84422
80096
106343
77135
92259
85319
85751
106704
77518
106943
80875
96102
81461
96393
93708
93704
107209
107496
84516
99235
104396
100832
104117
80643
86507
103741
80107
78839
82895
79831
81360
90032
102639
90645
99263
87147
107176
103344
104475
99408
103311
92601
105792
88985
91398
85470
85178
100854
78605
76521
92598
97072
88667
84617
79797
82701
83118
82005
84360
98421
85855
99854
81016
97234
98361
77092
78789
99517
97419
84348
108626
86742
95868
96625
90270
93683
99487
77593
107766
90494
104391
106185
99305
81688
99101
95963
80637
78978
84591
83118
104352
80062
76491
76527
91233
103537
102733
85271
79456
84364
95285
103477
77571
106027
82492
78062
99819
85694
89129
97986
93991
76646
85151
76945
78247
107682
78393
85597
98803
101162
102361
80977
95517
100123
96060
90882
106483
100949
82386
92406
79482
82465
84941
85347
81816
85016
91512
91192
78097
78400
93899
86881
100277
94839
86332
95559
77783
103701
84951
83095
86528
104141
83345
79173
88037
109012
104922
106192
81303
102981
103281
105415
99066
106949
100732
98956
86392
104035
86744
88920
109046
90305
99246
96127
77575
103801
108871
101878
89952
101818
96289
98578
87181
97074
106562
78226
88546
95025
80844
99040
94131
79115
101330
95380
102088
77758
96106
95546
81931
101076
98563
86613
89220
79499
108025
92580
100743
83764
89191
98211
83244
106457
107325
89941
104192
77858
88210
108353
80122
84345
84539
92090
85169
85869
79004
95844
94411
83796
107454
105204
84665
101173
92834
96567
88226
107493
107733
89174
106396
101999
95813
83800
100898
94393
97619
93928
101059
98661
76585
98393
87831
108278
95822
88551
85751
102964
105335
104512
91117
88017
90273
105795
103658
85324
101980
95239
86583
77078
103274
79391
89518
83444
99976
87580
97066
80292
96908
95060
99644
102083
88240
105186
80416
104942
79150
104942
87279
98856
86541
83247
83733
91259
83002
88493
108038
88802
93914
88780
106797
92775
84191
102790
103461
105609
106713
102648
100652
83936
86799
91168
81877
84996
107983
84197
101373
83114
81922
105559
106751
96272
93699
89145
105772
99484
108722
90557
92533
102848
103108
80270
82283
100384
90205
81171
96106
103671
89312
86259
84240
97462
99078
93396
88052
98543
88877
86121
105109
89458
103411
100779
88465
106678
100612
77926
101656
91002
76848
97016
77471
107435
99521
102485
86745
83593
80139
80719
106467
99846
87620
90901
95167
85358
84630
93433
85763
84301
83315
93046
88018
77454
94761
81521
100620
97504
82102
100543
90562
82014
78045
106216
108781
104046
86905
86826
104799
96745
95762
82625
100857
105085
76974
100454
91679
82768
77289
96278
100969
103654
79176
83988
88475
104005
90059
84785
105944
90455
79553
106571
100882
93839
89312
97044
94149
82895
102805
92692
97509
101002
97945
81394
103957
86310
99269
95727
106777
97188
95527
87475
86926
108418
98133
100428
88536
100064
108033
95348
92765
95971
102606
108050
104689
87383
105058
94468
97936
88472
87485
78108
100691
95410
97737
84840
100509
97479
99122
87223
84373
108465
76919
98648
88026
104681
97346
82469
79474
100007
86517
78529
107779
80459
96389
81181
83269
94204
104331
104001
79031
88463
80536
96329
93841
84138
90825
81325
100858
82985
87708
82374
108668
101568
107522
109198
108725
87266
100534
98216
94543
77794
79052
78496
92210
97369
105357
97395
92663
85447
83586
78930
87456
104829
89807
99235
98439
109242
90307
105289
108181
107028
77228
85541
109236
99353
94192
79068
80775
105271
99673
81627
77912
78041
91057
87193
78418
90579
109455
93980
99824
102912
89456
84159
100533
82729
91401
101170
79646
86825
93916
106178
85717
91471
80906
98011
90407
97028
92264
79819
92600
98222
87764
94664
81269
84948
79818
77109
91595
91010
89650
103457
80918
95215
87676
99601
88413
87133
95215
80639
77372
101953
84030
79522
87841
77988
80221
85232
98492
94921
108946
98018
94384
92688
91599
97911
99983
87834
85567
99579
84229
85550
93471
89737
86867
81627
94159
85711
79615
106207
79401
78609
107978
80968
93201
99696
96227
96985
90445
107885
90714
98479
103320
100777
94679
103973
106225
81646
105868
81140
100409
88179
99944
82591
103933
79196
79502
86542
109457
81793
95493
84088
88670
100208
98737
86407
105852
90549
85378
102071
95108
92505
99051
85504
84639
101288
94870
103348
94947
98615
79958
97194
101088
88102
76893
79260
105077
95139
95407
106702
85993
107695
84694
84720
103222
81957
84439
87622
91048
87544
88166
101126
78759
93628
99158
104450
79569
93288
89171
83590
87629
100186
78035
107908
81755
92315
77130
94190
81967
92261
82077
78436
91903
98274
87002
95247
104283
88375
109094
91853
100797
106689
97527
90766
92513
97182
108675
77822
99414
83824
97400
91748
82390
100189
99565
90313
86739
107099
90008
101982
86226
87722
94530
107032
81660
100001
102265
91549
106866
82606
94853
78691
106210
79001
99229
89110
90200
86024
88922
97083
107350
93256
99435
98068
78374
109386
87691
92099
79471
86508
97712
98737
104967
95610
98693
106289
92680
107125
90395
103777
94246
90259
104155
98385
95807
79878
104640
103016
92212
105473
108739
94979
83960
89721
100758
94302
108518
102697
93076
100536
106328
96216
108025
102066
93557
94174
102478
93433
81482
94437
102440
85284
83485
101101
77586
108000
108285
99731
85192
95306
87198
99474
82342
107676
92772
87434
99679
93708
108478
84736
77298
108017
100021
84134
88794
85544
106693
91357
90245
90806
87531
82809
83976
109230
92671
101828
96017
102486
101444
109509
103453
83077
97598
107202
97003
78159
83651
81155
87344
98276
80469
89817
109452
79286
108975
109791
99005
109786
101790
92032
88339
93105
102162
106425
104483
106439
108149
108832
85696
81915
83259
93478
83751
104929
81339
99225
85370
85604
89405
78957
80496
98736
93268
83643
104010
82511
100718
82186
92169
93073
102825
97998
99550
100146
101352
81710
95202
94775
84519
102666
80391
84249
79115
81981
107086
89893
95677
108575
87611
83235
94713
102222
88711
107318
85602
94383
82964
92675
92953
87471
80166
106261
102029
107983
103119
84096
78485
102239
78507
80837
108476
93577
90318
87030
99035
85906
83451
86811
100590
99677
87574
94931
101664
87345
81628
92223
95528
81595
77522
89883
88024
94039
100475
77870
92659
84875
87502
87781
109888
78292
102375
92731
103900
88742
102141
105691
104916
96686
79508
100489
89843
99418
78324
84158
96985
82331
87257
108690
96589
100074
95340
92127
105685
83593
85106
88996
101763
86795
83140
93607
92689
97302
109311
81759
94001
92264
78972
95248
108830
86296
89219
91704
90999
98846
94907
85034
84813
82966
93669
102393
96123
103233
87754
89751
84789
83917
89970
78398
91876
103254
96919
89103
105265
96172
100185
86266
103008
105175
91444
81373
107488
105560
99374
108272
99872
85938
83285
104032
86692
98345
81768
106042
102487
106954
80853
78219
79907
103339
98275
104646
92095
87924
79409
99685
79560
90654
101471
100563
90644
92667
88331
94858
82243
87543
89599
88440
80534
78365
96936
87208
108805
85341
90827
108318
92299
91276
109939
90883
97477
97964
86062
83970
99771
89710
88696
90353
95998
109813
99704
107700
83187
82397
93162
106078
97390
109692
97885
90266
96386
90727
100254
84042
109208
79672
87412
86637
108735
98703
88461
100678
95811
102743
87737
85179
80513
88907
93782
96763
88569
97720
107019
79459
107941
98948
105914
90531
103562
98927
89519
95004
80780
101785
99614
83597
96134
97605
96460
105455
97690
103132
102924
85661
83398
100405
97773
100280
99256
95507
105650
94154
106980
110063
95618
107433
94931
98296
103009
94367
101566
93785
88159
105415
99163
87226
77839
80058
95223
103177
102971
86891
104389
108154
85206
94544
86134
86988
103474
110019
90889
83663
78964
95655
87269
84771
96068
108110
106277
98882
102857
103322
109619
80576
77524
80227
86936
85202
92507
105497
83986
106510
84778
105643
109543
81521
107477
82855
81786
104614
84977
83874
89628
89989
108675
86746
81188
104155
99001
85018
106818
83305
100312
108254
97808
91695
99702
97976
78826
98026
79337
98802
90112
98267
78079
94069
94889
86218
87280
109545
98299
77643
80784
78366
97944
82496
102345
90795
92362
99999
87881
95957
95187
96629
99448
105138
86398
107307
91309
94862
77818
92168
81569
102285
93160
82424
79140
104338
108723
83852
82446
107616
82720
107585
89465
105983
86566
91653
107821
103522
109055
82935
104540
89158
103807
82543
80784
95069
80293
88126
80097
94124
87920
96567
86123
97841
90099
109038
109823
79050
102060
98495
94489
80722
97810
79890
102418
102413
92781
79326
83863
92998
104170
109676
85338
99894
100591
79966
99591
84264
101804
106479
86650
107739
81395
104316
89135
105256
95305
77636
86522
80612
92477
85612
101368
103176
92664
89926
103877
90383
89366
102610
96751
97952
100788
86405
90539
86637
87242
91978
89287
84059
92348
84167
91616
103651
97067
105441
95957
83896
107793
97666
82299
94634
98573
95897
90259
90570
99323
82531
103673
81359
82888
84458
90910
96696
106628
96459
107703
94899
99257
85819
90807
78142
109052
87372
101243
104076
109249
86893
88389
96554
78452
95280
97516
95458
107205
78673
90322
94688
101699
81395
104469
108307
80940
108588
85514
105430
81283
105412
84455
93392
107620
91194
88767
88088
95381
97288
81844
87197
93277
98088
90216
80070
106649
108247
92596
78933
106252
78489
107165
106897
101111
90749
101763
94628
92137
91810
108956
79938
100057
92154
92321
105099
84338
101966
109767
107827
77742
108419
90865
85472
91046
87067
101668
107475
79785
89343
86331
95179
84619
104059
90076
90918
83519
95370
83882
83530
93352
78932
100540
79427
91821
81653
97359
108973
100748
108928
91319
103637
99952
95811
80284
87323
79941
97101
99426
93083
99275
102958
90345
84748
97769
95486
95863
81127
85061
93345
97522
106956
95249
78920
107091
102691
101160
79419
91223
105471
98137
99799
78455
79687
92162
80594
93211
102679
103905
102855
102155
87396
87336
95726
109094
107999
103887
88106
92246
84252
93742
96074
83907
87284
109515
97672
86343
88104
91761
104278
91171
83782
84354
91995
92656
78033
100237
97208
100056
97436
109603
108687
104965
80503
81895
93126
107098
82957
94949
81416
88929
79373
82213
95501
108165
99464
83327
105244
103554
110235
110256
90062
107289
87373
101038
99860
99080
80314
89145
95099
96825
91762
110259
83119
79418
100380
105521
101182
107245
80223
96722
104607
104833
83458
106064
96883
97184
108881
95956
101386
102122
84931
89615
82217
109731
82907
92550
101899
104872
106060
106797
102565
105128
94560
87352
89903
104592
81818
99886
106463
92487
93595
103231
85496
102556
85826
107223
86019
101757
102423
96627
82780
100201
97002
78516
106737
94247
91319
102577
106311
93625
81613
87442
95678
106636
103471
88923
91413
104945
95803
89605
108848
104145
105609
109523
79897
86683
80918
110563
94790
99970
88482
101124
108570
92390
105302
110279
104621
82191
89514
110297
85456
90913
102278
81039
96588
108620
104871
98499
79723
79684
87365
83935
88762
78065
87539
78903
107788
103783
101062
92828
102850
95512
96953
93485
103754
82504
106576
104561
95718
87746
108668
95907
106927
98762
104639
89421
107993
78418
106640
100633
109368
102769
104961
109539
105475
106768
97695
106770
87769
78567
85402
80937
103169
84904
80934
91545
88566
83577
102688
96730
80419
85160
103157
106169
104171
95642
95936
99060
80364
107269
105394
80900
100741
93535
103863
79418
100501
78999
84822
92941
99206
108802
109273
86451
102027
90264
80559
81390
80165
85088
100622
106793
105196
107049
81629
90563
105868
102011
88528
81067
108558
82637
86485
91437
102233
78840
109999
87819
94200
105708
84704
102096
87325
104866
89293
105569
86246
93778
91933
82901
92640
85733
79714
106630
98762
80557
107003
97896
104859
82004
99897
89498
104134
81426
89536
87099
93628
94755
88880
82559
87474
94073
89093
101634
92581
84654
78268
86364
88732
103228
99896
84213
104238
93424
89955
85531
101443
89500
99864
79697
90911
107277
87105
97514
90268
107836
110140
89303
84406
88264
109444
94398
94541
107940
78477
92748
86823
108045
101359
92619
90165
86464
110791
107255
90135
92521
88154
82957
101345
79454
100604
86822
83488
94861
110641
95683
103448
93364
99857
87721
80976
81104
81905
105967
110161
105687
87615
110421
104362
80297
90542
107223
84535
102468
86931
109442
87971
109368
101775
90247
99884
87132
105583
105614
98982
102078
105040
91980
95171
93408
97287
105816
86673
104225
85440
84538
109636
104057
107236
92357
78134
79721
81217
97704
79148
104754
110437
81983
99547
81222
97866
83375
79019
109308
99897
90673
85178
97159
108264
79022
95780
90665
96998
102541
101762
99492
106040
80329
81584
79858
84037
108358
101844
95541
81135
81765
94619
105201
88323
82646
90822
85625
81363
88493
99558
102823
90145
95928
85091
90320
97855
99600
83395
93431
82293
103407
90665
83521
102051
95425
93468
101033
84519
98174
102282
93429
103169
94518
99341
108521
80181
104686
90220
78266
95089
83626
104549
82886
104432
110795
105898
100993
89246
82843
82217
102835
90749
102183
80272
82145
102471
83789
94993
97288
98389
100885
101475
81042
99775
90181
107785
79490
101573
109615
90326
89586
88686
96974
83121
90303
94062
92945
86166
92291
102989
106359
96989
80067
83142
93660
94399
97642
108654
82323
81942
89462
104086
91060
85604
108018
94065
105911
82199
106788
91258
92738
80651
93703
82448
108608
103249
93180
97379
99379
92463
102076
99220
101323
80231
110225
107288
106423
88252
108742
94302
79803
96179
91227
101553
109827
103319
102142
81503
97975
96447
108087
107803
83151
80404
106723
101792
83241
82381
85219
108695
89816
89981
79125
108731
81856
96080
107395
101435
104544
79505
103387
103775
82414
94576
109088
79471
101033
101891
98718
95441
105579
106634
92195
100209
110973
105719
88428
78950
101296
82350
85726
111058
90537
106377
79735
101897
79485
90911
109571
90870
85886
82758
78739
88251
80980
80086
109611
80792
107855
91056
109499
108814
87035
82175
93520
104516
109045
104126
106124
82345
96766
79995
106836
109019
96078
100698
103880
86984
110378
89948
82040
89619
82105
109537
106708
102329
83732
101740
84965
104436
108956
110247
89915
99679
83600
104103
106535
79963
109535
85616
105258
87218
86586
98236
87980
95867
101998
94456
95217
110142
109809
98960
81226
100440
93114
102764
104584
107424
83542
90811
85686
105290
84025
97519
102920
83980
88402
102920
85774
105600
80098
89878
106029
106698
105101
107769
92496
86394
104882
106092
104923
91572
95992
104258
90849
82062
87081
100590
97174
102841
90692
90185
89607
92516
79309
86160
89608
82781
79208
87980
109678
85369
87718
87991
105087
93495
105759
92603
111015
84128
102337
85437
95085
87665
104551
105466
87460
80252
98733
105328
85734
93004
100099
90528
100158
96776
109313
106387
98597
89497
83963
81947
85680
108559
102100
80731
108295
103745
92183
82825
94233
81332
92995
110323
102542
94399
90215
82752
105981
96748
98287
83449
80736
87456
91326
95816
80837
104703
91261
87039
89414
102666
82482
88027
110650
89354
93972
98571
97965
100402
85406
89068
83982
91776
109282
91671
107816
80100
90656
95133
108628
89252
89751
96657
101868
100863
94107
90567
86274
91665
107240
84956
96338
93174
104758
89974
110454
94514
100621
103373
98393
84304
91099
102507
82158
85194
86340
101168
100642
83753
95417
83864
83215
102509
110924
105281
79730
87471
90050
105383
98399
87301
109290
88370
97331
102566
99886
84852
102091
81231
94824
86699
110323
94181
99575
94862
83489
85595
91409
109126
79972
83926
78682
101818
108695
104463
102326
99343
85210
104953
110940
85871
91971
109989
83245
82442
79568
79202
99907
83035
95392
93736
83148
102573
110947
108343
85785
83933
108304
105723
94450
82785
86742
97075
97581
84105
93012
84562
103807
98565
100108
85029
107665
89256
100117
101303
81494
82028
104977
107634
88733
108213
93023
99462
105954
103642
86674
110223
107626
100833
104225
81522
99215
84618
105567
79239
95576
110224
100782
86526
90700
86827
82672
95611
81288
87769
83263
89860
91920
98910
80862
80925
100451
99081
90479
87345
106322
105018
98662
88372
109329
91681
110013
101511
110479
108488
97514
89884
99075
109140
91150
110042
104903
110472
98671
111427
83050
99722
92968
93012
103425
109034
87583
93868
88253
105952
108856
100593
93891
85973
86216
102000
85303
81445
91725
79107
101274
79652
98396
95288
86359
88671
81626
110767
91032
81700
92015
79556
83294
91204
108088
84078
105937
85271
83644
82535
88277
94145
96546
105614
79325
88244
96161
84361
80132
108406
106551
80302
111194
84133
87710
99620
85883
102712
82556
98629
93031
106247
81370
83271
102541
107150
100311
90652
90409
95725
102301
86422
88528
107828
93077
90319
107081
84958
86231
104904
90271
93083
106213
94288
82548
106579
86936
79400
110744
87399
97114
105060
90331
90170
94614
79892
80415
107504
99693
96292
81585
107125
87723
84609
94425
106177
98041
96893
91567
78939
88916
107125
96817
100380
100797
98993
89747
95798
94002
81803
93142
90485
88542
84692
96156
100292
103309
97395
105019
98290
96354
106063
105232
83126
91596
94064
96022
94449
103862
90721
79286
102708
80382
105176
98273
110210
93225
93848
109917
95831
83285
93591
80988
107496
111214
79196
91987
102061
88229
103340
85257
98845
106014
80997
89839
82617
109289
104106
100783
91211
95796
91456
84999
87408
111551
85560
110552
83028
79248
99791
88442
82109
103911
106642
106835
81739
81268
86214
93096
90622
104904
103174
111282
109048
104458
101934
95989
95876
79851
109176
100813
95576
84699
107493
91722
92183
111486
105439
101437
90906
80217
93724
102803
92528
83154
85189
89570
100899
104279
92120
83010
90813
87005
107467
94046
109323
93068
107378
86987
110113
82616
108834
105624
87198
107028
103191
83494
107570
84002
96019
88889
88157
110318
106824
100432
96377
88572
96888
96562
102138
82047
104795
79050
91637
108491
99137
92980
93407
98829
90104
92696
109464
107834
107760
109367
91815
93765
97181
110915
88264
107669
91933
108276
107940
111030
93467
95320
92639
98639
83443
81515
101463
105812
88086
99559
79019
88700
98993
86621
101115
108790
97161
111237
107759
89432
82985
90835
82939
99800
96832
94538
84193
106430
100165
81301
98423
82201
95068
102484
109994
101041
89981
81076
95427
95806
92883
98370
101353
87255
100194
103681
87271
102829
98797
108985
82992
101625
82199
111763
80160
107315
98248
87011
109445
111749
100050
110917
86622
82047
109013
105195
108515
92684
101216
83765
93893
96165
93272
95874
105654
107460
101022
91975
85548
86428
86764
86110
108386
96775
92672
87456
83616
91328
86269
109237
109501
98770
108814
88107
80098
96080
88652
87750
110736
79687
106978
95511
87269
111089
84846
80720
101403
96299
104875
82263
110161
90665
107086
109337
90254
101993
106797
81697
106755
85221
100006
84841
92304
84621
83263
85104
99722
102644
107146
101004
103356
110154
102220
106882
79275
104842
84701
108116
95007
108276
87506
89946
90334
106686
96218
82580
95675
88071
89318
110143
110799
82444
101773
102310
95495
95646
83630
93243
81375
105684
95319
98534
102764
110333
87013
93085
86944
100056
98669
103221
89802
108808
95323
82296
99676
85698
110425
107383
90353
100553
108403
107554
103054
102044
108152
87317
88104
101869
109731
88501
105319
101974
103802
100476
89514
81224
99319
79505
107851
79428
88550
90524
86052
105293
81550
109528
94034
102813
96403
89706
102456
95895
106267
91633
104135
90365
91696
97630
101629
82531
100966
97030
101292
81123
106429
95221
106621
98579
83912
108933
87348
84020
103183
95536
80950
81580
102835
108195
108104
94903
87888
100371
91545
105305
95783
97492
82435
84887
79229
93736
98958
91622
100158
96853
110646
91108
98534
104954
95726
83526
88993
110498
82404
82193
81841
79258
101383
96270
89873
97792
91591
89975
107352
80157
79643
103671
94943
79349
85193
83154
86310
102683
105442
94047
89716
83402
89739
107199
96958
87346
93699
97481
102346
96272
97762
100676
83605
102017
105631
86105
109553
82456
105813
108871
100466
101934
85703
107865
94091
107129
107425
108310
84469
87009
110593
96695
89936
102286
106549
97502
107277
99398
101575
80004
84107
95734
85942
93491
90752
94094
81671
95350
102811
83730
94332
99727
99944
108526
92836
111207
88691
104331
91924
110795
99504
108575
100851
82900
93466
85449
111292
88487
91035
100829
84543
110943
97836
90237
111081
105800
107069
85097
79942
111950
81239
107799
79556
101813
94464
109319
81082
83466
79327
110161
93096
99417
80416
99200
92353
110752
98074
80546
100262
99460
96815
85152
103029
82755
81140
111308
86786
110058
92306
105657
82276
100296
94317
79951
97204
81698
94211
81950
92945
101928
104470
82931
80359
108584
96013
90025
98161
83714
106648
87106
83069
109788
96403
79671
83312
93718
107821
109579
103817
104320
93257
89126
100202
99531
98340
106721
98004
97086
98104
103390
102322
89258
109409
96666
101977
100000
105535
80453
95502
111073
94427
89297
82632
91670
83085
79945
79672
87490
92957
85860
102407
79476
79912
100954
109407
92481
87493
82678
111532
100209
93801
87788
80036
108409
110088
111726
88453
93738
89725
103674
91293
81959
107308
88694
102416
108444
104422
82558
110550
82477
87821
91133
101635
84781
109304
109306
82507
103953
93848
83637
82373
101668
90460
81395
92143
100476
94803
105878
81907
102700
83601
95600
89384
91323
98003
104281
93660
85205
98406
85119
93009
106305
83268
95486
101125
96787
96129
83377
87350
102435
89061
104519
99494
104893
85979
98713
103324
81306
89737
107066
105003
99855
110913
91472
90550
112261
89880
106915
86452
103721
90068
86260
104881
97509
108044
86416
81045
84878
107658
91685
90409
98399
82676
92115
101335
106150
99756
89734
107954
108733
93428
95108
95414
83772
85846
94786
92496
94317
111427
84860
91425
107520
93178
85636
89855
102144
97707
101595
100412
109574
101596
105470
87851
111533
89357
108930
105185
94533
107159
103779
97337
85964
109530
99994
102427
111386
107927
110061
89853
94555
97947
109323
99753
98498
110238
83928
86849
109948
91242
97798
100481
93155
89920
96997
105541
105205
96119
103804
108875
84740
105062
92888
92473
89262
81284
103588
90338
101392
101582
110074
106949
80951
88169
105081
83158
104151
99721
82840
98946
87104
99985
81977
101357
81805
106108
105090
100734
84767
95099
108520
90781
84298
111839
108428
111291
105805
88122
105163
102291
96392
111041
101392
99504
96233
93173
79853
92208
112040
107139
85099
93383
107316
107624
111262
103687
81773
106840
104060
93150
97555
83553
106735
108128
93566
101836
104488
103110
99216
83524
88631
96439
99049
103738
91608
85703
94041
96391
91536
92478
102555
101203
94457
99866
89664
102966
96346
88663
92137
103070
102011
99437
101817
96625
99512
100379
105738
103667
101715
79715
107871
91625
88079
109782
104858
101375
89338
80657
102768
86375
84362
95624
81689
104899
82923
112258
93516
79941
96408
83557
104810
94484
108073
100404
97786
109042
105323
85846
106837
101917
89014
82585
81058
108914
89467
94326
102149
81624
104221
96407
94484
89564
85506
93846
81035
97177
89065
88584
89152
103131
89726
96186
104537
102276
99627
106554
94908
100654
94514
96153
108487
102673
89081
84592
108354
104231
96164
80929
104849
109199
81385
109151
83246
104752
106784
92657
92247
111262
86938
82098
88836
111169
104756
82141
101660
103604
87852
92551
111848
89195
87603
110701
82376
100761
92867
88304
91941
84304
96178
80990
86950
106474
98056
92019
92327
103081
111886
110880
99815
103578
84391
110218
81280
80575
89059
108630
99357
97132
84946
95524
110951
97522
89750
89433
91328
112507
92348
93218
107060
93749
94925
86454
80812
82867
101407
80603
88677
93584
81905
82347
81057
84821
90295
88984
97181
91292
105907
92334
93634
103030
104133
83992
96543
88075
90756
103910
92695
110208
80525
95757
107095
83998
82460
102575
111628
102064
105177
107421
81234
90412
80884
85275
104431
87190
81779
95203
110913
97314
104907
94316
106101
97433
94126
88939
82170
93949
97829
107931
102197
87664
84190
89273
87415
109906
99015
82387
99116
85418
91356
103619
88149
80071
91964
80119
100152
98855
102531
104307
106069
90519
85844
90648
85661
110748
102965
105510
90591
87826
102816
101376
95619
92947
98390
96815
85370
100378
103927
90538
86901
106856
108496
95572
104021
86951
82932
106183
89571
96718
98958
88656
108226
100676
98677
103482
105122
96584
81409
93008
88245
80272
82206
97437
107111
97328
86430
105590
81994
87742
106708
106683
111439
97972
107870
106585
99900
107797
104514
85011
86874
111956
84029
83075
86638
97137
112471
102747
99051
95589
112315
105969
83558
86976
95430
89851
98122
93585
110942
99734
100301
109446
101509
91022
103715
110164
107309
91353
88817
111705
93774
82532
99076
98944
104503
86547
85315
87142
80930
104451
93154
104379
82954
97554
94169
95978
88257
85665
88469
95996
104509
93080
106989
109753
99890
82603
85847
85265
92903
99804
93020
105659
103490
112449
93257
99100
109860
94984
91944
83050
106237
105144
105966
108305
110999
83385
81398
100438
89398
105239
90798
107578
99043
96387
110737
103585
98053
101019
105557
84915
84529
80491
111205
101763
105539
103475
94865
109806
83374
101226
103428
102343
111376
81924
83319
81457
85770
108785
81317
98635
112206
83942
110591
87315
94713
84575
96672
110980
109604
80869
105091
93954
103093
109964
85748
84472
89211
95937
89412
84416
107643
95042
93121
102083
102276
90734
94949
84961
94218
84927
106446
93971
89137
101525
80622
81230
92711
95029
91908
91563
100023
101137
85067
85958
104987
97866
99313
108899
93970
110707
88010
96088
102451
95896
109126
109991
102273
102526
105121
103146
93247
83757
80217
94964
101126
87212
90341
91317
95252
96524
100004
108382
84967
90279
104468
88774
80395
81834
112708
104204
111152
83665
94604
108415
86911
87410
110459
93370
86574
101565
103697
109075
106322
108610
99118
82487
82677
81844
90955
108302
105577
87532
100968
98533
97499
88368
84037
86219
86059
96438
95957
102971
83964
95076
105968
106492
81159
82906
98120
90182
80564
85426
106142
97318
92395
94214
105014
108067
84007
106803
92040
111650
95181
96221
84024
102535
89789
83252
101192
83613
81446
107637
93837
110136
104094
107443
111711
96921
106354
92631
82325
110737
94266
97766
87985
83946
109745
103298
81751
97282
107204
98484
96004
102329
102121
82152
80380
100493
96946
108857
95108
107780
92578
111087
94802
102987
84031
96582
94274
107804
86376
90994
82506
104932
89577
97247
83120
106534
86605
97213
87930
111898
106228
104892
98087
102811
99941
100116
97692
110400
105956
81353
96097
108744
80968
99373
96525
96699
84743
84390
94463
90446
109971
82097
94543
93319
111337
88615
85508
93091
83302
99776
93064
87733
85213
89045
86361
91535
95976
103530
87296
89829
88443
94059
94535
90800
107455
94774
105895
111569
86301
106074
80384
83191
103064
99742
90765
101570
90721
89926
81942
91433
95653
98961
108647
96793
98474
92806
107266
101214
98586
108272
108049
99783
98975
89768
106398
112517
102831
83730
106246
107477
86186
111850
111275
80351
90914
109121
85482
94941
107385
99778
84813
105343
87730
112442
89857
85134
86657
105816
101770
87761
84388
94385
96949
108077
111222
90118
107726
90127
97218
82378
90132
82191
99285
98015
108138
97741
99799
105121
102223
109343
94555
97317
99344
94575
90164
89282
99388
102238
106122
98257
101977
94125
96558
104370
98517
87646
83499
97296
100160
92438
88990
103781
92088
104134
92359
106944
83108
107146
91487
112326
108197
87506
101164
107766
90825
105919
101844
106546
110850
104400
99567
86395
100055
86461
80991
112125
100954
82083
89828
94027
110938
111458
110315
92395
90329
83011
82343
96021
106688
101855
94307
86712
112594
108348
95255
104126
82911
109368
89913
107153
107066
85803
92629
99806
81005
85192
82912
88473
101674
107332
90570
109121
94597
95163
96082
87909
105057
97487
103582
101479
111144
96658
104843
112256
101056
92070
95042
105476
92090
96418
88076
96487
112844
111288
95591
83073
88193
99477
83033
99470
107311
86153
96260
86393
96810
111336
80507
94170
100151
100272
109524
107325
87107
95083
87934
106021
101205
95063
103381
111440
94914
112837
98292
109629
96672
86975
103370
92396
92284
94445
95857
109797
100944
110266
102074
81275
90543
85426
98829
111954
81475
81966
103792
110879
83577
89396
107749
113071
84347
80537
107769
102187
93535
94824
90778
113050
101789
87944
95529
98983
89543
89496
104144
81060
107636
112670
87830
96976
107134
95457
89008
106197
96877
103827
107418
90005
109618
93363
98407
109862
96537
82354
113110
103963
82937
98389
102309
102918
82349
96090
101802
87355
101832
92766
91679
102870
96133
97022
83518
84479
105213
109885
88334
104300
105117
101157
93308
101416
101590
109490
93357
102547
94742
106731
108947
90795
83704
102738
105150
105097
100024
98430
103797
88110
111081
101127
108806
97920
109930
104866
103770
106384
101782
85901
102348
97822
106939
112686
84539
84063
86989
96247
94302
94206
110684
99468
102232
82784
109252
108584
105357
109612
94628
87101
100531
112395
92049
100186
108588
84140
103435
84562
82323
107532
106671
100507
104853
108020
112303
83956
88834
88515
86144
99146
103971
84845
86994
109789
84559
113348
100293
105375
110009
103414
80730
92124
108428
86359
110631
97056
110650
109153
105808
87894
101392
111609
89778
88365
103439
87540
107617
96704
98551
113114
112213
86901
93348
104170
106592
93733
97693
98142
88675
104062
94443
103152
82114
83110
95783
113308
94485
87585
102871
86440
89889
106229
96763
90082
112134
103948
106722
84265
88505
106713
90690
103982
105653
82495
99976
113276
97774
110766
102509
97206
99079
104335
100554
89632
99012
100322
81069
113249
95170
89125
106924
90248
103270
103288
87161
93260
96531
92160
91575
110232
92576
107657
92428
86087
98057
97647
96888
102956
96356
94398
110053
85589
83479
94616
105727
106128
108105
90839
100165
85039
91542
107764
112736
93449
104455
113448
108724
86465
89665
84944
101430
108875
101116
98326
82813
97707
81079
100046
90907
93696
81834
81566
83245
84418
84989
84834
88369
94536
95287
105166
108056
106381
88057
105557
111260
98611
93932
110666
83924
81096
98296
102982
82438
86089
104631
82633
91068
92132
104745
111652
89882
102914
108457
81558
100718
95365
106783
106421
93449
91982
88440
100623
109902
104451
82003
98834
94472
105231
81405
106793
83713
101866
89248
90152
112848
110234
102839
102378
98290
101498
113605
110392
102684
112186
108615
108781
94672
100647
112103
81240
101423
99756
91890
105186
95502
85273
96268
92657
88139
109732
85795
86028
98145
88494
87713
110143
108091
82759
104678
106177
102982
105715
110581
95700
106442
100014
89453
84461
113018
95791
89788
83733
93770
83306
86415
86415
104832
100952
81036
113595
86286
105466
102468
103226
101919
92316
111715
84307
82928
98647
95530
113301
88289
98009
91424
88510
112076
107369
100100
98780
90005
89637
87045
111538
85762
103310
94774
82525
96973
85831
110396
111416
83960
82714
103241
87292
87137
112444
106575
86572
85910
85970
102765
82608
87530
84915
110254
98495
98761
106608
100594
83203
108360
104338
111148
85496
93696
86306
83406
104086
81181
85871
87426
90159
110002
94219
101915
103322
96080
95767
108747
81297
101078
100800
97430
109144
85898
86282
82950
91295
112233
99789
92961
105386
104380
109820
96664
111791
102124
86829
93505
101248
84119
94806
104647
108137
95971
91349
88737
90460
90131
100788
81984
87115
113496
97834
92557
96470
85993
102501
82066
86822
100949
85894
88439
107033
97304
89326
102065
88735
96621
90808
109942
94820
84324
86918
83572
81327
105524
87937
95938
91274
113618
101019
81175
111395
109251
94232
110394
84338
107822
81740
107449
93724
112693
93606
107486
100503
91013
104941
113119
99983
96556
81098
94037
110729
110508
82567
102383
111047
105037
94742
99432
87915
97207
83285
88502
84703
108223
104080
84101
84851
90498
83783
86243
109384
97968
82994
81469
103278
106795
100995
108426
86857
89553
103019
81862
81721
110485
82655
101026
90745
94677
86684
84346
100424
87272
113257
111751
90183
98550
105628
87126
82467
88844
83423
102264
87155
106607
109364
82044
105188
85041
100663
92186
110483
97027
100515
85937
109498
82250
101400
110580
99215
108405
101148
110559
88425
82061
106079
86001
101413
102157
106819
103829
99528
109557
101531
101089
100197
91162
93875
91778
101186
81856
107666
94199
89654
108650
112763
95230
104277
106737
100794
89420
105680
82900
106909
83329
82198
97231
88512
103003
113471
109231
112525
95018
97963
111204
106756
86660
112102
103512
85688
102457
91343
105215
106266
104329
95738
82352
110330
107925
112466
85683
88907
87060
100867
86939
102439
113735
84375
100309
100627
83503
110174
110978
91779
96253
110356
102530
113825
88522
107966
98257
98122
82312
113621
82199
94041
105273
90534
108154
93481
98655
87289
102071
87125
113075
97009
92017
83138
92697
102707
109001
97504
104916
96842
99630
108844
86774
108875
109686
85242
96283
94388
96558
108657
107095
112794
88367
81879
105325
90116
113266
92175
84034
85394
92454
97375
104337
95074
103423
106871
84191
84531
92880
113071
106418
100299
101212
93841
87806
103575
110698
95127
92384
99474
87831
91701
97934
104295
85616
93978
105615
99290
91456
100532
89895
103012
109095
102130
88854
84765
94700
97357
95874
113376
104468
96265
85553
103337
110004
104888
97019
109633
100995
99841
84863
107294
95283
84127
83478
108676
86018
102316
100101
111601
103052
109600
85751
108728
90595
97173
87466
110060
105953
106317
111848
114047
82621
107637
98233
110251
88541
98731
88535
81809
93419
101823
107362
90657
110379
86966
101589
86073
86284
92181
108345
109329
111101
107356
83096
109014
91265
91600
113845
105365
112774
84093
92666
82011
81907
89980
94898
114075
98688
94578
111224
111055
85450
84057
88047
109410
92839
98179
101044
100046
100534
94939
109969
96258
112443
111471
102644
82694
84522
107819
108959
92129
91778
109031
106400
83387
108764
97701
84356
96575
105028
108563
92104
96835
91975
108376
111760
113835
101709
112652
105371
88202
94762
89736
110199
97675
104943
103777
108785
112016
93958
83247
104912
113304
86142
92563
99267
91110
88739
100216
101015
93792
105938
88216
98477
107573
112523
86082
92332
108482
98760
89435
81779
91575
85133
101796
107090
94837
87489
95802
107897
87739
95036
99683
93872
102274
107297
106887
92233
83237
95854
113021
106579
97733
100817
109065
108561
85740
98494
105634
100267
86640
112318
82808
104994
90779
105226
104117
91529
90504
92760
96003
82803
102352
113397
88399
93608
112231
102164
90061
82716
108480
90470
99389
88353
89144
90090
112492
109787
110001
84231
104957
100596
95869
106200
111209
95122
104319
107719
83013
112774
108940
88925
109764
91079
89623
93784
92284
81950
86798
84222
108141
110114
89599
83122
101439
92007
103039
107973
102347
98803
100300
88718
100829
83953
106929
110781
91704
112554
90282
95468
103643
81840
97609
110711
106627
101212
86744
96654
102001
95099
89408
100744
93037
91973
85546
101754
109067
90511
97635
91401
112173
114241
112773
82812
90569
99337
112084
91926
102125
95825
110182
88738
113408
99183
91015
95567
85834
90908
103259
101566
88759
96552
106693
101722
104663
86124
94856
93416
92714
82431
85420
109406
106907
105645
110372
87545
84810
90276
92333
82058
86158
90993
99577
92433
105787
94251
112397
113036
109088
112622
88296
105489
102612
108171
114021
103707
101555
94078
88418
88098
101667
91937
100386
100974
113948
97311
93936
108588
107495
91434
82949
81858
82725
87793
97452
96096
87572
87628
108196
102615
103950
96954
94406
90031
108626
111886
108263
91507
104711
93797
107776
100432
100222
103259
99725
104415
92088
89983
102194
103486
97576
97540
107940
93029
94905
85177
82375
106679
111635
92731
111892
103128
93210
82024
113726
86975
85176
82456
107797
83724
99293
105224
101290
96923
98756
93463
94900
93529
95351
93621
113458
112726
105621
96152
81746
85532
89939
91312
103570
83008
113089
83038
112933
88886
96591
82401
110744
112745
89487
85777
86965
99979
100156
91983
87976
94250
88188
97980
86112
108677
109154
94633
111160
95901
97207
100431
104151
95887
97530
90816
84308
99616
105893
90398
89502
100762
97970
89099
87836
102871
93790
82272
107152
95387
86317
92450
91969
93735
105518
112306
95065
92938
83072
88643
83852
95547
83989
83601
99834
96101
111542
110289
84055
84610
84551
106723
106825
82347
110925
102351
85265
108590
83629
90735
87406
91618
99254
88681
109758
114103
102754
92001
99431
88721
94681
113260
90741
106071
90935
110023
113285
91974
89999
87241
101857
81804
89648
83990
87788
109330
113191
98838
82881
100249
90629
90021
99351
111368
111842
104716
110184
93188
110753
83760
98386
106690
87414
84234
97853
106521
90790
105815
112190
90332
86158
99473
109115
86886
109543
98077
107856
94582
112200
97222
98418
98366
94188
84586
105042
112822
93878
108275
99972
84534
108146
94345
112609
92996
99934
90375
109098
93355
102377
88235
85742
99021
84666
102929
82349
112953
113140
86626
100157
83072
112313
92617
89197
108101
87021
104486
88041
87956
110396
109063
90973
93557
86878
90580
85981
93120
102297
98633
100741
113202
92296
100137
110172
94145
99868
95537
101502
92205
82656
111179
84859
88024
82049
89349
83194
86487
107917
107073
86178
95305
92283
93230
100154
110311
84972
97655
82190
88029
94256
85178
86933
99033
105996
111675
86610
85601
110266
84442
87800
105321
111922
95042
103633
90917
85160
100964
113504
106268
110678
108068
93254
96126
98427
88913
84066
109495
88228
100827
88124
92484
105258
100928
86948
99525
103932
85832
101526
84308
91294
86002
98657
86550
111474
85422
88584
107023
84023
84684
87273
93755
95183
83253
91804
85466
86341
100697
102686
83211
95758
110952
112175
89500
96143
107717
92408
82465
92640
109496
99057
102211
113616
93027
98306
85851
103465
89591
91625
87104
103477
105255
113371
90972
107392
99549
85870
92166
108768
109612
90038
106508
87219
98951
85934
95886
90216
109360
100058
98579
91969
98546
110379
86742
113750
107539
88867
105057
90590
107653
87865
114013
99754
105564
109183
91817
108274
85637
100994
113321
84308
105908
83570
108001
88346
94110
93571
96706
107708
86121
111762
84931
102309
92768
89868
84660
90682
108012
110348
97871
88857
99775
106691
107793
91550
103251
95517
107592
104876
94099
85921
114284
92330
89048
93082
99250
105419
85782
109684
110815
100243
93016
101736
94298
104599
92009
111708
110982
105860
82132
109572
100942
94818
84495
100686
87810
94490
92404
98301
101473
84790
104816
109203
94199
110825
100479
100725
109225
92495
88920
97610
92558
114677
95972
114852
98560
93084
88949
107746
83443
86586
92341
104021
102790
85570
105949
109473
107224
88357
109095
83046
86813
114457
90501
97056
86001
114713
92563
93772
85995
82477
111306
107725
95606
96491
102903
102797
87004
108094
101868
96871
84644
88166
111990
83525
109342
84288
102799
95877
89148
82632
100308
85922
94371
109788
82233
95504
90882
108611
92411
97383
93347
88813
88022
113604
109120
86396
98169
87916
99095
104964
109111
86707
99904
97295
90879
108573
111167
94693
104846
109762
88790
83722
87779
82679
106781
98311
103923
106538
111060
94061
103583
109070
114167
105496
110819
110329
90515
89265
108112
97674
93401
85110
114620
106382
82800
97598
86328
113700
83472
101047
101954
91424
96845
94963
102460
86958
91312
88099
106781
88120
84236
102306
106087
98697
83215
107061
100441
114482
96536
106897
102757
99116
111432
96029
82404
108224
86236
102394
99337
104100
84410
100929
109587
100967
105033
83851
86215
84750
98182
100535
100382
85248
112981
95975
89147
106783
83732
114124
101535
98616
86646
105252
94112
97181
113807
100224
100375
98832
98603
89163
107354
90083
91236
105224
103274
88926
106100
113115
88429
99937
96711
104779
87134
98890
104277
100166
83971
113433
85294
95077
86047
89555
86870
112754
103402
101924
111316
106280
85438
106311
109318
97849
97043
87083
98615
105366
84141
92878
93811
111338
102164
95981
106394
83303
95045
85984
97204
104134
98215
103872
107652
97161
84288
102858
91488
89220
95529
95752
99392
103323
111167
114734
108820
99789
97052
82882
85851
106098
111686
106367
95729
102336
96933
107004
98600
97428
112187
90505
99099
94064
83215
101209
89663
82623
86634
110055
95803
89697
110150
98962
90874
93795
112900
96906
88574
96014
112477
103152
82423
92708
107163
111673
107668
106854
84233
106708
94873
90713
86696
112396
85554
85834
97827
100911
85894
92560
109061
104176
96144
100625
97834
104202
83242
93448
84339
112678
106603
84485
92094
113151
102451
96565
82966
112580
93700
109795
84774
106686
101396
85567
90612
107570
98720
92254
111820
103561
102786
83075
94841
99758
89862
105373
83900
109240
91386
98576
110326
112329
90884
92856
92200
83253
111929
96811
109853
101607
84458
92991
95718
90881
108993
84941
90503
86211
83469
90292
104176
114862
98651
89120
111151
100073
108102
84236
102883
84195
114832
86021
104692
100410
101489
112945
112769
87260
94254
85905
87578
92780
111598
100739
90672
113895
93130
105099
111305
112775
84003
86610
95864
112871
114744
93423
86925
97129
84727
112742
100233
102613
104980
111470
105173
102978
101209
100728
97459
105786
83005
102380
105332
88857
109495
108726
85228
104374
112212
110081
105251
109381
112776
84802
84301
113532
111425
92025
107772
104437
85698
99508
96149
112084
96175
112852
109568
102057
86628
107411
97444
91800
96395
99782
114067
114103
111854
89568
104193
94391
110985
110008
82939
85191
84964
85388
108886
105141
99232
94277
88293
91478
112463
113916
87279
98089
107401
106942
108511
101175
88124
82828
107582
101693
104515
110502
90335
83213
87866
111114
83289
88370
84369
95543
113338
103635
113376
85814
87162
113882
106106
90075
99758
114772
101957
91209
112254
83995
109513
91060
85465
92595
104326
104811
99176
98675
94859
114709
101824
96229
106052
107066
98523
95855
110228
103430
94409
85810
115235
113226
109731
105522
111866
82628
107969
88503
90445
94624
87852
98292
90775
108606
115030
90087
102125
84278
85513
83840
105099
105882
110750
110853
104884
106363
104047
98741
87225
85422
113551
105388
107095
93391
112568
83718
113733
88455
104324
112199
115214
86027
103904
109051
89629
85221
100798
96153
114966
92919
89099
96173
92013
90813
104929
106294
89393
102098
95997
84045
95272
104886
87155
93704
106529
112846
106400
90014
93574
104620
105825
110284
83505
89745
95618
89463
96384
90928
103034
102034
111788
101045
108885
114242
95318
89606
97777
83264
98403
84297
112493
109440
100618
107430
88287
101904
99371
91214
111173
105538
83427
108732
89535
94221
100189
94267
105723
83377
85995
110760
109296
87706
95317
108665
87503
88967
106609
102910
95542
96747
106227
105447
102567
106643
86919
84743
84538
104330
105245
108887
90510
83770
99972
91710
90885
96979
107323
85007
87857
106993
83588
110292
99977
87417
102073
112714
107873
107459
102115
111916
97305
92159
88201
83892
90004
110801
88006
107360
101867
96831
112030
112114
82787
114381
111762
90554
105373
107494
113522
109847
103181
83326
98931
101180
113837
91382
104066
107056
98291
98112
108247
111128
94976
101955
86220
98745
107802
96641
89584
95289
93532
96759
108631
109605
102828
95556
104757
90041
88558
103438
95659
115291
90999
104354
93665
108392
84165
111322
107093
115251
94573
92740
103283
108363
106068
114560
110437
94973
99874
109546
94764
112922
103924
110202
84976
107003
109138
94440
115092
88257
87136
83987
97166
110305
98136
103331
112374
104673
100919
114925
85212
92252
108983
95512
82911
91980
108158
107134
106491
112777
84885
101717
91299
106892
104731
99215
97552
106873
102203
84990
98008
96605
107867
102588
96962
100787
115094
84170
85977
108846
83053
91383
111807
88242
97465
82948
92996
96419
104420
111109
86583
90979
90713
96010
84349
102678
93241
112895
105567
108713
91728
111825
91688
107026
84807
103123
107760
89561
108827
88671
93875
87511
106190
84160
97446
84798
90716
102223
98506
103897
90864
113885
96705
96405
88920
87633
96481
106305
92342
90770
102023
108946
96633
93608
86189
92010
108684
83742
110527
109145
88269
98218
101803
86117
107713
92688
84792
93190
95878
107331
114584
109941
89097
91597
85568
94502
93049
109682
102135
104339
84987
92176
113709
100924
112287
85194
88975
102892
99218
96869
87256
90685
104342
99314
92906
97886
83376
105134
84765
88852
96544
90150
108247
90623
113558
107423
101213
113183
93091
102068
93160
96663
112494
99649
102908
107696
110504
113792
92149
106016
100034
85362
86499
93325
86109
83585
100503
96589
87298
98403
109310
109680
85523
113217
96686
100864
105985
114969
94399
111751
88256
108129
111580
96466
110712
84461
98457
83701
105086
113426
105223
113807
114818
111884
92295
107599
102922
113309
109787
102071
100895
103671
105859
92192
97605
113116
114502
110591
99249
89348
115215
111974
86967
110783
85754
97486
106626
104923
97455
111379
86279
88776
89583
86464
107323
96762
89708
88205
102276
92047
90590
114726
98414
108082
88403
100910
111264
97087
115398
103044
86286
92711
83700
99781
106864
98071
92523
106770
87282
109780
98020
106259
86317
115178
89554
95803
99670
112901
97595
85070
106421
92319
95687
115489
112473
87515
104727
98978
114187
110257
103255
107543
85632
110412
84759
90795
109267
95920
95062
111910
98098
102048
99296
111868
113879
109247
101339
95881
106809
90869
103068
112283
114052
93460
96959
98609
102983
104892
105334
112002
103277
104572
99361
101185
108655
83769
106015
97568
97480
102612
106724
113811
111784
106247
101452
103126
88556
91024
105775
86833
103758
113810
94262
115323
100313
112696
83693
104413
88225
113563
107289
96984
84656
102630
109643
107145
94019
106680
103349
96812
84023
88777
92733
93920
93886
102865
105680
84649
102998
85669
101113
114875
91132
89763
93106
102134
115100
106833
95354
88237
112077
88385
95911
106155
106427
99384
91902
96376
104292
97934
99201
94936
90632
95704
101256
112533
101082
93893
114195
90750
95228
90694
103007
108464
95146
112114
89783
110356
86454
103336
90509
84265
112948
91254
90313
90372
94838
94905
86881
85909
96571
96134
84266
95275
115491
104265
99566
112186
84582
102828
97470
87133
110790
108731
111753
107671
102082
99141
108270
109022
115469
102021
110671
107226
87614
107265
110631
95722
83657
94387
87197
106088
86318
95847
115801
98094
100464
100452
105110
114264
86729
109134
92536
101964
106140
114763
112288
100344
91051
88933
108031
96859
115850
107824
83687
86855
91220
110252
112488
99685
115868
108140
102873
102265
114598
113144
88245
100583
94935
108145
87209
87927
109931
113779
104682
94805
112486
88895
106956
87644
99533
108314
115089
102291
108821
98032
85886
97272
106204
95549
85301
109437
112599
86062
95806
98641
84236
87299
93671
96864
91969
90807
98126
113949
83892
106467
107452
87679
104716
114656
115508
84041
92304
107307
90956
85135
92055
87822
112700
94838
107839
112765
85045
96315
102498
114239
110836
99959
87494
110158
94102
110753
93844
115327
109230
89812
94988
98405
108181
99538
99702
84083
109569
84554
92508
90210
96473
100438
105206
97490
111432
114760
96998
101940
103185
94118
90662
87271
111906
91507
111166
98465
85355
97456
112058
89873
109296
90147
91355
89539
115229
113495
90765
90947
110938
97508
116121
115589
95200
101872
98844
86916
112331
107254
100152
90154
99440
100807
91401
101488
113136
104654
102106
88774
97038
107415
101785
91573
104509
104595
112265
101315
105213
109589
113207
103063
93288
111777
106415
99677
84488
105574
98287
86636
97516
101385
103836
93222
100091
111268
95476
94496
113288
85775
98308
106372
94246
89694
92955
104371
85693
103338
91518
111150
88541
97557
113245
93366
113235
96776
97798
111282
95482
91839
105305
99538
99284
106760
87420
115698
99673
84551
102864
107329
95759
92862
97827
99746
108635
88587
91943
84562
93847
102642
86818
85195
109412
84061
111848
105449
113730
100769
84743
109644
94814
103427
98113
100861
101802
113531
88639
85332
93747
107704
89987
87833
94128
98915
91551
104425
107350
112552
114340
91867
89076
99315
115934
109412
114747
105463
106430
89720
87901
87029
87320
108274
115675
114491
96911
103734
106647
92395
105293
115221
111665
100861
108023
87281
93840
90247
95967
111905
91327
101436
86652
92822
114427
103475
91160
94655
85258
96747
103625
100011
111822
97675
85666
109422
93977
96110
98346
93637
100035
92894
95245
110589
85498
112160
86290
96528
97754
99250
87629
102418
95293
90320
108438
91851
99285
105788
114234
104358
100984
88127
86512
96970
115130
89835
85518
104070
97729
114596
108284
93938
85589
112351
107497
96467
112183
88360
94398
111552
93364
106090
101456
110467
89465
111211
91866
98498
88745
110230
115882
92383
111917
106749
112922
111900
110412
99486
85442
104707
97659
102117
109036
100357
84342
95859
85576
86625
93071
104222
112866
100679
85574
104249
99664
93757
110619
94741
89392
94659
112544
101319
85202
99634
101842
111148
86065
115690
94889
110379
109608
112556
98286
86074
92130
113733
101965
100132
96915
116333
94379
100361
98661
102894
96698
100518
102838
97033
98250
99542
97152
100117
86754
109657
102424
90217
88335
89557
114972
84348
115964
86810
109478
84811
105155
90794
91078
107259
96003
96889
103472
111296
85043
112625
116273
96765
100917
115001
91624
88237
91182
115639
87730
107009
108694
113620
109542
115274
89995
92671
88515
97306
107371
104692
94886
98470
92065
104766
115840
92015
106943
103930
92808
84258
100558
108255
108333
98748
89825
115579
105039
89585
96497
97215
108462
112591
96484
104894
106915
116383
93679
102578
101390
108044
85790
89408
101263
88199
99377
113405
87289
84201
94378
86832
110851
102234
111908
84186
92225
97650
105190
116211
109395
112031
89528
93687
84829
86471
83958
88481
87735
89390
87266
98294
93669
107929
85310
110726
91337
108468
102939
99055
99351
105137
100844
90018
98058
89906
91102
99818
94549
87401
107884
111402
96605
89725
112173
85862
115365
101680
89585
115460
103561
84416
92429
88532
112944
93450
91891
87887
86204
104181
112390
106524
91331
115726
87980
105689
86019
91760
109476
113175
85585
99815
108954
108966
84179
109397
109048
84244
111215
105300
116480
86384
100483
107548
99096
111699
84951
98984
108900
84514
99792
107284
105626
112013
110054
114762
100370
106587
99159
108253
108317
111978
110365
106293
104088
97265
115230
115437
91329
96265
91044
115065
86857
111724
115724
88076
98218
104828
108482
98488
91578
112007
106093
105688
94336
88649
113254
106155
101703
111538
89199
95809
95474
113642
92066
116123
106383
110739
94631
106510
103983
93518
115498
88296
104180
85888
113804
107862
114539
100182
94937
103813
110876
96774
104699
108808
91232
104792
100653
98938
105843
87142
98994
97892
112586
99743
94150
110944
113575
98834
83925
102783
94698
110058
90603
85737
92714
113204
84844
106435
108292
94185
96005
99158
91315
109608
88034
114797
110049
94659
113953
107262
111293
111613
98695
113933
104014
114322
90994
110286
108039
89848
104719
113162
110491
111333
95437
107715
92435
114705
110098
110363
106269
112957
107052
106610
105895
103540
106890
110543
100012
87697
105772
84865
101198
112641
84056
99334
113446
100042
98959
106027
89560
92620
105919
102517
101098
92487
87226
94144
95190
90270
99815
102182
103517
114011
99895
87842
113951
110450
106587
104437
109673
110282
103477
88905
108878
96761
109196
96533
87289
94800
110851
95168
108097
96535
94796
89993
115582
111129
97945
88358
110235
85860
88147
85931
96109
84554
88335
107950
92227
109995
90814
93609
90303
87415
110883
116127
86756
116590
89995
103939
104047
100650
95928
112597
99947
104288
104222
116238
105728
90723
103250
106046
98700
95209
102079
87156
113909
107026
95387
106078
100413
95142
88857
96689
92502
104862
108256
102859
102968
106983
99005
108696
112178
116578
98196
100018
84349
99119
94365
112332
89879
115499
88012
102480
104654
92599
95889
87367
89499
96956
87746
92026
84530
104940
90070
88278
102359
114250
85075
88853
111987
114412
103305
86683
93927
105727
105345
102558
97952
110349
116529
96394
87404
102779
111857
103588
91276
98390
114995
89581
87562
97871
106862
113481
106317
93443
109403
97248
106986
96896
105572
86213
85693
100357
95578
100822
98105
93706
114278
104931
96508
115072
116546
108050
85926
97882
112552
107649
104684
113484
99339
85550
108264
84691
105094
92180
113843
93557
89106
108439
94518
96586
112123
112162
111677
105147
94101
104463
109005
103050
98347
96967
85944
103699
98616
110122
106862
110289
102617
85297
110102
86563
112771
88529
87262
94800
109553
86051
105359
85961
95329
95427
86884
88495
89088
90742
98332
116885
109987
105231
111950
87687
105655
106387
89597
112715
92539
86939
107116
113638
103789
110586
90163
110691
113665
100512
92307
96975
91033
92606
96519
97416
88754
86059
107035
110264
95579
114951
102529
104220
114412
99486
93282
96778
95220
100494
115442
93618
88179
109869
110151
111268
114250
98853
110443
95634
85999
112225
93872
89687
95077
114477
87619
102457
88428
96920
113412
98155
101621
86301
100245
114646
104152
105091
105905
110874
100809
84482
90560
109519
101001
107943
107688
103440
108633
101626
90085
95546
104884
103133
96220
101105
110909
93879
96364
88932
106231
100562
98247
116434
86452
108034
84864
110670
101584
95880
105445
107455
99870
101429
90510
105770
106531
97235
92470
87348
103554
110016
96714
112354
107192
106972
104640
90788
104201
109221
92330
90770
114106
91041
87563
95221
104065
91901
99945
100873
89146
99955
114083
93697
111835
101233
109957
106572
105898
115319
91034
89879
92078
87488
117057
95763
88163
113446
92675
113528
115378
112960
95268
89674
109599
116685
108408
92635
86597
85845
108152
107153
107647
101389
89493
106473
99817
104444
95437
116668
93063
90204
98171
102081
109251
100931
89715
107092
101405
100994
100430
89973
95774
95437
109571
113428
115853
116253
90552
98188
106470
110163
89559
99181
92424
105758
88675
114046
101678
103966
109197
88578
87584
102474
109698
111931
101035
91279
101768
89901
95054
102329
103497
101540
104246
84887
91502
104824
116077
115546
95856
98320
114254
91967
107179
92709
102716
107374
104117
114376
98963
97825
99821
86439
101855
90376
89687
104332
88140
102893
93863
99366
108382
106132
111259
95500
110562
114661
113038
85503
86309
96332
88907
109167
102499
94561
110367
116801
92290
89284
96562
102352
115200
89163
98838
89394
108331
111968
101537
93884
100496
86948
89592
105672
107957
89817
101357
114357
93707
92158
99723
90416
93726
94651
100846
111026
105743
88064
98649
115530
106052
88810
93314
102557
84830
86246
89648
89899
105067
115736
111368
92116
111709
98046
97188
92314
85948
85072
85222
99240
107415
93739
92812
102292
100032
102511
98308
113889
102201
113254
88961
111816
116201
99238
89934
103735
115347
102456
105827
93723
115721
104441
86326
107483
104605
97601
109523
88868
92889
112323
108079
86508
116336
102580
85433
117169
92531
100656
114483
91906
112072
84953
115648
109121
87769
102593
115774
91559
94089
90762
100053
87176
91244
102347
92880
112601
103991
84918
104108
105455
106613
115192
85103
109449
94332
106977
88124
111633
116896
91333
85283
114463
99238
86946
99389
91455
109692
102402
102905
114164
114215
107555
107953
102653
106492
89686
100225
109782
111123
97189
108632
99970
97785
91576
96335
99976
90021
100346
96058
108348
113325
98295
111485
116799
102330
109832
109346
88905
99898
90931
115496
85542
114260
116045
117021
87551
98081
100961
111343
98267
103705
111190
102655
109157
95435
93643
91767
85232
95698
113990
89054
110520
113156
101262
98281
96619
103660
116565
101012
112104
100219
114714
87666
113222
107514
117326
99393
100888
93763
93878
97474
106991
101425
108816
115912
84769
88661
96761
87950
89289
112874
86030
97101
101903
107787
101458
115726
114090
94756
107984
112829
86691
112551
110721
85632
105051
116480
84847
110151
116687
114122
113179
96419
96283
100419
109852
97243
90173
92157
97802
102461
100380
86743
90778
102066
112329
114220
88842
103829
95236
109130
90048
102341
115458
98854
102958
111097
96877
107342
95480
90708
89517
107038
94041
114234
88934
106039
106435
111201
103745
113453
115141
88363
103664
102784
109362
103219
86636
109518
107648
101925
94081
91206
106606
110036
85133
112224
104169
101254
88709
88267
100145
98194
85560
111527
91448
92462
104664
100085
95819
108674
117174
87372
90355
98049
113997
91853
95262
117240
114050
96345
92538
84839
96042
92929
108322
95505
92365
100285
115836
92623
110249
109409
87649
108841
86010
93902
116351
104743
94585
106341
113148
90725
102691
105410
84828
86630
110395
92326
105381
112682
100498
102964
97985
93955
116230
109921
116515
101284
116041
101798
95406
89979
89828
99063
117458
116289
85371
111609
102904
94671
105042
92272
100384
108595
111376
88054
115912
108547
101571
86259
103440
108273
96293
84937
101661
106144
101150
114255
92091
89014
115593
115585
87366
99123
116539
93046
90314
98817
91457
116626
105065
105163
113770
100092
102909
99859
109318
112466
91391
88191
93164
97692
91048
107380
99522
88959
102741
99302
92536
87220
99376
103279
96534
100536
92173
94110
112568
103620
108690
84881
92630
86527
99995
114630
95433
115699
105692
85038
108683
117565
104393
114819
87743
94345
107698
98012
88817
89022
89139
85119
96286
117622
109515
107766
110455
106673
99019
115557
95330
86730
116338
87578
90562
90026
86358
102502
87160
101435
98821
102059
102186
100639
105709
114871
117570
85923
99705
85584
88890
117486
103037
109072
115224
106879
98772
116340
91188
111318
85832
106799
111937
105840
94897
104644
100235
90361
117089
114771
90238
94398
110272
107955
95848
117345
100404
114114
113536
91344
116804
92921
104998
101239
109820
86596
116332
96693
114067
94736
116950
117389
117579
110501
108126
102559
96665
85686
117179
109142
102790
100150
102883
108130
107605
109934
109007
85097
115046
106573
101758
105977
115546
94719
90172
91074
96376
97985
96292
105218
109135
91635
115428
87872
116893
104814
92096
93245
113520
96025
117466
95272
106635
106679
87472
99857
96267
99843
108774
110752
99403
87295
105286
101639
90372
115849
109061
97845
103865
93487
114247
94284
108370
107588
93158
109654
93447
101683
101743
103476
109695
87316
90478
88790
115001
85117
101612
101554
86828
86939
108341
97390
90282
85121
111327
92128
106378
100287
108551
92473
96646
89911
95198
100477
108514
95020
102757
98615
111183
114076
106356
102506
87310
94160
104449
89802
103000
85553
101535
88876
94974
97885
101445
104764
113229
97146
104017
100462
102708
107723
114380
104247
93353
105088
92144
104060
111432
89299
111847
94539
91709
90448
104918
101577
86373
103028
109850
91243
100016
93562
105938
112233
108746
111218
95133
87152
116986
88723
97189
93336
89162
116946
100060
89749
101352
92340
89477
94513
91340
110432
101367
97274
109211
111352
93341
88375
86475
117801
103234
111649
91401
95745
97675
100176
88535
90113
109765
89972
104570
91764
101601
112197
113427
91391
85181
96701
116748
104312
101286
103300
93109
97531
98330
99500
95535
94523
97234
92574
105098
94231
94464
96852
116778
112494
89301
88777
98159
113459
113478
85934
100501
106436
92176
109407
97240
110199
102649
100117
91612
96374
105817
105565
101197
105422
110298
86729
102338
89794
106364
87525
99304
103781
106716
116588
106204
99688
90293
90556
108248
113712
87719
106120
85266
101163
106295
112077
98529
106085
100376
100615
97826
90454
111017
85668
105178
108031
92606
102841
104477
115253
107427
88564
96814
104252
110942
102354
109543
112535
107061
94481
94555
106271
92784
108905
93627
110931
112736
90999
114806
94703
105120
91642
97700
109504
88987
102721
99749
96694
112206
86244
98309
91707
116816
87475
97699
103619
91407
109548
99859
108964
110172
98737
103488
91177
103978
111032
116310
106209
109970
91717
115935
109117
91419
92245
107820
111962
107065
93980
117494
112924
85523
99250
101701
104828
115081
118026
107153
94499
111222
88099
104487
113463
99890
110722
88271
85877
109916
89311
100012
91264
93398
103455
109667
101496
112656
114306
100736
90063
98442
104222
97813
117336
106132
98700
88483
110241
112473
92129
102718
86915
115739
111839
106733
86007
106176
114285
105552
92459
112526
111685
111237
104150
88115
91885
108875
106952
104456
97000
103272
102597
91542
89133
116297
87955
117082
99800
86761
97362
116165
94752
99828
108300
96391
116361
111403
85901
90381
102490
86026
97653
94280
107858
106920
85643
116145
97431
98784
112468
114058
103407
98222
111077
111718
111922
89819
85749
107499
110592
113373
89398
97495
89007
86265
105190
90689
95623
112042
107936
109090
110386
96582
105593
116499
98670
98271
108616
98136
104197
102503
89669
103710
91135
89880
110806
115713
113942
104211
90789
112593
99178
108360
110582
90262
112758
87701
107064
116689
101955
90930
115161
117509
116699
110924
105055
89974
97793
118000
115893
115505
105503
115499
93122
114508
108928
104048
98112
89967
111295
86585
100556
115348
92032
98801
87865
92426
114781
102162
95274
107456
114980
117387
104416
100544
109375
107876
102224
102650
111731
89252
116857
115523
103886
105587
96500
102557
100058
89724
103117
116153
96535
100245
97169
112058
108456
100514
113064
98876
85837
100022
101349
107669
107153
85628
106332
105562
85573
104150
87924
91942
107052
87747
89149
107926
111096
111238
90883
102808
98933
115717
91427
109030
104197
115311
112925
112333
95052
118049
115179
101427
91436
89547
108689
109784
109300
107982
87030
111324
117204
88809
103154
106882
108693
112405
109736
99379
115334
110509
117526
97990
100026
108498
95210
111358
112496
107022
99223
106324
89555
111927
89769
88823
108004
116887
118101
86802
112308
88905
111957
93517
88790
88806
108019
111510
101652
118114
92771
93473
114017
86576
104021
116909
90639
114349
114891
97290
108866
88507
90408
97496
89765
96940
98954
112273
88411
102243
115034
90570
99897
118197
116514
90293
90674
103445
112798
115947
96530
114033
117269
90728
113776
93271
93673
103383
116445
102748
86382
103441
89954
110782
105464
102624
86314
109384
107576
88840
93051
102006
102344
87944
114155
110554
102660
103965
91344
104382
112412
110856
96760
98059
99431
88593
97690
91242
114426
112844
117645
97448
110458
97819
94392
98911
115246
86260
95434
108755
114264
96356
93227
112154
100294
91860
91698
100480
106148
101004
101272
101161
86420
100213
98604
89592
87553
114211
90825
111792
113327
115730
92805
110937
92311
110896
104492
114150
108019
91804
93421
108820
85909
111278
102226
101013
113788
95799
93046
111214
98217
110346
107378
108446
97327
101307
91160
96768
98186
93350
94692
93042
87601
95795
98863
111671
101999
104537
111782
91802
89454
110433
114939
112084
88725
106989
109786
107568
99603
106552
106015
89197
116668
92319
105798
113252
93973
111969
89122
116459
116138
112547
87250
109304
117416
115639
87282
89610
112295
103069
117006
103364
115400
113866
89180
109787
91648
86569
114858
110387
97459
111456
111253
100677
102021
102484
101884
107716
108141
110575
100020
101504
94475
91425
88445
108938
103739
87332
100661
88985
97002
94981
97356
94380
95272
87136
102008
114673
97407
115563
92842
93158
98947
111157
115008
102334
94123
95024
110204
89094
90719
88814
91445
91784
118354
110376
94668
110960
96018
100100
108898
109997
96478
98455
104776
113818
86967
94121
101047
95454
109753
92601
93890
110225
113068
86849
116360
105120
101079
86588
89006
92530
108308
117220
89357
115915
110122
115648
111527
106737
95574
92638
107488
108814
86571
95838
102123
117462
100253
113712
92290
107881
100696
109853
111834
89979
100694
98572
107222
108722
99248
90750
104059
92751
113844
115804
112548
92945
91449
115954
88310
92758
88367
115259
117527
95876
109690
99167
94235
98983
96769
105338
107327
98140
108801
92575
116954
97005
105640
88605
105104
101565
98783
118016
99273
102375
110439
116187
107105
94498
117799
116933
114594
103400
110532
100514
87407
103127
110963
117412
95169
89943
88331
107281
105048
99453
108127
94022
88746
102703
90826
110844
87584
93577
110859
110282
93313
106368
118611
97771
110254
115397
114589
88386
92561
112620
117310
92571
89424
118478
102077
90932
95430
94252
104164
105596
102707
101013
106519
98842
114226
116361
102117
101425
90604
116190
114909
104674
114060
94819
110755
86035
86515
106436
106563
95343
97452
99501
114116
116142
90402
118578
95745
88087
94736
88175
92596
99651
110394
113515
112852
88611
93019
86851
104481
108101
110174
91268
91389
102482
100304
95704
109437
87004
91542
105445
86720
101462
115419
113778
91007
110948
115533
101579
105702
108630
102025
118631
117666
102126
98259
103625
104252
107370
97803
99236
113061
93630
102364
93250
87314
101922
98359
109350
89097
87244
108288
106225
114620
100095
109063
112002
88215
95556
117305
87137
113941
116472
102680
106590
96983
106246
94824
92277
91639
97782
112171
112629
94874
99623
114384
87010
117956
98136
98216
108439
107121
86637
112537
91311
87009
114288
115734
88614
97843
101847
106574
116412
103477
105221
91300
109210
96635
118547
88672
89144
86958
97743
96164
91262
99879
115461
87969
91690
101308
115966
99082
103537
107226
98375
105673
97513
98261
98483
116466
108710
96635
109475
87029
88227
91119
98181
104471
90468
101813
93339
93987
92634
103177
109310
117340
102791
97141
111074
88759
115171
87458
111643
109383
110333
116079
116193
114681
117605
112704
102352
101505
111434
111512
111410
87956
86752
94699
115585
89688
117764
115117
96552
117785
89891
88751
98698
88637
88920
105899
102469
109690
88532
94750
103864
113990
116867
112213
114371
93839
100333
95691
106957
103085
106586
88498
113932
98709
86585
100304
109056
101967
99778
91020
109121
94378
89563
91465
94587
96046
94776
97266
86199
103762
95431
109782
108252
106991
116299
91575
113269
88565
114246
111901
90292
97117
109085
89328
103863
101470
116599
95046
92683
107236
114150
99706
92527
114750
89033
94590
89818
103702
105073
92530
104895
115111
109954
87413
104591
91690
106908
100283
113792
104337
118331
95967
92813
101496
106204
94843
114109
104025
96098
99831
110249
113407
112567
97694
87096
98877
107190
115191
106926
117727
109641
97618
116197
115169
94926
114593
102361
113375
92096
103561
97387
106701
93075
114617
86366
110568
90335
103291
92582
106988
96961
103816
104162
104840
117375
91681
113703
90639
118890
105819
99839
87920
103433
103099
91057
100968
100211
115458
107971
95478
113149
116810
91582
86800
106005
104530
105265
95124
91758
97559
98808
103809
114270
97188
112062
107879
90500
105770
108225
93980
87725
118355
117717
104369
86520
116948
112044
95140
98873
113474
91988
101719
118172
107302
104449
94145
115083
101715
115213
100708
113105
110711
107325
113535
99071
103921
102982
92548
97294
115938
118160
105676
97095
107399
108345
102538
96864
99014
111197
113150
118248
100358
87445
106731
93157
92484
91837
105546
99771
110435
111611
116544
96591
94916
105980
115278
89453
116247
108417
103624
109927
115569
106011
115336
88063
94110
114738
92643
112007
92088
99404
97756
108871
101624
91532
94360
94751
107213
88441
90642
93806
103211
86786
108304
87858
118054
95934
113750
112240
94655
91256
96793
105686
115454
113130
105398
88735
100673
111305
94116
114615
90835
100866
115623
108319
111040
98372
90439
86420
105448
109502
110209
86891
119123
95530
116412
104896
101572
91658
106495
117455
98961
109617
102496
99746
111025
95878
116672
115949
117527
102149
102837
92470
107326
87558
95176
110136
90630
99010
97249
102282
91326
118035
86783
90236
99970
91259
92204
105282
115399
88168
116657
109396
91700
87478
94854
112404
115124
89462
117260
109745
103369
88302
91134
104012
105507
110304
88741
96602
101745
114192
93516
116042
119159
90368
99572
103783
86880
89854
94537
117247
115798
93792
94676
113861
101969
109583
89969
103540
92460
109634
100868
97205
116222
100492
106088
114499
99495
102169
108712
104269
108457
96053
99954
106524
96826
114445
89544
116213
89239
104122
93177
108609
109210
97403
114896
112619
94351
93762
113163
103690
90692
87155
86798
94144
116831
100840
105689
94305
88052
107832
94776
92888
108631
91961
113721
90439
113455
94915
88803
104942
117452
111031
99877
117838
86715
101184
113421
108942
99991
118617
100667
115741
109345
97168
87188
105113
99731
113929
89915
117232
87346
86981
110525
109253
101155
113444
108427
89621
111743
113577
89518
101658
117418
117246
102838
90223
89568
87864
117491
94838
118288
95835
96232
114935
99822
97057
107005
90633
93252
95735
100724
98358
98184
110921
114078
90586
118708
103423
99663
98252
117330
101704
109455
94016
101590
93590
99474
107244
110897
119018
114411
116586
116899
97873
87292
114398
96465
90286
111281
98264
93975
97467
90990
88956
106015
100427
89157
93920
96691
100050
112237
115637
107727
102182
93679
91178
116219
106119
96419
91661
95703
105694
117083
110899
97272
95810
103262
99611
118258
93632
90648
98766
99510
101724
88335
112649
113695
87891
110617
99486
102599
105635
114637
113432
110623
105677
111159
91038
110271
86746
109520
102426
104698
103324
98476
101530
94646
90422
117238
93942
103290
104415
94106
117171
108489
88034
96833
99879
108719
119017
115074
109022
106649
119420
117334
101181
105578
116165
92621
112997
99274
95382
98304
105306
117697
115117
89927
100965
112518
112182
111532
93110
105361
100497
97951
101710
87799
98390
97003
117276
95991
88982
97512
112998
112848
104804
107250
93547
89558
118164
92699
99655
99781
90563
97053
103958
99157
92056
115603
110428
89871
90184
110440
97957
97374
105824
104079
87656
103657
106175
111348
105521
97824
102881
111283
90623
93461
87652
113289
110315
109710
109508
93319
113419
96600
93290
116494
107158
96478
96741
94199
87113
97786
114295
114706
114441
102410
92115
107218
99017
92231
114469
106054
108718
88402
115283
104267
108145
87312
90754
108033
110854
99512
101341
102011
107131
108330
88721
111035
96034
108931
106780
101085
108018
110062
107464
101522
88107
95421
109938
94928
115769
89016
90512
89288
110555
92084
94067
115481
89476
101480
101065
106051
92418
108157
118117
119134
87901
89060
91715
109836
89602
87660
113094
106156
107808
101524
87877
90064
100691
101533
92102
113137
106624
97764
96777
111202
99840
117871
118729
111235
111104
111302
102462
98359
90151
103940
99302
105112
117114
92205
114053
118505
111997
99522
87147
104907
108187
113555
103413
108724
107976
97749
115798
102302
94565
90484
94359
100092
103268
93867
118237
116210
107180
93137
108523
117957
111551
105334
95975
111505
113818
106670
98913
119098
94173
97709
112017
118436
119595
90260
100576
96807
103636
111243
107691
94013
91313
105744
106819
91774
87120
96654
100408
115151
98897
89906
96983
108758
103696
115450
106993
117169
116869
89615
117470
102887
103272
118356
87490
95134
108440
107839
88335
101135
119229
88296
106059
112696
97324
117599
89108
98512
88332
89155
119137
118400
96183
112784
108042
89424
117091
89273
111755
93792
88322
97527
106757
103128
113255
116704
90501
107297
95401
112443
105353
112214
93132
90899
96960
110069
101790
101130
91410
109019
116192
117232
110560
96367
97702
108436
113293
87837
109057
97498
102973
104198
110042
89614
99036
96757
103201
98168
112995
88981
89896
116785
88918
96994
99913
100149
112529
96222
115407
97976
95301
88453
119572
113086
89662
110594
90854
90086
114023
108323
107567
97158
119439
105739
88789
91645
90733
102695
90080
118341
94690
98147
90075
101832
104319
97181
88188
114549
99911
106841
104839
118034
112054
109495
117999
91860
117506
117155
117310
104749
108448
98892
112952
95461
114954
114135
116667
97644
107968
116308
95978
119151
119692
87281
115595
115113
115467
98157
109996
117244
117865
104912
91021
106688
117100
90202
103354
118875
104628
97721
109176
102161
91713
115071
97890
117022
89397
105170
110676
102658
108251
109413
115336
92701
88809
100008
109311
106875
115970
94524
91427
108785
107391
111786
116394
108649
115567
88916
105405
113018
105948
92332
118362
98620
88657
90531
105719
105562
88728
112997
107624
102760
111560
95811
114946
114039
112768
107248
101121
93927
96365
90097
94759
107133
88338
108879
113830
104117
109512
107663
93504
108890
91395
101091
87213
111443
88280
99234
119357
87744
106684
99062
100286
95046
102031
98517
99488
111782
119001
105522
109655
94101
109651
97908
89089
114888
93865
103207
103241
107086
97918
92145
107659
92962
109744
116936
110649
93441
109278
93283
94077
107641
117544
115950
102943
110403
93494
116994
111530
97490
113788
116948
109514
93484
107452
107437
114169
119289
104908
94618
93274
99801
109465
95588
94693
101883
92012
92866
108485
96748
101740
99534
88574
95660
108901
110774
118611
115207
96711
94388
100455
100130
116722
90944
96802
111957
103856
117380
116566
92216
115715
108560
114083
98305
104226
114895
104856
91405
113598
105785
87578
108988
110985
88523
101130
97922
114425
89012
106274
109627
119369
114130
119072
100543
95170
100828
89127
104887
109880
102881
113506
88495
101079
97777
119018
119660
104736
90650
95210
100223
99374
94358
109057
118810
113726
105538
102375
112419
115566
114514
111956
94855
100549
105027
94237
96977
95348
114450
92832
94203
100699
113836
94563
114819
114639
106149
115704
116418
97691
103724
93476
118906
118596
88383
91712
115886
116370
106779
100830
89014
107083
112887
104880
105874
107330
103409
88998
105087
111248
92489
102999
102856
113954
111053
119970
96991
92276
104852
100501
107692
99483
113135
99725
89893
89993
110493
106911
90911
89485
90430
110135
93283
97049
100874
108543
113157
105416
89283
105987
92401
117407
119528
103442
89287
118676
97324
91239
109289
114252
90663
91273
113618
90665
119882
119151
104105
109444
110616
116456
101141
98871
96659
116282
109908
106847
88053
102409
88199
90208
117409
87419
109392
101673
109145
99482
111263
113593
117425
111610
112329
110305
118724
94619
89819
114252
101413
96528
106029
89534
97049
103649
106554
108953
109315
110383
108206
105637
109599
87446
101825
119568
87923
111704
92868
97972
98819
117943
96505
94361
94277
92834
116904
89019
105940
105876
91247
111885
109928
112826
90330
119997
103686
106068
100916
113850
88692
88669
107676
108660
95216
118894
94811
117219
106785
98528
95348
88010
118862
108849
104829
119101
91086
115624
118446
105057
93120
109116
108344
87667
108540
90291
101847
107275
91721
117255
111787
104610
102608
118029
112452
111698
98512
109656
107260
102110
92564
103772
88457
99570
94114
109263
98770
111788
114742
101973
97026
95322
113902
109915
99803
108166
102343
120131
104526
102192
113480
119490
102216
101978
97021
106631
111310
91082
100391
92446
114764
90123
104114
90131
93994
108213
106087
112218
107425
91630
115811
110062
115661
108337
96456
102585
90883
105806
105650
102068
112484
103346
115821
116559
101810
90857
92645
98835
110435
101985
107357
88710
93940
94065
111204
90959
118400
102809
98053
99482
95377
107532
119615
104894
90934
107627
92853
102941
107862
108244
109221
104780
91715
89883
103966
100981
108434
118615
119406
111353
100651
114593
118746
108633
87964
90904
92819
111958
119987
118313
104421
107095
93771
107021
95152
89356
87910
102802
115228
115537
112508
107295
113033
103765
91155
119794
108741
119547
88208
98477
118146
100480
90189
112401
93959
118367
108267
120073
102693
98417
107242
104682
119661
94297
102006
100089
118944
104223
90756
116782
103015
100891
100382
91703
93508
112405
111611
100544
88265
109482
106579
104434
104456
93169
104689
92217
116298
105567
101770
119627
105476
99048
106061
90726
98310
107367
87739
93656
112886
97088
101049
120261
119549
106564
100836
112677
101824
116437
105764
116748
91794
95050
98948
109102
103143
88725
88897
96930
98060
112162
114720
90086
107798
102147
94213
118564
118809
115787
117954
91571
106394
118967
105005
97249
89926
103316
111477
120048
100068
106716
109238
102494
95880
89251
100042
114794
115465
91569
103267
117203
108214
103281
96086
94435
92741
101130
99642
112556
88588
110539
96818
94610
105332
94924
106247
110601
95914
116178
98170
93344
92311
111988
109528
103487
102675
93820
112846
87980
119125
111248
94591
91476
110254
98322
94164
94281
118136
94532
102163
108679
104521
104112
93364
100475
92012
118983
93040
105414
113809
93384
93338
107326
91843
100579
111538
113205
107163
99231
108600
90367
101043
96889
92606
102574
93278
105421
92737
113696
119958
118778
99001
90684
92470
97730
112111
103800
90730
93679
103823
105630
112739
102972
97662
102609
88399
111474
104813
105675
97160
117458
92335
115048
90123
101043
111687
115560
104749
88684
109382
108144
108937
117108
104788
88403
102205
114120
93068
96144
102230
90509
96141
115740
120200
103415
112845
115041
113699
90473
96305
100998
118850
116446
102875
119281
91717
115847
118084
108810
119426
99253
97162
95554
105016
103418
118795
112213
110788
99211
108338
98763
103704
120553
110481
88005
90984
107457
108848
111862
110374
119568
110373
99824
112945
118410
114533
90017
120394
105789
95450
106781
104903
111474
108470
90782
104587
96724
92166
120264
88117
118740
99978
97074
114328
101707
106436
119075
103788
116577
89423
90009
95810
89263
90482
116112
111294
101536
102645
109440
101632
106013
110387
114472
119907
88425
98417
105610
113258
88393
91758
116791
95223
96105
109371
106188
96958
88059
93773
89533
99066
88225
92113
108881
96606
91789
95807
111598
105807
98278
109106
92823
101200
91246
115831
117427
117694
112995
88676
115984
113085
107683
103531
119335
120434
107283
113391
105378
89203
106048
99669
89883
108411
99655
89951
93735
115811
93427
104629
94099
113997
97062
111301
116205
95779
106874
114893
114502
109888
92967
101942
94775
95340
90664
98084
93218
112142
118681
89931
103610
105117
88932
103172
92870
90712
118556
89760
97826
100151
98345
112636
117510
113441
107814
120405
88714
104031
105095
95326
117866
100945
88703
96400
110087
93279
109601
96194
115375
109875
118213
116217
106782
102437
106157
100737
117317
95991
101352
99389
105802
103875
115831
100155
117967
107313
96431
115851
113015
88301
108766
95058
120230
88153
116529
96794
95881
116607
110805
103276
112215
113225
115293
106657
117718
113652
101220
106229
97056
101570
91507
94941
99239
92143
94757
97691
110455
91623
115848
110863
92091
118454
113095
103888
94851
94400
115974
96123
114116
118706
111246
109387
88992
114616
108074
107754
103400
114929
88272
118151
110304
110368
88452
119081
89410
104868
120186
120387
90501
120746
109435
119688
89694
109729
118409
96256
93832
102638
113606
88412
92609
94945
100242
89223
97045
99304
116212
101501
93278
91651
119355
119648
117516
118136
113125
117193
117282
92872
118463
102492
99713
110817
107598
92063
100969
117653
97390
96780
117053
88651
91961
101476
119942
115445
105002
100423
102715
110914
115330
103682
113728
103956
120555
111272
92460
113460
109660
101220
89679
114501
119356
93965
94708
101878
96714
109819
117987
108668
93372
114713
112170
119360
120614
98620
117789
95700
92318
119731
118428
120364
102558
98336
89748
90123
88618
110982
120520
110523
109234
116898
106962
106241
92217
96639
110948
94032
117431
91973
96980
91197
89276
111185
105688
90675
94039
109707
103054
91496
99638
108532
104383
91407
96526
103295
107108
95952
90942
88610
103785
116341
98991
112684
102578
112102
109822
96985
98908
112983
100829
89636
89413
115648
105910
97500
104654
120717
92050
100090
89567
102295
103994
111154
99628
111700
104603
104648
117431
110922
101743
96933
88726
97994
120346
103594
105207
119770
118994
98884
120673
111731
97795
89409
110909
110573
103666
102370
96660
91063
117664
101681
120858
104011
120305
91028
90988
97889
90125
89507
102038
100963
100359
107831
102360
113698
105149
105667
107690
93383
104447
90856
120573
101644
115187
111683
108484
112044
113591
106378
115379
105495
97097
114647
106310
114539
103076
94531
111366
90528
103468
111543
104712
106754
104012
110591
119478
116197
105054
103200
99793
104596
88779
111596
89015
119690
115827
112339
91618
99813
106319
107516
109490
96791
109140
107413
116076
95455
110235
119911
108674
90232
118208
94381
100629
112656
102280
111910
95416
116603
94918
114281
100983
103209
99711
118905
95256
97365
116812
113817
99488
95616
90368
88417
106521
88862
90251
114962
118931
115855
106526
117287
109673
90448
96656
93740
94661
112243
89857
103123
97126
118860
103869
92485
94881
113774
104546
120758
90790
90070
91206
106812
102661
97637
112147
114657
114545
98452
96692
107767
113347
90211
94581
119723
88898
110226
120933
100829
88609
108308
99327
92975
106569
119745
117002
90716
94809
104523
108478
109772
105963
113267
99112
115813
101402
113276
92112
105379
89409
102368
107928
90091
94724
106051
114919
112156
99733
95909
98055
107880
113968
112859
102860
107618
119016
108864
108151
97367
111014
118440
89049
95970
118895
109717
91068
100795
92901
93614
119678
95440
98577
103020
92159
99991
120927
96279
114878
96930
110570
117745
120382
108148
100858
114353
110511
92307
110283
101426
105418
101854
117905
109421
94461
106785
121016
113317
104648
121063
104048
97249
92775
104335
91753
95647
104625
111010
115675
101319
112448
93796
103114
107742
105170
95913
107400
110460
104687
108010
102267
105472
92876
94616
119584
106114
112496
88752
117072
118025
100629
105872
93123
93694
111057
103433
97490
101089
90997
97717
97921
105275
97974
107147
105148
89044
89482
99248
90337
108069
105685
102032
97407
89104
108869
99886
117086
113615
103290
104120
92351
110635
94059
116575
113636
94446
115461
114278
92115
100250
116757
101240
116312
101467
99687
93246
92233
110395
99119
114481
101645
90517
106153
104621
111455
111564
114941
110151
108368
113468
97637
101473
110987
103537
88721
117244
117725
120215
117579
110285
98037
99634
105047
98194
118120
92432
118173
91302
118776
115067
115850
106195
91925
115891
103859
97896
107940
93851
94139
118924
121088
96434
98679
112338
119358
101957
109905
105742
119990
102627
101354
115046
118206
98578
98820
98988
113081
89920
93598
92395
88657
104700
110176
105535
107008
120422
101690
114154
96469
113636
116553
120741
114293
95255
114682
120116
109920
103950
106097
113725
99189
113593
88620
104026
103353
89248
96995
115053
107860
114900
102323
105012
115676
106534
106876
111901
91350
115096
107656
104795
99962
110353
109933
111161
109495
119125
93492
92846
121207
100403
112826
108338
96548
103169
106327
102865
115819
89413
119998
93310
106048
99253
94756
89513
97570
107874
119461
92948
117408
120112
102115
104162
89116
114569
89072
119537
92367
120914
119150
114281
106765
107806
88820
90517
117450
96162
121012
89074
100190
109674
111451
112774
108165
115146
91961
89203
109226
88854
117410
115660
90725
99349
103316
98471
113474
116916
90265
110708
111044
95480
116975
88973
98985
102710
112615
94990
98672
93830
104331
90342
112665
120693
102019
89646
111660
112890
120122
99258
107772
120748
91708
116974
110381
91441
101859
91347
104820
100858
105778
116074
112286
112429
115713
102721
110804
120035
120410
91971
104989
106644
98596
118996
91684
118735
111102
104990
110908
117551
112238
99493
96417
103818
120379
100386
108544
111467
93463
103822
106554
108227
116609
102525
105318
119515
116458
94893
102933
89229
102679
118239
99801
121524
118470
106469
120072
92897
114068
109821
97213
97872
104734
119901
91680
95002
106343
103183
112615
118187
111738
108799
109853
108151
92496
103507
96290
106473
92659
120570
114932
96412
104164
113288
108972
101838
118202
99905
97356
90642
107789
88947
91575
97348
106386
109578
90625
111298
105095
98142
114153
112345
97106
96591
119204
95358
90213
120724
121053
105023
121188
121168
101369
89465
92810
115942
89759
118474
89929
98319
100216
119497
110640
93738
111923
103157
98322
100563
103629
97004
95333
91830
101647
103902
93416
107685
119640
90176
89737
91369
114076
90565
120197
121046
95661
107402
90833
100515
94649
120464
96441
118136
120340
114288
96967
111047
107576
111690
99558
109536
121611
120319
110023
91840
93280
112032
116868
101674
109503
105766
92547
117498
105065
113251
111262
96437
111767
116536
109184
107876
107523
98825
107346
94883
97193
100974
95384
95989
90319
95787
101461
105050
116035
111203
105334
106788
104164
99592
90477
121094
100451
115350
121629
105582
120651
101377
121078
106516
111423
108779
114785
114387
109187
119323
97374
112569
114623
98347
90475
103002
101631
103040
100521
105833
104445
90752
91706
113545
113571
104190
106221
94816
117452
117753
90397
94189
118859
90759
115926
96796
102446
101644
96058
97432
110148
93103
111907
108769
105948
118031
121098
89246
114384
91953
98344
115252
117698
105662
101082
90007
97702
107115
97354
100193
100480
104632
97612
90145
120175
93661
99974
95733
105963
105473
95700
100955
117835
104366
103147
104004
116106
98946
116540
111210
98378
95783
101659
121316
101657
97157
121376
113399
95220
98869
100557
100912
101129
93241
99698
101295
109249
98795
115278
116422
90878
90676
112375
104387
103842
115454
93948
103433
105040
103916
93128
95334
118646
91464
89545
96672
113803
97597
96466
98129
108949
111942
92094
110837
118767
93670
107351
103746
100425
104090
110710
91064
104944
118796
100715
120952
102224
97929
112286
96857
111543
90293
121463
100153
106075
97917
111740
96913
93855
99406
90041
90700
105874
89732
118885
95706
100536
108838
120002
107392
104974
116688
105797
100338
110920
113136
102391
99363
111197
98101
92955
91484
89413
106565
97041
119692
119553
110511
92026
96735
93149
120608
121757
105873
115442
115929
101898
104197
105198
101728
93052
90385
98328
120182
92420
111260
117646
120906
115044
120428
93137
105964
106937
111929
104068
95748
100702
116230
116593
101060
90380
121009
110797
106523
101702
93896
98493
119596
98292
104094
106521
93694
101710
97438
118383
107381
100347
108256
114507
116609
92282
102138
105653
120725
99266
101913
103164
91995
103717
118608
117170
116134
106362
113711
93688
93608
92539
104344
111100
104549
104812
113358
91583
98919
111614
108751
101660
113075
98930
93156
104198
100349
107521
94582
104977
118040
118396
120867
113203
89520
98864
91153
105420
113211
111884
101762
100325
111149
112902
89513
107957
116587
90554
101821
93546
91651
109908
105547
112678
115738
95409
117968
102727
97830
91841
116103
109803
115549
119600
114560
108467
108140
100421
97522
95176
91757
116746
96722
104220
115731
104621
101028
106227
112424
95270
89490
93345
104506
105242
102843
114581
103057
102143
121037
106646
94820
96130
120534
102989
107340
96037
111703
109316
94968
111405
104091
97197
93219
103099
94790
92198
89539
96569
93233
119995
90755
98295
113781
117997
97396
94998
116678
100209
104703
103846
90883
93052
102687
94475
95498
97086
96717
111525
92881
116652
121019
90800
111027
119171
102724
90984
109575
97162
105891
106353
119799
94743
92260
116855
98448
109524
121369
98066
98581
92099
94030
90348
98969
117888
92863
115237
95180
101575
96200
103926
121622
111925
119068
117397
119522
100179
114618
105561
106557
99792
99869
107551
104351
103950
101299
107756
115720
121569
122001
122068
99407
109715
119141
89370
103095
119339
95148
109976
109252
90094
94757
114529
115021
89895
113029
94886
99025
107300
99692
111574
101391
94081
97688
95241
102608
119721
111449
98463
91400
90009
103236
97828
105501
103911
106284
100983
111239
114435
99406
117292
95641
98750
90572
91438
105886
91400
119645
112297
118312
106238
103490
111655
94373
120100
118396
118777
105779
111086
92732
121560
99766
95110
94619
108748
104231
120777
121995
97613
116015
100754
121101
98984
111604
95036
91045
118949
111667
105058
115723
116327
116111
92393
115236
113555
103208
100161
108336
117941
106096
109543
89925
116447
101434
99375
118524
95891
116756
105024
110954
89570
94679
121952
102994
103894
117116
108914
112792
89870
101681
100028
103673
107944
97708
90862
100602
97380
97472
100960
104990
119557
96814
110748
91484
93179
107197
111388
91856
120128
99725
96597
92593
92288
107432
103924
111747
104060
105946
101735
116110
98736
95427
91551
111502
109619
102186
90900
100012
113888
96916
104202
105901
106419
104981
107283
95082
99701
112487
120278
120960
99996
109113
99598
95560
93549
100809
116950
108554
93027
105653
97315
103277
114132
97039
108178
94514
99794
104111
111460
97570
120656
105933
104902
101445
115589
93135
121430
107605
90774
97375
95716
108402
106607
103617
115061
92183
119025
104291
113550
112973
118611
112054
116399
118559
109762
95293
93469
99149
111179
111844
102884
119365
113147
113554
111389
107598
107333
90369
106861
112391
91811
92110
118990
113424
101504
108492
108178
96775
101206
99230
92325
104630
119060
121989
111122
117130
97218
96374
102600
99143
99687
102000
110751
102395
91947
93452
112534
100401
96185
94038
112478
101990
100583
111579
120861
89793
100505
117251
106604
100094
108770
117153
97953
121516
119661
100553
96084
96152
93212
91106
105756
93833
108270
117755
112026
91181
95526
102243
110521
114260
118186
102515
118579
110940
119977
89775
110936
115180
108160
91662
102155
102118
117215
108693
90125
96150
101671
112170
115582
94768
119575
120488
119200
108153
103080
105007
113375
106692
101941
115646
120846
110880
99807
115203
102388
117456
92464
109169
112135
96251
117759
92820
116343
112037
107155
107425
107374
117726
100619
91218
112535
95801
104956
111856
106973
94336
104541
108977
118389
113574
94368
94021
106782
110333
120098
99756
103591
108969
96709
105802
95154
96341
111323
117309
102073
115493
97095
98798
103246
104427
107998
104166
92327
91293
114196
108260
111961
95751
121812
110380
94820
118461
93871
113441
110448
92756
115769
90390
93270
114897
118192
98658
109538
106082
92383
97202
107480
107340
110658
118436
110132
98341
104043
120209
90038
115267
118948
104617
92062
115828
120022
90950
105653
104431
93866
103546
121740
96651
110573
122346
104968
108335
114745
91360
119838
108938
118738
96667
112092
91652
111054
121066
108201
101620
90489
109561
104909
112659
95991
113258
116788
118065
118571
98983
112494
96550
92888
109687
111099
120588
116998
100816
103622
104363
114856
104941
103919
113973
105851
115359
92365
114484
99377
111592
90932
109248
90575
108998
100339
103157
92756
98381
105121
91556
92827
118264
106650
96329
94594
96321
95044
90429
103500
95855
116631
94509
119364
112304
118492
90315
121763
121191
119988
100035
114612
112327
97885
109041
116278
90785
102193
115665
96258
107130
120431
116535
105198
100833
109118
114496
107760
110848
103407
121480
92807
113008
102787
112285
101462
103762
102509
98228
92178
115867
99737
112795
102559
97455
116396
114415
102774
93746
100494
89999
98634
105754
108326
102224
108523
98057
105060
105459
113514
119771
113797
92500
96382
93306
116114
102115
104998
119802
106538
92504
95376
102114
97154
95395
112442
91335
114346
98850
105047
92192
114962
106263
97140
110677
93260
114521
109915
96793
109331
98378
98104
107002
117133
104456
114426
109878
109261
115944
113404
120017
96156
119072
100069
116452
109177
97987
100301
102968
105694
94195
101281
94227
96709
89938
94152
90194
113003
113849
105222
117688
100948
98861
118433
106630
117647
120078
103107
105804
97339
116626
115232
114174
115786
118386
96472
98122
96901
114403
92831
93225
117712
92360
91163
108981
92080
106790
97165
95546
120330
119000
111796
116879
121390
121732
105455
104615
100115
94925
105633
90723
92388
109002
104153
96682
92092
122039
96307
118460
116655
114923
121849
105923
92681
110858
95886
113836
111578
100732
118797
97076
114098
108830
102957
117062
110761
92727
93544
104324
95394
108461
121180
108068
103377
107129
111729
112125
96123
121688
100028
118753
90621
111811
93219
103982
117264
94498
92610
119968
97099
90429
111246
115305
106474
120563
106296
109188
104397
110638
122197
93766
114884
101910
104891
103990
103433
101509
109102
91422
113934
101819
96828
106850
101753
93780
114533
100497
94829
111991
112767
106810
118540
103759
97369
122625
90170
118719
105375
118001
101795
119633
104957
111124
117759
107632
98951
91201
95381
91864
105305
113974
112125
105290
97402
91623
98859
91524
101895
93205
105897
93808
110989
120353
111652
112284
105142
108835
103978
93418
105256
103735
99378
105865
91562
113687
109277
118051
101512
116207
111739
119896
114489
112748
103377
102252
101184
115734
93210
112188
107600
97249
113227
94327
96179
109310
107419
96778
102125
113911
101699
93148
99740
93179
90498
97468
104098
108919
108005
118424
99462
95462
116421
105455
90392
103657
113681
121224
96340
91802
93006
106597
90761
112413
92891
95219
98747
121721
100986
112771
93765
96934
115980
93693
104130
114152
98204
99027
104238
121691
113055
119605
101193
110286
103034
108676
90172
120020
116805
118024
92543
97305
103375
100325
113914
90355
99810
103755
105067
108345
117192
93934
90631
99928
94477
96438
122468
97187
109703
91575
91542
95979
104084
92515
103833
111952
94883
100606
110575
114262
99830
106835
120969
112444
93606
95398
113643
98441
103911
120041
90252
119271
112269
114227
108411
116788
96463
95597
114760
104919
109131
98127
103458
91472
106827
99211
93245
118291
112199
94279
120695
121751
95915
94673
103226
118442
95449
103054
97188
90375
121202
104244
116453
107306
104914
92985
102377
93283
96217
110988
95288
102698
110321
118146
117018
119730
94796
96275
109566
115393
106606
111942
94748
96958
118764
114154
113498
97548
104819
110983
109676
102806
115467
107668
103488
91819
110749
122602
98457
90893
114099
122489
99834
122436
91264
94778
114373
111416
120352
98660
116132
90367
92193
119523
110376
110068
97089
92422
116400
98569
114553
116088
103053
91486
96571
108913
90979
93202
109561
108077
94930
122969
118246
102814
120150
98766
92416
111454
115564
112907
118094
114151
97783
96887
112742
92166
119265
117600
103987
113293
98053
105802
114421
91721
99917
95110
120457
112179
107287
100102
110827
94698
95198
121967
122873
115809
103958
98416
118394
96981
112983
122451
101470
110595
93630
91345
110663
112535
110993
93483
94793
122343
98849
104566
91118
118753
95221
104246
92542
114498
103972
102191
120957
104202
107779
103288
122740
119852
118784
90833
105205
120457
104142
122934
97241
114207
98755
96693
90828
108670
113022
94588
103692
90748
115148
113974
93805
90666
121805
94104
95393
105735
119634
122934
110518
102003
113546
99740
93152
98918
122590
112026
116857
96353
91673
114655
112710
111269
96972
104137
120572
116132
92401
96892
112642
113589
99278
121394
103033
106763
119324
122834
93818
101352
116073
121283
112542
95502
98491
96002
121028
95351
94838
100722
115982
112197
116095
115316
102957
113660
93602
105912
100319
114159
119601
93779
116917
114936
90606
115217
96282
111724
98091
102156
98705
109646
109360
122749
91454
101315
119261
94163
109992
111558
102033
94978
94909
100893
91978
94494
101911
93324
115469
95272
91261
91208
106376
96040
92333
109998
117238
117627
113496
92213
106307
92271
101487
98978
104304
121101
106909
112507
106554
113718
108053
110013
101110
101106
108429
102865
102848
104708
91274
113341
112596
99266
118751
110488
100668
99107
93552
106816
97708
119066
93244
109647
98986
105250
106907
96074
94449
111130
117187
98588
94488
93268
110993
111555
103279
93673
109959
102218
106282
117583
98833
98551
122049
113197
106764
113349
122774
115821
123016
106260
103129
110995
102093
103584
101800
105038
100253
120496
94843
121421
110265
103824
122304
119892
95143
97088
108482
113807
115377
92270
97743
122150
100145
97698
104090
100625
107276
115897
99806
110894
98173
102036
95044
118673
105236
121105
112775
105755
112894
119098
109270
116046
103814
116157
103290
101471
115676
105885
105400
105357
104725
108326
110585
92082
116852
119590
106024
91672
103656
110682
95068
99213
113621
113447
122039
102842
97559
120202
102286
106160
91205
97106
97481
92868
112434
99981
119693
94365
110010
104512
104217
111499
120507
96603
117742
116762
118369
100331
98355
117480
108967
99474
111447
113075
113434
119860
123128
90806
103648
100852
111364
122422
93178
118111
106270
116312
114886
94438
95043
106805
94408
117906
103853
110896
103849
110835
97271
106376
120192
99930
105859
111913
100433
93256
91417
103880
120531
93477
91600
110894
112247
105013
120626
122580
91813
107465
105627
120753
119625
115122
121826
98896
98446
98299
91963
116005
91113
115672
97884
119585
118362
105689
109279
108164
117743
112227
113640
105971
105609
97633
107783
94154
109026
118327
115808
92083
106191
114423
119817
107128
99267
121304
101043
113685
99477
121828
110477
107538
115587
117744
107877
101391
122230
97745
110864
107681
99208
120269
98061
105564
118211
122960
109669
103729
109355
102880
120533
99323
103167
115539
96303
110164
121661
114240
102654
113325
120932
93619
91753
99998
109181
100133
120666
112506
121692
114603
101599
112935
111140
123245
100816
106284
122889
120154
122290
105484
92762
95514
98011
99027
95678
112964
102359
100078
120510
104402
103435
110143
101251
108242
120728
108913
99041
120670
102018
99977
119957
122061
93970
94654
118475
103467
117624
96395
97508
98279
93877
99074
101237
109516
114872
96099
109971
101682
95687
113645
91982
111478
118049
101108
123259
122023
107234
118068
109239
115330
121126
93797
100776
111521
121969
122896
115846
117999
116559
114336
98778
91999
92471
117948
108166
101854
111797
112852
120070
102278
121033
123130
94709
98836
100746
100596
119251
116892
113678
112271
95237
94843
121230
108598
93981
99982
110022
104898
94812
102049
103579
117652
98421
96042
109312
98273
116628
104248
100122
123470
113311
95398
113570
101821
118716
104596
109196
107622
100371
100375
92902
110121
107733
111920
116226
110882
109949
97275
102359
112767
109398
98345
122533
114062
114237
97968
91608
108314
93864
92097
96303
119544
123111
120059
95517
122333
118186
110558
107888
105843
91076
105602
117552
98475
96046
97417
92362
117332
106831
106066
99181
121325
112250
93295
91317
95927
111801
110938
106375
119055
102345
115555
121916
110075
97893
109805
110593
94467
109768
107738
99197
96322
96365
92996
117941
97980
104729
122478
106541
96498
121627
121850
122192
106420
118482
115292
96786
105783
102769
108174
111060
102503
103167
102917
105352
121470
97698
122085
92949
92886
107036
96369
123389
97531
101782
114117
111421
97541
109725
103623
122485
99877
106346
100187
116296
110461
107366
103638
99846
105269
112109
121270
117384
97227
119890
122768
111196
99242
97572
108873
96547
94975
120496
118665
94774
112584
106183
115053
104080
119853
116674
97660
109032
98068
91842
120541
113437
111344
120637
105159
99287
106201
112566
109112
93036
110050
107467
121834
110848
104615
118645
113283
98545
111909
92044
94987
96626
96463
121737
100260
123509
123102
95376
105077
105679
111848
122286
91368
101526
120756
98655
110357
99022
105037
122963
121726
92741
116053
116081
121596
113596
117916
97053
105721
97607
123121
91574
118752
119031
119864
108387
99794
120501
99261
110864
102811
91505
113864
91315
110564
122749
118642
109780
118953
108083
115638
109900
103662
94430
91339
94541
119982
101080
104113
113314
114965
113903
109067
120376
95983
91661
107052
104926
103775
100121
106868
94025
109780
116248
94173
102491
105017
109720
118737
120997
107116
107854
103743
118826
123378
97534
111341
119653
91369
92827
111120
97422
97085
123568
116762
111130
105759
113150
98003
97921
95155
121702
107179
103747
121353
103690
93006
108845
92751
114864
103034
96216
92997
117607
118029
110196
111089
122988
121443
101315
117651
113486
105950
123752
99291
91473
95942
91746
105306
123408
117332
120020
115255
102247
95241
97543
109347
113808
102468
109489
117390
113804
120084
94584
103963
96197
93515
123314
120914
114929
100820
110191
93334
94521
105798
116153
96086
102299
95672
119834
93831
100237
108760
118879
99921
111331
99895
95388
120328
113394
99303
116848
117087
103670
121160
106634
111064
105905
113695
112492
101503
104533
95208
115567
118744
103588
112494
110088
120342
98390
100504
118857
112525
92091
98950
121003
108906
108961
118236
114186
111778
107128
110430
123889
121128
103092
91326
119832
94563
115827
115633
110891
92639
111712
118600
116429
106819
115159
112510
121565
99459
109130
96014
107512
113494
119779
99207
100671
96491
109418
115617
102234
115927
104810
114642
104125
118867
119439
114973
118569
109476
100179
119339
99446
94170
112345
120476
108689
110781
108825
109727
114369
117509
119870
101568
101422
123593
110924
105474
111011
108090
115718
123950
103059
108689
121359
108138
109914
92486
116047
113677
116934
121731
103832
96690
105174
98776
103818
116876
117953
94768
102068
92665
98362
120324
104699
104793
113139
113358
96576
98336
120160
116417
119613
110634
91581
107959
111280
104527
108626
115307
110524
108344
93174
106472
111244
102512
102866
91969
105017
92094
101223
97667
117486
100019
96723
112104
91978
94335
119375
95309
112901
108553
109565
119782
101591
109630
105185
108081
99733
102056
113708
122408
109214
120899
120769
113595
111989
110733
113394
117629
123567
96989
110730
102046
117264
122357
113169
122649
98801
92634
93771
123950
102884
118756
106754
109331
96411
123153
112645
112615
116998
116382
119153
107239
107196
108761
106287
103908
100764
112689
105406
114165
123060
117903
97331
99689
101474
102121
99198
109055
98232
123156
105198
99162
112933
96217
119800
101807
94802
121676
112436
101569
100171
115033
99496
121615
121055
95904
117065
112971
110153
117123
93631
111119
121360
109436
107113
91596
108075
97460
117921
119555
117609
112082
121153
93879
96272
123921
104549
106786
108996
109462
99955
96935
122539
115712
108121
111880
123343
107328
119062
120025
112324
117419
106108
98100
92298
92749
117556
120751
114612
118401
114690
96907
107466
117695
106058
91950
109549
105652
95700
93907
107193
91800
100300
97153
98672
120764
113421
115513
108116
103522
107935
113524
117332
91602
118653
123085
96747
122794
103068
108282
103750
94070
113706
107776
105381
100992
119571
119207
116227
93674
108490
123948
111865
107769
102726
109879
112096
117172
97099
97292
123702
111534
109034
123909
107586
100640
120395
95808
118779
91706
100522
115605
96039
102075
119712
113355
104896
122304
119972
112395
117659
92121
105937
119444
101452
99170
93418
119217
120388
109329
119707
113128
108860
93899
111873
92533
103383
91836
113773
115447
98434
122022
110949
115048
117151
106361
117996
100434
121060
111909
95236
115776
120317
122540
97136
94067
108665
107131
121022
118487
119011
119034
124037
113462
122159
112482
102892
101034
97369
95439
114539
110168
95560
107926
99542
120923
99576
121048
107159
114175
92120
99415
95802
117296
103025
92809
104496
119858
122185
108267
100044
110226
108551
119960
98962
107100
112599
99098
98225
109198
120080
93568
118990
99277
93205
108464
93955
123991
111993
112127
99112
94265
108902
115455
103505
114114
115263
92056
98199
97847
119428
112987
105756
106184
94710
103186
112201
95683
116220
117660
110938
118792
108870
118520
103965
94909
95920
118175
118774
124226
97129
95767
119079
104295
119892
93381
97102
112605
113326
95747
94511
118507
99314
99954
112052
94562
121081
109969
113714
106451
92262
102031
118254
108031
104513
121694
92384
102031
96994
99849
97207
98054
101137
105543
107293
102387
95083
98640
117819
95595
124168
96751
123008
101302
115034
114393
122526
105545
105304
100669
99542
93940
119772
118172
94326
97117
120138
104667
120480
118445
111219
115607
113228
96649
109753
94136
115600
105028
124275
99401
105504
120659
114323
105351
95505
122369
110214
104247
104930
112996
101211
118589
111804
103823
102696
101995
108537
115465
108457
119191
106724
102014
109355
97520
116671
114869
113832
97170
110859
121538
122164
97623
95235
123517
120983
116464
100970
119602
115516
116789
122246
99994
102218
93370
107629
109066
97552
121507
96127
103403
92838
103353
113972
101738
116433
109757
119832
124016
109352
102140
106003
121301
123253
96291
119022
114641
120926
109653
110611
122035
117573
102011
103316
124373
106860
103131
122991
108239
116829
114669
120337
108779
101769
110953
120088
93913
113455
119205
99165
104612
97407
113950
94514
99301
118016
99412
107496
113719
96047
114652
108949
118762
124521
109232
104979
122108
118794
112329
108876
92740
96215
118768
110261
123121
103321
114897
116249
113203
102923
93777
93592
111928
116982
122145
115951
108890
118427
112019
119290
116887
98897
113069
93815
124481
100463
123261
115468
103926
114028
102827
95116
112339
123973
106581
122998
114405
103455
105494
106942
121568
108846
100712
106192
112148
113877
100909
92115
97948
92431
107400
111658
96729
121613
103921
109121
113951
96545
97161
119942
122541
106458
106666
92085
111331
113265
117443
114265
92591
113251
123235
109968
106569
111200
109971
104206
113440
104548
107369
121956
105492
95012
92634
104322
100581
95915
103632
113787
120299
119877
116092
100489
108808
115100
107758
123473
92380
97057
93411
102248
109623
116141
94942
123669
114132
111464
92538
117337
100420
110571
117758
121132
97832
104353
108594
113930
119459
122483
113265
112814
103951
100772
102400
101662
101103
98553
107422
95207
116517
97054
108636
102058
95590
100677
95919
94167
117482
99856
118724
106681
99688
93105
92947
116915
99649
120144
98871
121289
120828
110508
118525
124513
116466
122118
110523
99403
114250
118843
124387
123136
106536
123696
107223
92967
120866
93298
120575
111966
115444
120862
96026
95798
114292
116735
109521
117119
95688
98039
106386
104135
114134
105376
122523
114973
103932
124466
97621
99355
106753
112040
96484
107043
109132
110622
99836
116712
101204
92798
115190
117040
99672
109403
96803
105177
123728
120093
97632
110106
96291
113503
109546
102668
118042
124821
113012
96361
103573
102642
120183
104083
111869
117641
110026
123864
98297
111282
98162
113652
92645
103087
108987
95447
120192
120207
96136
119465
116708
112467
103143
97548
104636
99664
120552
121249
94897
93396
95152
94157
112677
105740
104649
113085
106532
114725
104892
100007
106391
102322
114914
119379
94907
100430
115831
112091
121554
98434
102896
120239
123929
108265
123790
94427
116729
109457
119860
95629
114561
104613
124278
114385
121364
106057
109554
122784
109663
120262
103907
106265
93070
114663
98291
100878
116928
98979
101457
114114
106680
109051
94212
118769
119765
94246
109183
96273
121412
119020
121717
122328
92276
93264
109294
110846
112586
97393
96155
93764
116631
123570
114534
95669
109127
102425
95822
120364
111323
118005
114546
94742
104089
107460
113771
123257
120577
95059
124639
111926
100356
93223
108627
98187
116337
97564
107585
116187
94896
95052
92267
114610
99250
119090
96110
100100
99880
106768
123290
105909
105459
116365
122881
93278
102364
103331
107982
106063
119174
107704
121817
98000
93600
116747
96888
113581
120415
95314
95639
110833
102444
103074
93963
106993
104090
106382
123683
99212
101786
124819
99200
113586
103154
123572
111655
96803
115691
95073
122581
102009
117578
101533
102547
122729
101250
99168
103817
124742
112936
102202
100119
121286
96679
114234
98338
120585
121397
122894
93100
118743
111366
109675
106920
98090
117439
108720
116236
105708
118317
102598
106023
110081
94263
116554
118837
103816
116241
102638
114993
117598
111539
106268
99562
121828
97418
110045
103513
103683
117869
112890
114226
99437
117970
101473
99769
109349
105026
111561
123863
100929
110090
101785
106093
93423
102452
99590
109032
103350
124341
112508
117014
107774
110312
100672
122680
100051
117307
93523
108632
99814
102185
124057
117724
93652
103784
96314
97628
95915
97379
111433
106417
109483
116458
122788
106062
110409
106280
100891
94420
98426
104150
102868
97504
107821
112559
116461
117287
122393
96292
121956
113862
116666
125008
110900
117203
101526
109358
111809
121400
101573
102410
92790
118721
106160
122933
118957
122995
118041
111869
110287
113696
112220
92636
102076
110648
94452
98032
124269
114146
104768
98219
110296
120395
93319
115148
98579
110910
103739
102542
121533
94710
101498
104479
110746
101936
111834
107859
97917
109444
103014
101786
122731
124660
115684
119600
94461
113350
106842
121235
99846
95887
107472
114234
93302
97681
96854
108932
117374
114502
94281
109551
120565
106045
100563
97162
94459
112933
95153
107949
121564
117288
114489
100583
105527
102522
93083
109368
118623
96305
115559
114816
122369
95319
105807
95544
94471
114493
92975
119136
104381
95507
113226
116664
92722
113846
100566
116019
109282
94921
103612
119977
109457
101127
100249
109260
96634
105431
107528
110173
103593
116769
120867
118944
112294
97121
121159
117261
93267
109562
109848
102216
100119
104396
115653
102995
108860
110344
100238
107523
94614
106819
99715
100784
100966
114890
103310
105265
106365
110646
104371
97543
98213
101952
119959
117465
93500
103382
122687
116257
123426
120942
107035
122148
117462
110746
102723
106023
97499
121564
95232
92896
93281
93884
124814
98347
124193
115225
98080
108030
117385
112829
107813
105375
107289
111156
106954
103444
94989
100829
92864
120540
109116
122177
106559
121052
108864
101540
121675
123292
106967
109018
110902
102579
120457
117084
102502
120704
97675
92571
121432
113435
117476
124052
122597
94859
124366
106405
105668
111930
118111
93599
93009
118182
94312
120604
94604
115800
97438
113939
101989
112410
108791
100777
103991
110693
98135
123722
100754
103193
125292
103929
108861
93808
99542
108260
101243
118325
98956
116284
104078
121649
103803
103235
99450
122855
111728
124583
119819
99713
111415
104206
117529
122121
96005
93170
93707
100572
117267
111279
102554
105052
103052
109018
123864
96230
94377
112341
107888
122628
100378
104864
119855
120547
96425
103154
101827
108295
117274
110729
96707
108093
118613
111550
124400
95697
115911
116316
96187
97538
110085
94642
104199
112819
112306
101351
95791
111459
105124
102286
121675
112991
121154
102778
102063
105782
112688
116948
103093
106606
121135
122218
100541
119925
124734
94282
124785
100314
106245
103056
124494
103357
112244
106108
115296
105861
124840
108232
114764
106705
107278
94264
102292
120240
109770
108914
94999
116500
108890
120080
119511
109956
122230
104948
105215
123410
107835
93659
101413
97677
124553
118325
123084
96247
98986
97077
93229
121913
101172
125220
103991
123926
114224
121850
121044
102494
101755
123183
107118
102756
111981
105423
115122
103345
108217
104141
114323
115962
116628
102809
115858
107856
118810
97012
98877
96407
116205
101892
106998
93241
121631
116131
114678
115996
111698
104957
98706
109009
121373
113754
111036
122126
121266
116024
100044
97374
121022
100509
95617
104215
106641
99499
111938
110988
124031
106101
121258
100485
116614
106769
107844
108780
124209
111343
96659
110537
123323
111976
100438
116337
116088
115354
109065
110329
108401
114036
97711
95473
93006
108557
112079
104015
104058
111674
112317
112810
98433
115295
125466
114345
123581
115333
93086
119226
101169
109485
94997
111623
112309
97636
106408
93862
120404
98200
100446
110607
115698
111786
112099
93908
109105
111044
125319
107660
107414
119149
120201
111888
120040
95323
109206
120299
100057
115848
106125
100875
99049
110216
118917
99773
112518
99609
110097
102104
124792
99068
114115
109879
125052
106243
94958
114541
111919
124524
93872
116661
120366
119149
119344
99624
124540
116240
99877
109875
112420
113985
105368
121159
120351
114213
109034
97490
97399
107438
118296
96111
108461
122989
110398
104281
123481
111783
109658
106534
98320
101034
104275
108978
118922
93537
106810
93017
101892
118055
121807
116585
101092
100057
95303
109270
123548
123183
101196
103728
111056
95308
118342
122067
104891
110483
112089
99166
103119
94653
101806
110182
119451
124712
108919
104555
116978
107122
92973
101898
96330
107335
97948
117621
109922
114551
93730
118305
121384
107084
95412
93886
104409
120346
110881
120684
103530
101399
106139
109100
93991
104045
95859
93076
116890
116878
122660
99784
100782
111048
101523
96165
108052
124441
112021
99391
122342
117060
98994
95886
115338
102436
121385
118116
99034
93249
109875
123810
115329
103841
109196
125100
98472
108257
96816
113946
119251
98180
124514
100273
94469
106634
103923
104081
93227
112452
113601
123055
94135
117352
122750
113542
95628
114017
107443
104714
121626
105960
109828
123358
107210
94168
102069
114630
124060
125758
122989
93279
111118
123056
123194
120846
94529
112609
117718
113974
95063
113778
114729
95150
117279
109834
124430
104562
106740
114856
109914
122264
105698
103992
118555
104070
100363
115301
95261
119907
117833
94127
107699
108235
98581
115901
124339
120007
102568
99572
108227
107004
112735
106312
124371
95266
125028
106322
109547
93368
116363
111779
116519
117494
120954
115801
124416
109060
104717
112880
96204
94057
97529
99418
95880
97734
109231
100433
97750
98244
125315
121068
119618
122699
101389
101744
115657
113909
121295
103273
96924
97218
113689
112634
111905
111885
111146
121714
96315
108734
118936
99103
109259
97730
118770
114023
113015
124600
93859
101396
108458
98029
109081
116976
111067
95115
103207
112786
124179
118029
115112
114551
118697
93430
109414
93525
110416
103363
123450
119467
114773
99102
97652
119965
102945
102484
111228
94975
99589
113417
123066
111792
120119
105515
103604
110121
120599
114980
116342
120405
116919
116564
120631
105892
122011
117694
102969
97115
123325
99073
111857
124206
109780
101771
115304
124176
108246
121865
108001
115018
107708
112673
125116
125642
93317
116068
98202
107966
101245
102014
94914
106594
123327
94896
124356
93206
100089
100225
115292
101556
93295
115376
101016
102944
122947
98412
103997
94241
120307
113095
114536
100463
104483
98153
115313
105229
116637
101505
120084
102616
117654
99842
112851
119905
104243
113163
117910
109816
125003
95142
123285
118793
123759
112310
120695
105644
110887
96299
115643
111991
98431
108152
108632
93334
103106
104007
97696
112158
111750
108395
103274
103583
116712
112150
101744
111609
115737
109644
98038
108144
118298
116631
125357
96258
118467
124669
107478
101367
109066
95535
125354
96443
97154
115459
105978
120297
97314
124452
97811
110760
95560
94216
117988
105018
124157
102691
112995
99538
112507
97371
99372
123558
113133
106171
108651
113478
109173
98155
101373
109356
100723
121824
96978
98708
102405
119888
94614
94350
94154
113769
97168
99153
114668
123970
108490
118482
113501
93586
121202
102549
111712
98592
96128
110531
123212
96378
114585
119934
124556
118762
114739
100721
115179
95398
114171
105387
97039
115527
100467
109741
113986
117372
98784
109249
114297
108032
122467
107406
104334
99785
122470
107754
94673
112003
100409
106479
110015
112700
107773
98897
124689
117857
99522
96750
96761
125929
118252
104103
93608
105680
121819
114287
124947
107975
94411
108449
102135
97066
114424
118167
96794
96306
101638
103288
105173
112748
96673
100689
113871
107881
107105
100200
99339
101559
111088
103373
101413
119313
104814
116273
101592
102867
96532
105979
108484
116657
97304
97945
115566
118183
109521
116244
104329
116531
97820
111080
118388
117955
107262
99858
122883
125801
120203
109162
100738
117974
111622
111155
100087
105350
123721
98801
94632
96056
98663
100218
124893
101793
109457
112720
123367
109409
105270
117294
120929
121142
106094
121313
106422
121200
94105
95321
105700
104869
110659
112128
112511
126117
101196
95307
109816
106672
115269
107918
108831
116199
109084
97044
116711
112897
121596
123247
124009
116287
104303
121613
121132
96418
110278
125196
103844
125275
122554
95823
109816
107395
96339
96466
115209
94220
117769
113978
95407
105976
106794
102577
111685
105160
113787
113904
105321
94008
113186
101021
112893
95273
114371
114136
125553
119775
115690
114961
109381
109420
99241
94748
97737
122988
116610
116103
119080
98035
106118
111659
100516
111556
114367
108289
100387
112324
103884
120119
125419
113070
117963
116867
115114
110343
115580
97208
102585
97621
116386
116631
118689
94860
99757
102887
110815
101321
101271
94920
98532
124226
114444
115780
116576
124541
110029
118823
101824
97985
108374
102416
93941
99787
125631
111561
119928
103617
125920
123348
99467
125804
95160
124486
124353
112033
106512
115673
105408
115968
99931
121660
123206
103138
97761
105645
115562
106124
120092
96202
107045
97193
95842
97700
104976
107767
114629
125206
113519
124736
102968
98645
111215
96396
121843
101063
115884
102293
107032
113177
116726
102267
118166
122252
95829
105401
114509
110735
115530
108632
94068
101779
104024
121442
105528
94747
102083
117914
117670
100626
111768
101482
107723
110434
113389
123677
123930
108226
112490
114510
93966
125647
94985
119456
117520
121951
112665
112560
97178
112402
115081
111688
101277
99626
110435
125910
116256
99740
107671
103964
123434
112742
94714
101928
108003
99620
94862
118151
115958
110558
97540
108470
97849
102437
102015
121305
113808
114270
103067
115375
114447
109405
126126
120518
101470
120374
108110
107755
111970
103503
124691
98021
109337
106426
104861
105059
109510
122818
123353
114226
101199
106436
116865
118707
121571
108609
114658
119949
111583
93744
124386
113823
109043
117913
108353
100409
108673
97375
108575
106123
114501
114270
103871
125021
107067
125877
116106
99073
123069
122981
116055
106374
104428
95260
114921
123439
107602
95563
123065
120355
104134
121470
99830
117094
94351
105965
100299
107784
125644
96078
120288
103837
118035
124910
107555
104429
104280
118016
99272
114156
99088
126005
101774
114668
106391
110221
98629
110097
101839
97644
97933
120325
106251
95728
113376
110830
121643
124546
121043
126365
111112
117419
115864
125704
121874
112937
113096
112379
110135
96323
120415
124170
124167
109657
122633
119242
109334
119999
104604
108097
122530
101068
121573
110490
121462
112429
114855
122653
116238
110975
104673
99935
110844
97822
97616
107446
97675
106039
111157
119536
122529
108069
111448
112197
126186
101882
102989
125833
104242
94299
100854
123303
94739
109458
125769
107082
109265
104670
116563
123869
106882
118285
96893
96182
126578
105805
97551
125070
120517
116544
105714
122165
95326
103246
99514
103299
103680
115263
111588
100242
103603
102153
117851
105258
112490
111078
121153
119165
116194
104874
94957
94997
94669
118612
123952
110090
116016
112611
111837
99960
106762
108651
114056
109360
102198
98407
108685
98990
125842
114257
99413
99404
108641
115312
117460
111029
111086
111602
98902
115867
111987
113722
121724
124077
118584
101499
94337
96707
123903
123270
100802
126556
108960
96736
101246
95819
107249
111128
94426
109997
103144
113495
96296
107550
109316
106553
124008
108589
96488
101339
96271
124685
120650
100150
101640
111757
124427
106667
126457
102217
118183
111070
120007
111906
119248
112584
111196
121837
96086
94472
107432
123496
115018
112250
112613
101746
117091
115211
125984
107899
112544
120780
98293
100409
122159
99653
100250
98972
95886
125707
122655
100101
121072
115861
123635
103347
102114
107083
102827
122237
108590
100832
97023
103111
114944
94434
106517
117423
99399
116111
108803
95367
109918
96747
103311
121736
117996
115983
114488
103108
120073
102084
96891
122205
110754
112976
95567
124661
125470
114064
113906
122981
107841
118087
107751
119986
94289
94134
115008
117309
110712
117869
120345
99385
109930
104544
122981
96354
98375
121149
105453
117996
125379
94973
109205
94906
119684
111546
114913
110545
98508
119232
97209
110092
111191
102374
115561
123409
115079
97311
122860
122499
95934
97356
107114
124794
106251
105812
116735
121392
107786
120951
96702
113917
110853
115423
101878
101253
103519
121720
126643
103216
99379
125698
117128
95194
124728
109157
126092
104652
113384
107332
95395
114155
119777
98004
110847
120112
97675
112367
122854
122968
113915
122212
108725
103133
113431
126354
96037
118820
104955
121909
105421
121336
113052
121215
120296
115511
110507
96619
109145
96971
95933
112206
109548
99036
104616
98734
104671
108612
120880
120664
94625
118340
105955
100013
126169
107125
109633
108093
126122
118017
122656
124311
121141
94482
96847
110942
99424
102795
117626
122272
96982
110071
107341
117348
124496
109502
125404
112258
124178
122783
119363
111800
96952
117594
94601
95993
97842
123821
113867
123912
108814
94850
111254
109382
109557
125287
111508
117449
126073
112702
118379
113581
118798
97334
99042
112815
112725
105210
114758
119543
103585
106024
107276
117046
109748
123652
112055
120049
100553
94830
112892
123421
105176
103697
112420
124139
101653
96222
124595
115173
121273
95417
106567
97338
102406
119665
125890
106070
125573
104182
125099
102582
105107
109254
103890
119547
126235
99497
113715
117565
109733
102046
98589
106401
124048
126229
123796
118318
125339
95582
108787
95964
117675
125026
97494
101358
103624
116113
116790
121986
96616
117275
99286
109927
122352
94307
100830
119854
120184
99249
109254
100484
97742
105510
100726
122815
122046
104182
98988
108214
107153
122577
107421
101846
95700
104610
95199
121714
109659
100476
104070
104539
103813
115409
99982
125617
113088
97766
94841
103160
111440
104323
97080
114542
99405
107247
121423
108956
101867
103196
111413
111148
101631
120094
103417
126714
114622
126689
125227
122734
104647
95772
125178
113416
107364
95105
113050
101948
97548
99895
120553
104833
100397
121737
97105
108197
113705
118496
102384
116835
112286
116206
124918
112695
94699
105773
117583
116337
115952
112776
103555
102537
102421
101463
124378
94642
113549
111249
113091
123313
125660
122941
119414
112112
100758
118570
117977
96462
103786
126944
121504
117562
117088
96214
124857
99456
101983
106470
110311
99426
120050
108285
98733
125803
113739
126231
116589
109952
109193
113259
96209
111288
113206
100066
103530
96878
106772
120270
124311
95380
95257
96729
97961
99657
126136
120123
118084
124590
103266
125489
112648
122102
95053
118698
102513
94397
113524
122435
121852
107419
94431
108917
112780
119544
103972
104717
122891
113954
125998
112349
102228
122012
110653
99506
119889
101818
97070
126598
100192
111210
108029
109814
95228
116821
120712
109558
95385
107815
106389
117187
99791
118058
115479
98841
103611
104474
105901
121255
101539
104501
113772
105920
124888
96145
103902
117843
116705
114610
99146
112669
121045
114524
122678
113949
99337
98982
126251
104776
112107
102736
126648
114047
113454
124758
100793
109246
96552
121797
123866
110486
99704
125390
104278
104925
123115
102425
124165
110756
121249
113244
116629
100969
120939
125227
117783
103310
105848
101394
119742
121098
110641
115169
107236
125791
99937
95047
123214
126412
108185
97186
126897
107971
117203
119830
112245
106141
114773
95452
119224
112013
105944
123101
114326
106962
127210
102272
126376
118065
100753
108736
122570
102563
103217
116609
109090
108875
99759
112164
105054
96682
111063
121177
113724
125718
126203
113972
100176
99176
106461
96388
99330
99062
113872
121440
103126
106177
123161
103938
112880
109295
107931
123097
103895
117115
123572
112345
124537
127275
125794
112918
113007
123074
99242
121489
112771
119415
103994
118609
109423
99239
126285
94646
104424
124103
94927
102923
107227
99740
113601
123994
104183
102830
123616
98436
111723
127226
95873
108688
110065
123111
97728
117060
96011
104827
121049
125170
116620
119503
98518
96405
96347
114368
125547
113437
105844
117480
102430
112390
98607
114381
124842
124463
124101
100951
116390
104426
109072
120968
96866
112975
117394
113255
104210
96215
114617
97853
115246
94758
114785
100100
97304
125735
96155
112669
109824
111454
104621
117057
96517
113786
95322
104122
106396
101162
95075
115155
125494
97074
105037
112013
126493
100798
96869
123795
107935
104950
111618
118128
107631
124882
126474
110080
125768
105776
124599
120612
106195
113956
98715
104378
107979
121231
95970
114125
94815
116467
100312
100616
96984
115333
122027
106865
107899
114308
126833
124500
109489
116938
108652
108924
112741
114593
102285
109225
116142
116951
112440
124735
97710
114453
115783
102972
107194
100716
112465
116844
115386
102705
121644
120032
113107
117259
97456
104860
116804
98378
118718
127120
114574
123258
107905
104650
101080
95032
120820
99305
104081
126021
102053
104405
121687
107481
114872
112813
102424
101178
104494
110337
116599
124300
105064
114242
97393
111083
113126
98166
119360
97207
111957
119856
101247
99631
124873
99776
97424
98370
126535
124071
97595
117153
116358
97358
105879
121369
117494
110327
107054
123424
110594
118259
101212
115630
124562
98837
109560
122446
100309
104552
103222
123252
110141
100125
118220
104721
122827
114375
115284
125029
126348
105419
109810
124692
126052
101393
97846
119933
109322
113920
106820
120135
117076
124330
126258
110396
119989
98627
116145
96091
101892
101848
110320
124456
113790
107325
121021
116295
111119
95816
124142
110921
124109
105532
126207
102086
115141
107144
101116
100780
105723
118450
125345
126934
123564
105102
106433
110561
126422
114867
121572
125243
108539
126255
105780
115324
120353
124538
103066
96762
112413
115369
114980
124055
120593
97508
104618
118494
113716
98074
107953
95311
118993
95219
125839
98550
110227
95495
109008
119107
110335
125261
102617
123925
124226
108502
109003
111384
124205
111291
95658
124241
97150
106068
100287
102391
113505
96426
106298
96645
99638
116015
99356
103181
125589
123053
109396
105423
103311
123261
124456
107274
100663
116729
106711
121874
100706
103219
95357
96419
116650
101864
102454
97653
114617
124847
114054
115984
97476
126582
99321
107746
96853
97327
110598
125071
98894
126151
115001
104328
109611
110680
99218
112863
123271
118175
120872
100698
101345
125104
127249
120774
118689
106984
99462
97165
96342
123172
113475
104843
96834
123184
122413
109342
109848
102275
100151
97148
107524
103465
121222
102218
116460
103936
99540
109162
102646
102183
104466
124948
104522
116148
124753
104744
115481
113829
100578
122050
118238
110874
110012
108303
100067
96193
121119
109152
123655
118417
113527
120445
118720
95931
111747
123452
124508
109277
114870
103250
124044
116089
120286
112744
101922
109479
127747
100722
121882
118790
124818
123452
105687
123384
103867
101189
125360
97551
111639
99537
103851
126146
119438
100410
96648
120933
108152
111495
114946
125784
123394
103231
105809
118142
105171
97920
98547
98288
99312
96587
116908
127475
98013
102690
95692
123432
116742
124885
122288
122883
115293
123033
127627
98686
108099
107354
100711
106767
104364
125522
115046
112599
124798
118235
127054
108572
99387
98945
112708
101369
122336
114012
109272
121940
114957
111261
105794
99345
126309
123494
102891
111493
125752
108511
121648
100398
124000
114310
121698
122017
99432
111046
99857
120003
107508
125644
99978
96828
115548
118934
110494
97577
104603
110156
104613
126225
111720
119764
101315
97819
98978
107681
108906
110206
109041
100555
124192
122936
102059
95333
114563
113411
97524
96523
123274
125573
114218
103866
97549
101575
105856
112868
104072
124136
106472
108740
105500
108051
127799
116208
126422
125614
120963
121901
113460
109524
101840
95622
121317
118022
97004
123808
96721
102429
107928
127816
121433
99715
110824
97870
124128
117923
125933
118678
118922
112798
111505
101740
111427
109888
109505
106008
107524
116786
103378
113330
119377
109169
113181
107576
112391
95742
119533
110302
115284
119768
112284
104357
109319
103975
117496
120879
115466
117434
105451
126162
95532
119219
124764
114923
118820
117889
106576
111989
115411
96527
109909
95706
126410
118075
124448
102152
110092
124554
103541
97480
115989
107034
97351
106827
115227
127192
110369
121606
102547
113650
110276
109761
118775
126352
107282
109546
121031
127423
108330
108846
103118
115629
127445
116555
98470
121628
122145
95263
107646
101905
102731
96261
107035
113356
120546
102242
115229
118269
119850
115323
113284
96565
113087
126858
122994
109979
107130
113424
108338
110304
109208
121452
102522
119413
98841
126125
127469
114427
97895
120229
111588
114683
126776
118590
126318
98775
113333
107794
98710
117248
99548
118325
106980
98154
124451
121173
121382
104253
95582
122630
100719
113102
108770
126551
126049
111565
119531
108457
105640
100288
113979
96705
108999
111535
108548
111899
110359
98081
110600
125313
101132
124232
122879
115165
105403
126841
127289
119372
107673
103391
98180
101491
115078
126063
111696
118294
101130
121374
109841
114150
118750
125010
106725
125595
100270
99479
100727
122947
123677
122516
119587
108506
105738
99389
120923
124186
127249
101962
109641
99988
121685
127207
96437
113664
99709
115885
127786
108242
99581
105425
109908
96526
118423
112539
115885
95836
99105
111130
111961
101215
96648
126999
119885
126787
109077
126791
111799
99221
122607
115908
97434
124504
118242
122814
126137
125525
98142
124014
106423
125362
108227
111436
115836
108230
118747
127106
120795
110380
99752
106400
106865
95510
120417
108433
96208
103140
121015
119502
102365
126198
104028
106449
121718
107966
98246
95693
113496
104473
118065
102812
100416
117727
127203
114425
112465
104632
97971
111087
105910
125746
109772
103569
104328
122897
119215
105708
103922
109031
99191
114490
120979
95460
113761
118873
120355
113902
108683
109691
104538
117236
98556
112158
102157
116352
104421
115007
106139
107660
96806
114378
126343
115863
117268
113750
111974
103160
112506
101391
105212
102257
112862
108787
119202
127751
125445
109378
101866
124945
111545
123183
101254
100496
106697
122844
109158
104126
99410
106629
124705
107498
120125
97788
111254
104834
123657
108117
126163
120946
116682
120034
100150
123564
113522
125026
102865
115464
109648
108917
112659
108367
114902
120147
127141
123026
108191
114878
124051
114113
119473
108341
119212
128121
104191
96875
125995
101404
110898
116215
99223
98087
112296
97101
126695
100032
98749
113133
99306
115855
99402
124890
105958
114383
107372
110158
96128
123557
98439
110252
121819
98480
119690
99254
127748
96225
113268
123648
109966
98957
107031
127652
103289
121280
109595
108344
96857
107221
112199
114173
124595
121667
124668
108377
105643
112314
123650
95624
107484
107375
102536
107406
115336
125108
101221
116848
111601
103371
110244
101027
105990
108284
120640
124869
100930
114405
115756
107659
124370
107026
112534
96507
118006
126669
114029
117979
107945
121655
113441
104553
118148
113560
109738
113996
122592
115444
111307
125899
119099
111071
120472
124989
96477
124817
108086
115904
108986
100669
102114
123694
98715
111519
104500
119629
105849
125653
124069
123206
114217
113775
105296
125017
106559
116681
106229
114126
101164
106649
112195
116783
121769
114628
100695
104116
101721
95862
104576
101631
100265
104305
102469
96009
111100
117413
106153
104797
103173
114433
109997
102788
98163
110218
108311
105152
105428
125098
107890
101117
112051
120522
112214
105476
112644
110371
102889
120050
114371
117200
125862
108520
101847
117800
114781
104453
126780
106060
116091
97169
113761
122620
122252
110203
104143
117167
112126
116998
103436
115426
127528
110271
123071
97968
100235
100786
106260
128419
110423
99805
99426
105418
102705
123109
96780
101899
101171
107016
116133
108987
113460
101971
97367
115308
109898
109845
116101
125446
119694
127123
110767
98074
109343
120573
107158
128370
111210
104353
105889
101613
103592
110687
125312
125578
110247
124765
122383
116674
118990
103676
120189
109595
123484
117258
100781
124154
117232
108089
123100
110520
114510
127695
126341
117241
125536
120224
107905
121913
127867
110649
103539
127656
125156
98143
101731
96312
105875
118456
106409
124916
124214
103623
119565
108691
119161
101150
126764
116301
119941
120526
119326
98029
126150
103715
105045
119848
114162
106638
108488
104493
113479
106979
112721
108669
116500
115140
107348
117501
125818
101981
96418
123209
102516
125267
99997
124492
119573
102902
101276
125454
123409
106430
104081
98252
99199
98549
121577
119374
108509
119217
97203
119413
110165
106245
102917
111636
114238
125560
127643
109824
121318
98742
95938
109163
102031
97926
117876
127085
124343
99068
102853
120804
97181
99824
114558
106110
122624
115631
108295
97556
106026
108271
100234
96314
107821
114185
97877
106260
119149
102498
120448
109675
122462
124970
97232
114175
102287
123978
103644
103967
113640
124567
100462
105336
106032
111180
127532
101163
102097
118455
117368
102690
101088
98866
116116
113315
109656
96597
110090
96037
96166
126570
114251
105315
107115
124193
114070
105136
112509
118406
123931
125578
113711
108847
117345
115825
113362
127418
124901
113146
120443
96119
124164
118559
117767
125281
115738
102105
99421
110419
108012
118257
105459
123768
109891
102418
99220
98308
116186
115492
106080
103713
119418
115925
98580
105260
99940
124536
112267
111906
126447
123667
109957
96085
125554
97203
111528
99940
107876
110083
106948
107113
114370
112925
105819
127604
113329
124064
103265
107577
127589
114179
118848
111621
101441
114729
121119
127223
114496
104757
125540
102764
124307
98975
114551
125883
107148
122760
100297
108323
106426
103754
109846
96513
107862
119380
118503
115270
102877
112437
104282
106793
128255
103926
118053
117529
119224
113581
116441
115446
117693
96335
107364
114560
115737
121030
125914
120336
108824
116547
98933
114054
97636
99798
99034
114050
121454
112444
96157
105943
127503
125432
100616
109116
119664
121253
100632
106053
128807
121482
98505
101778
120482
107375
107155
105543
103113
125359
116277
105403
126431
99215
119217
122741
105641
99534
111512
122452
111315
100733
119431
128013
110223
107281
103922
120539
124799
105399
125984
103793
124117
99303
127351
110900
122553
114236
105722
108711
126699
97667
103952
99878
111785
125202
104327
116440
126931
121691
99288
110047
120653
126656
102061
120785
110245
117929
106400
107116
122613
127700
119366
113797
104203
123629
112492
127554
112328
127071
113568
100745
100806
106601
120564
115384
103741
118900
125438
119191
97576
104100
125987
123531
115875
102573
118550
98316
126360
103656
113563
126040
113562
96678
101265
115561
106001
124612
107823
96549
99736
124287
105358
100310
108707
107146
112743
123609
97125
104030
119583
98714
122609
100306
104704
104128
117663
105707
109258
116644
96945
126453
111466
96264
119606
118482
121865
97798
106031
115347
115016
119366
116209
118085
118218
102516
107722
104461
105972
121841
108263
105336
119024
97481
115573
115724
125688
116966
102663
116003
109777
109955
96568
101881
99477
126179
118673
103683
97206
123970
118701
126338
116288
126476
116378
121689
120670
111693
125827
121115
106272
100200
109452
115817
120187
101645
126206
107643
128658
121701
101796
114428
119859
119951
106613
126747
123045
120400
110194
127711
104097
102918
98002
107194
107166
106718
109149
116578
110930
108615
97814
98780
100213
107175
127260
96729
116424
106572
111058
116294
99414
103589
101950
115743
103417
99250
113583
118660
109857
107449
115107
103182
117969
116539
101351
123235
96490
107302
124928
118024
116908
116044
127434
127607
120442
118548
111455
108658
98013
116847
97338
101014
102604
106254
111517
102963
119595
107987
109103
110939
99217
108677
110314
107577
111182
124871
125748
126116
106413
102731
117324
109556
97910
100419
126952
118549
114615
102936
98845
114906
117700
113503
117374
104083
117885
100617
127624
125665
126159
117209
122686
121545
110974
105500
126992
121096
118561
97172
107777
117670
106862
125877
126985
108494
108471
102932
112056
98269
109237
120092
114973
112569
126853
119554
110310
119652
105456
115964
103368
103377
110575
107182
123426
120310
112750
104933
119517
124962
106321
110216
120214
117137
113845
104140
117759
100414
101752
108454
103554
110840
111355
124294
108584
99768
106534
101698
118714
126514
104365
108880
111654
120490
122770
100153
118307
127241
118252
106826
96536
101424
103142
118925
109882
128396
123914
121592
107765
104682
126144
111075
127374
119437
108561
128192
115462
108414
100273
101382
124737
120868
101437
127086
115816
98580
111297
127586
119435
114218
121725
103858
120971
99289
101865
120202
127031
107199
114166
124065
103861
108925
128663
114098
116260
104645
101760
104496
127359
105909
115757
103734
115652
116323
96807
112829
100694
124089
119939
99089
111264
103299
97963
114310
113404
102854
125025
120166
128723
125011
107776
115759
101637
101789
118789
97275
106379
97224
105167
117056
124763
126210
124835
103097
116619
111126
103923
99492
105402
120638
123872
97326
116140
101177
100605
116524
114228
97438
126550
101387
109911
106864
108465
126474
118190
105714
102931
115110
106252
112573
113542
124246
109665
105999
129050
103033
125150
120934
116778
113293
125018
111182
127968
115873
128757
99191
98299
114445
119803
102154
122832
121184
103435
126269
100495
113306
126584
111398
117192
100252
96751
117964
102190
110044
105562
114052
126874
116317
111109
113275
109907
107743
110591
119695
101260
124755
116164
106083
105774
104849
115224
104370
127192
115021
114486
110307
114212
124487
121386
110558
129069
125635
96636
98079
125262
116793
124686
121864
113708
99405
115015
105852
103926
127489
100209
105641
108011
103210
116064
115237
118301
110113
107093
125245
117109
125882
120610
101770
127736
102778
118670
128709
102984
109572
97018
120539
119150
114133
102469
101956
114646
116273
116974
101009
99995
111709
120696
127813
111110
105231
105747
104678
111697
112675
123512
121428
99760
107663
104469
128089
99730
114841
123242
126848
98595
110664
126899
106539
99094
97304
126919
126176
118947
109041
102208
118500
112587
123482
122076
114955
103139
128491
100387
102606
107856
120576
115786
116126
112016
121781
119384
103032
100474
121870
128647
99770
106950
98421
122093
125749
126415
119914
110939
103555
112792
127350
126598
97178
103949
120416
108644
127906
106380
114340
120281
121860
109220
101921
122259
100804
122141
107794
125491
121616
115256
110655
117165
108825
116023
117109
121841
101409
111904
97331
120011
107989
112063
98982
120071
124382
115178
118487
106202
97459
107273
111652
125309
127153
98773
115949
104475
100717
128095
112783
120813
99657
109908
126358
125348
118085
110720
121902
104967
105240
110738
101595
110045
116096
96799
124778
115981
108246
102377
126504
129284
119269
121952
112977
113239
100604
105577
116427
111017
109378
124767
127508
108496
101450
129111
108666
112947
125415
105641
109962
120950
128066
125868
99274
123994
105513
109504
118187
120030
105386
100498
113337
115627
126177
97947
120085
119726
107278
106474
115493
113671
121322
103972
119178
96802
110396
99785
121170
126755
96935
112312
120431
126088
112582
108022
115304
128009
120443
124075
100175
110275
124291
125037
106227
122774
117582
110785
111190
120012
98574
124383
118114
105723
99343
119990
96983
99116
127302
126000
121992
103996
98092
106423
103367
114563
117197
119544
101918
109748
107803
111335
100928
102660
125321
106499
125246
98703
126677
101851
106494
127223
108837
97233
122090
101966
105558
125726
112101
101174
104849
128534
127619
101702
97055
126125
116345
118448
119422
105019
102482
111137
113844
104572
127076
118249
119011
119771
117763
111196
122142
107760
102644
126840
124283
107335
118052
105928
104809
103779
126618
126599
111428
107010
114603
100105
128551
108195
127853
109399
114178
120646
120430
97306
120300
101235
128933
117690
100538
121981
122280
118470
106448
129288
105504
109463
115767
119241
122234
109872
128496
99213
111840
105833
101768
107133
117864
100941
97261
117408
115595
96960
113792
104865
119256
120421
109931
128467
98793
99518
115253
116338
104599
100245
115860
98604
97386
103579
104322
110815
110931
127568
110738
121253
113822
105506
113541
122382
99618
127449
105496
117164
99259
128562
115233
107733
120826
123082
99290
112036
103706
100158
127613
119361
121654
123281
122129
108642
102586
110030
128387
106002
118808
128750
117752
110514
122300
99067
103522
126781
113217
126070
125521
100560
107749
125687
100109
127081
107066
102163
105953
105710
121631
128386
119481
128114
124911
112001
98032
118197
121848
102006
112739
109289
107823
104659
118474
102844
103457
97852
111432
107666
106541
97516
97856
123154
113649
113237
100203
108517
118274
108806
115751
127418
106976
99794
122898
120206
124201
110639
115672
115754
99596
123356
97865
105709
98305
100807
115631
98251
98231
118317
128862
98454
118606
129539
127884
106364
98759
121237
99171
109266
122041
117357
115541
126480
121669
98934
121776
119324
122187
119393
117106
119499
120542
124744
108894
126373
103414
118673
112975
126440
124005
116502
99277
113104
115725
102018
125406
99606
119631
119294
98078
101558
111559
123662
125970
114678
105782
117173
117434
129700
114367
127200
110949
111775
114775
127490
122825
117401
129143
115707
115283
115738
109075
119102
114620
113352
122576
112947
99549
116455
110962
114906
115396
103708
105619
112306
103175
100726
106907
118233
128600
103342
121836
111732
106842
104622
119901
125265
101300
103761
108778
103627
128355
122474
122026
125166
120404
107015
123905
117980
126002
101879
114966
120687
121469
114569
115847
122144
102620
123031
116316
103720
125876
103875
125754
104933
115449
107009
117209
116862
121668
123734
99512
115658
126246
101599
109584
106094
112317
115220
97286
127046
117636
128846
117540
121607
104047
113543
113930
115234
115256
118625
101729
113131
97267
109930
100113
127482
115689
124831
97204
106193
114851
97839
118602
108224
116805
103297
125998
103942
103454
106871
111433
106041
119420
103413
113797
107752
101061
126109
129924
107902
100291
119773
105619
125545
113728
113452
110041
123260
120275
128144
125140
102290
127481
123748
110599
124789
108903
109144
103660
100350
124319
129721
129584
107901
111810
125171
108063
107098
102309
125524
121182
105213
116262
122898
114136
125164
99777
119696
115194
123187
110174
116701
111651
119305
125293
115837
111190
99248
112437
97645
115251
114845
124521
113761
107813
108761
109053
126800
113884
119975
114999
98354
103422
100967
124425
121353
122649
101306
128414
114462
100829
114151
100147
119949
107656
110974
124200
100099
116129
118075
105559
109767
111593
106540
103844
100599
126095
106262
126421
103445
121251
119062
98213
110018
117965
110468
119827
105416
102975
113948
126208
129630
110568
104544
105977
98728
107754
101688
124754
115838
113999
125404
100212
117870
118263
105203
112247
112388
126165
119549
114676
112712
129372
114926
126740
108169
100659
104987
98541
127833
101680
129882
102671
112089
115332
124261
111705
109111
115763
120960
112146
117364
118984
119644
109365
124011
104518
112954
118795
119055
108129
123731
123903
110836
113902
123256
128943
119313
111257
110070
123199
107204
109014
121020
117490
120342
111642
126400
102395
105793
111946
105118
121744
105071
105332
120706
114241
127173
114365
104265
109960
103840
97690
115427
106913
116510
125251
99324
116123
117729
104037
107227
126384
122895
124439
129930
116690
127901
121616
118327
129670
105934
118551
126682
108021
125430
105658
104472
129856
123268
102723
124263
122389
128831
113384
112756
115840
112592
124738
101826
116995
123777
124417
99475
107240
120132
123869
105995
129238
121591
127440
128915
115107
123622
101506
99452
108393
107154
112645
101092
106716
105137
99266
124894
111834
105589
101043
122573
105540
111633
115667
129041
112141
105594
112339
111334
98704
106602
125199
102024
103207
101547
104128
110236
112377
104338
101491
106187
112147
123338
111802
129456
127419
128082
110113
128756
116992
122825
97635
107703
130198
123114
110558
118834
99553
110163
98885
123291
101968
119690
122773
110409
102380
113985
117834
101401
110641
121561
102866
103696
125980
129318
114242
98882
111749
113266
117832
98034
128431
118724
100192
118010
113950
120674
98379
112494
127400
99476
107966
104572
119247
128171
120151
128662
109646
120130
129236
130260
100082
114628
99207
119443
108459
126510
123909
104035
111587
109846
114207
98336
121358
110317
98579
126558
113027
107649
110083
123658
130186
114373
123557
111439
121014
97749
130109
126647
125301
127285
124616
115091
104677
118105
126074
120476
101097
129643
104811
130010
114301
98376
100238
102085
121158
127948
108258
127915
119149
117071
120300
105553
125358
110703
122468
123357
111532
122128
109103
112115
101512
123298
115853
126751
116657
97955
129940
111731
130046
101220
112093
117873
108282
121871
118909
119595
105087
116969
104758
105384
125062
113365
112879
114826
115005
123162
107106
108526
128858
128101
121109
97940
106159
109330
107659
126528
129279
115367
99259
103263
107793
115361
128193
128494
115714
121972
124116
100760
100575
101581
121976
129310
124532
123418
113652
114940
118622
101452
105479
122186
113768
104923
108247
102112
126228
99851
130346
129981
104055
130159
130008
110250
128074
128427
128385
113178
127039
102781
111739
98901
119697
119295
121102
127701
112351
105510
124900
107248
107578
106895
105659
110008
106365
104315
120157
114976
100572
122648
108754
108640
101824
99074
98004
120218
105427
110089
113539
110269
100950
98101
119642
106922
126395
122631
121698
115605
117104
113154
125349
98222
103417
115818
121318
104705
115009
109388
117391
99227
116530
120510
124395
121071
118915
106856
117653
125816
102865
108867
110129
114079
128242
105889
129369
122846
102022
110190
103386
129574
102862
98485
102945
99454
112322
117861
126192
127726
116317
100182
102486
120987
115004
115079
120541
116275
119911
104106
115973
124811
102511
121058
104689
107655
104121
121035
98913
117051
110873
126651
104160
129359
100258
108871
120383
127656
125117
115977
119617
123716
120697
119201
119960
120422
119842
108538
98832
130292
103189
103887
127499
120093
103890
123501
109357
128318
121427
102586
126552
130567
103581
98934
122075
128986
108180
123073
118502
106355
117267
126429
126530
124366
106812
107574
125246
108357
106765
116383
119277
122362
100916
116191
130446
119668
123941
106348
129100
103821
110185
104822
123176
111243
113721
98343
115251
98445
126539
116778
112896
128041
114412
113258
99161
117331
119887
101660
115761
100736
101669
101887
103642
105996
113517
115170
112248
103897
98702
105832
128950
114490
99747
113416
107191
110351
126742
111191
100176
127537
123504
128138
128372
126480
126831
119350
113647
111770
107866
101979
98135
118623
115089
107169
130368
116211
109672
104673
102320
123796
112693
105959
99539
98317
120488
110967
106223
118746
112731
104333
118937
98189
101034
126697
100650
106097
116677
102603
107885
105580
118019
105980
120986
122666
109434
122125
106888
111223
124620
118243
106526
104429
104003
104052
122635
113104
105505
109771
124342
99638
124721
123474
108152
110443
127650
111696
105738
109203
129045
99761
110905
118161
100341
108038
111073
111400
130055
117196
130072
103520
129090
120817
107178
107052
126432
110740
108998
107081
119989
119053
109302
119657
102080
129325
128340
122001
109056
112070
130556
117696
128136
128110
111805
124881
104150
99457
102676
121250
108641
108901
125786
127094
127601
107026
128572
99736
120115
117201
126060
115522
99085
112195
116374
119484
99887
128678
101782
112072
115819
120916
105704
118590
128326
119948
125279
122612
114255
101237
106522
128224
125359
127072
111029
106369
125698
101198
105916
121210
108133
127922
103013
129665
110032
125048
111742
110455
125095
108869
107428
114136
121227
128257
102070
104022
128630
119187
126089
129729
116487
98539
109789
113450
113946
116550
128400
118344
129948
124589
114706
117019
98206
127935
125721
129486
122791
124849
103574
109026
103759
103315
118759
117641
99593
121045
101454
104016
112705
117513
114594
120577
130471
106218
108868
128712
123850
101022
115029
130452
115176
129848
108582
103360
115460
115585
109040
116467
108346
108536
109254
104005
110416
125975
102087
100771
124557
115928
127640
120948
114382
119928
116754
123772
111318
103291
109367
99841
123622
117488
99179
98861
122765
99318
115937
101556
104130
102527
124499
113591
104240
102740
122614
122087
105937
105818
114861
128749
106942
126483
115324
129546
119366
111975
118592
123898
113469
98469
126110
121631
99222
117957
101946
99547
129589
110576
108841
105278
124158
113730
105384
99809
116274
98254
113934
129553
101371
116194
109055
124464
122437
130445
106723
109657
130768
125279
98966
127043
126851
130160
117601
130152
119556
100515
104490
98918
113541
107052
101351
113317
121825
121936
108889
108346
118503
115564
128246
130571
125173
112697
127783
130612
116682
102478
120499
111786
103573
106471
127867
128030
109649
102628
117097
99365
107093
109333
113571
117653
119079
127412
116740
129586
126354
113203
119500
128394
118776
106553
121494
101661
124905
129767
108683
113089
101875
112479
118998
126021
108476
113799
104279
110421
119375
113674
101532
106653
100020
103584
128781
99634
126147
108944
121958
130349
118841
119667
114539
105113
125964
118330
124375
122767
98300
116850
113301
124831
124011
128967
106546
114802
102510
120519
116627
112046
116260
126953
122595
103450
121159
121294
109776
108547
115712
116934
125943
129758
130560
121238
129692
103470
117196
129401
111263
115112
126040
102244
130475
109205
99032
117390
129457
111225
125651
113200
115093
126706
127097
103049
110119
111842
112438
115494
107348
98512
102535
115296
114078
114316
111885
111142
127945
111634
103392
115197
98519
103345
109605
127556
109111
129389
107747
105661
112186
120737
104210
124489
108230
104169
114165
130547
101454
126270
98730
118064
99585
110691
102400
130405
113730
108417
128904
128682
130649
106510
129263
113614
111720
117234
98954
116635
122016
106221
100915
118619
119476
121139
112980
102043
130190
114010
106305
131118
110402
113526
122315
108661
122944
109443
99346
120030
128717
108803
101274
128171
119220
119271
109473
126709
120120
126131
128688
104944
103758
113118
128625
112496
126985
128119
113088
105132
109654
116239
100612
121666
127209
111058
111808
113020
108407
113399
111205
104402
106534
117339
129899
110000
100674
104296
123551
120697
102193
104508
119743
108491
112809
113927
110916
105989
119584
129717
115839
108038
99204
125134
127975
116024
118573
128666
111538
104654
110864
129928
124066
100681
102197
108240
103714
120641
107627
103000
120977
124258
111162
130261
108766
123829
102169
126770
99925
114720
124129
119093
117176
131121
111490
110944
122002
124951
125940
115733
117704
103153
112497
122366
125041
122956
114402
126380
125671
121574
99991
112766
117790
130232
111162
122565
117045
128052
115974
125733
116043
118476
111156
127295
130452
109747
119222
130956
115628
123367
101672
125068
111147
108655
121092
108321
102265
116705
118293
123445
119524
120360
128814
119715
131055
128388
108315
104021
117741
111570
125656
106410
115151
126734
125953
124954
120891
123670
120714
100124
110046
115889
105648
116295
122882
101839
104495
126904
110435
122643
130998
121781
124734
105102
106904
98703
113324
105422
117956
102349
101422
110871
128247
118662
119689
113136
124720
120591
103892
102113
107109
118743
107471
104060
108660
119694
103030
109466
121692
107661
106966
112871
113325
116082
99872
109985
103741
111626
116476
110492
99101
117621
108831
110218
113611
102788
120352
113785
105641
127846
112263
118685
127918
112004
111144
119120
123484
105129
117423
106071
126194
99942
115835
121959
100834
106165
119216
116967
116101
110812
127879
124152
118286
122260
99817
107187
129981
118891
108861
128945
108885
99943
130686
129233
127183
124908
125328
123701
106576
113119
118228
112270
129881
109068
129274
115866
105533
129733
110614
121323
100825
102860
103158
123881
120191
126580
117171
112666
120115
117506
110727
123041
118298
126297
128478
102917
107311
125655
122544
110132
121912
123770
107789
129224
104697
129095
107770
123016
115879
131308
117627
98866
105887
115876
130033
116856
124248
113243
122790
118088
117910
103443
119719
122960
126945
104838
125138
120514
129078
103948
109103
100436
111612
122304
105860
105868
113721
110046
111139
103226
129542
126064
102919
104262
106561
101162
100639
107179
126337
102802
128746
128196
117327
103012
130628
119751
104339
102452
124800
112271
115020
103765
125110
113566
125316
99066
116830
102754
114564
121755
101918
111543
120644
101530
112097
107182
103717
129831
104745
128652
98786
120929
98982
128278
105156
131261
106503
101388
127510
125612
116240
120052
111577
125048
113389
99864
123577
115055
129734
128210
123199
124484
109203
101639
105287
115890
109874
123378
123829
130658
102070
113699
121444
100111
113155
116935
126559
126440
109720
118313
118868
120374
105643
100729
125253
123710
116091
104909
108929
105321
118242
105573
115667
100002
130345
122419
108793
101376
111137
116378
120663
119461
118895
122743
119533
109030
104488
106078
121223
113836
105374
119590
108339
103449
116601
122791
122616
109935
110857
105666
125893
108334
106202
102562
126376
117117
130953
121410
100160
126411
115415
128559
106357
100790
116988
114832
125798
123180
121918
120931
119971
107472
125121
116745
102301
129439
124577
104197
128603
115411
109118
108801
129902
102151
102103
101905
117030
102301
110427
108604
123142
100701
106875
117305
118646
100702
124676
111478
116664
123178
100716
101727
113693
110109
103338
118236
116345
126990
122443
107291
128212
127794
123331
117905
118370
102716
99073
99643
107702
101833
101958
123690
99634
102908
119862
118846
122562
101221
105776
131122
110538
127528
124635
100312
118876
113243
106497
129446
109743
128175
120481
109426
99276
123475
101439
100730
130699
131093
107647
105127
111294
117963
106994
104979
124588
118513
107824
117192
108737
105875
123431
123595
102275
127086
130994
116313
112072
129874
103790
119920
116518
104650
113609
101265
110764
100351
123483
120261
117199
115162
123002
108254
100775
108905
128008
118783
105564
105348
107152
109662
126171
106928
110737
101193
128717
117827
107290
129895
128201
128969
130967
121665
114376
131495
114155
119552
126170
110590
106687
105336
102936
118994
124953
112230
107482
119916
102960
130038
123178
124668
106111
106889
118392
118147
100120
105908
104847
100848
123963
101772
129479
101001
126503
130849
123004
125069
119088
116040
101824
129560
100370
112798
122189
113478
110725
100809
122813
119451
101905
100609
103422
111779
110372
100048
120064
109269
125026
111125
118704
115133
105020
104271
103722
123483
128196
107800
105770
105158
110015
121328
117956
121364
122108
130876
120150
107390
127717
103822
131002
130240
130388
120359
112576
105407
110248
126395
125915
104302
121623
119924
103706
106482
122950
124729
129882
131589
109334
108079
100795
129432
118721
113792
116560
104380
124967
111964
116763
114626
109666
131646
109112
130977
129440
112241
127832
116633
113458
105426
123505
115990
125408
99543
100788
124119
103808
131024
115904
114767
109767
118637
122645
129612
128862
117889
130763
118486
128568
103685
108420
121434
106020
109664
125343
121864
106654
127206
102830
128889
112363
101022
125994
113045
107365
112456
127334
124084
122131
104350
126402
116739
104828
123355
129569
108074
108733
105850
120989
126763
120794
117824
100729
119181
118098
107644
109654
124603
103414
114830
131498
130727
116730
124838
106607
118450
105037
119758
111640
100304
106022
104747
120521
104423
103648
103039
121799
105081
109575
128755
106030
113795
123315
130324
108514
104357
131860
110363
115911
116866
129359
119921
120373
115818
120968
103538
129702
111159
124224
112242
122290
117364
99298
107261
115774
131781
116376
100963
108784
100482
101731
119924
130278
118438
126059
114057
123047
111336
117908
115908
125273
130599
129617
118680
116277
115723
104125
108171
121401
124394
106216
110394
106012
113896
130414
100254
122503
110435
121423
124559
109186
112014
105722
124294
99885
102747
119979
104359
112048
114079
129783
102911
111732
120945
115878
117002
109716
101586
128192
124792
131726
114580
124394
131632
117055
131956
114163
118166
111118
104586
130987
112649
118119
129763
126708
101808
110443
115820
129819
100727
117989
124433
107368
128852
107648
130087
100851
117711
100408
115207
108730
120001
105231
125180
122097
124764
120577
120416
113817
110443
110393
101633
125524
99291
107141
116170
121720
124027
119304
129951
115810
99584
127023
126600
106253
100684
105446
123410
131043
120560
130059
105202
109778
106479
110370
122860
109219
101061
123723
131571
111751
105383
109170
110482
119283
115469
122566
104330
130734
111982
109420
106173
104745
127050
101748
109898
101134
102510
123148
120570
122907
122228
118515
123611
114481
110217
110129
128554
129448
101491
110086
124534
107750
111826
121888
128771
127536
123557
121616
99693
112831
131089
122111
125325
124439
107870
112285
101536
116884
100675
106075
129958
124998
116323
125914
129289
123391
104983
125859
119167
129193
131182
105240
129073
119005
119154
123051
110109
101042
115629
103501
112825
110035
129004
125993
125913
105429
127555
106899
101074
130247
107601
123451
115936
121354
126149
123303
118981
121699
110625
106208
125875
121422
126655
111211
114540
114581
130065
112762
127912
122658
113452
109412
126647
116241
99464
115283
100711
110346
104705
108604
113192
102606
116258
106261
129902
129807
106403
123714
127319
112005
127536
123728
103054
120126
119661
106469
120943
113718
127798
116727
113260
112423
102955
124221
129199
109986
115052
109795
129536
104543
118689
116866
114922
111058
100158
109391
113689
103678
107013
116627
128519
114318
103884
112731
124888
107554
106112
111472
127874
120295
108906
120713
117040
122474
99761
109248
113641
119982
130592
122179
117100
119932
114730
107596
121183
119034
111659
115027
128937
128383
109297
100738
101917
100518
132219
131433
123224
99745
111616
123123
120044
122832
116020
103320
113342
107666
116422
100565
111020
126812
114221
125145
120691
123912
100516
131458
119248
107375
118131
130951
127718
126521
124273
116727
130272
125428
121799
99810
116951
113764
125942
114773
120054
127258
106780
101516
130524
122184
129651
110692
124737
128468
112922
117007
120797
117675
113432
117259
101509
107096
100254
125013
116376
120021
127116
116186
104857
130209
126263
127278
113693
102162
103017
101760
122856
124141
117674
112334
120147
122932
113086
128597
130545
107583
121455
121676
119409
103438
122253
101329
131014
101086
117554
123428
122758
131834
122698
125459
118672
106196
114259
119477
109810
116820
124770
108635
128522
121456
100199
125636
120811
100605
102833
119696
109313
129733
115125
123127
107257
117209
125451
129211
112091
122409
111801
112475
130681
120401
112820
114570
105997
127670
100516
105951
123166
112338
106216
103630
109475
111820
117466
124119
127083
112460
131924
124157
112572
114061
115315
130938
129339
130484
118426
124593
118027
123232
103610
104036
112697
110722
128977
128295
104536
122479
113073
109077
127592
109875
123139
129729
108797
105256
114827
116080
122269
118472
132014
125829
131433
128192
123953
114748
121087
115781
126275
118683
128928
105899
126910
102822
128398
128820
101290
122323
124344
101414
127747
111293
118425
131616
117179
108060
109150
129197
116483
102645
111175
112410
129991
117774
129359
126085
123511
102565
104975
112183
105485
119137
130016
122932
130636
106377
127808
103439
120645
127092
115063
125443
100896
120641
112506
102464
125209
100040
131087
130179
127177
110543
120114
121833
116903
102274
107703
111877
109774
115229
124978
127024
107777
110060
111636
113184
109804
105077
115222
128189
111020
116724
129755
109103
100498
105223
115408
112188
115492
110763
101976
104913
132197
126567
131366
109790
113495
123591
105705
107111
124605
100876
115503
103129
116261
117538
102019
131226
105510
114898
116441
101091
124391
107321
128301
115410
109536
124281
121446
120507
118757
121774
118144
100288
130144
130340
115946
105889
104670
104135
102189
117973
124877
131546
130767
115417
110979
111340
101751
117960
106627
111880
113233
117804
111356
124205
108468
126483
124307
131581
113667
120934
129890
123833
117201
115063
100161
127085
131912
107993
105028
106600
113867
102516
113541
108271
115418
108760
101667
103219
116534
130002
115338
130432
108870
111165
117749
103606
105914
109083
121650
106493
129390
108005
107941
116917
107409
99871
100240
114860
127750
114990
126098
104596
129802
101742
106861
121524
101144
127360
127756
114141
124425
110305
114372
132256
128128
113345
120794
122046
128645
112914
124485
119520
129136
110047
107190
110216
102153
121055
103382
117320
106221
126794
110798
113714
111412
108523
101645
123535
108368
118135
127301
108756
108600
117533
132535
104657
118983
124766
127409
101420
124254
106783
103509
102926
127697
123644
113307
122140
119937
131296
128666
118185
124357
111570
130051
125993
123535
100370
108014
124905
113484
127333
100825
126462
122891
129453
113645
126076
116450
114108
108676
103912
110989
109674
108265
112879
128601
113637
108894
114775
118849
100681
110180
126775
129622
104049
120630
109923
105060
104972
116631
129067
114386
103923
111309
117573
127946
108474
113134
103943
111514
116612
130906
102617
112218
125212
103305
100075
124111
111426
106247
124963
127632
115011
126396
112474
123751
107213
114545
108743
131066
101888
131472
132283
130475
128968
120363
107151
122300
